2026-03-17 22:05:16,820 - INFO - Iniciando extracción (Intento 1/3)...
2026-03-17 22:05:17,176 - INFO - Extracción exitosa.
2026-03-17 22:05:17,179 - INFO - Iniciando transformación de datos...
2026-03-17 22:05:17,187 - INFO - Transformación completada (5 registros procesados).
2026-03-17 22:05:17,188 - INFO - Iniciando carga en la base de datos crypto_data.db...
2026-03-17 22:05:17,192 - ERROR - Error crítico durante la carga en SQL: table prices has no column named symbol
2026-03-17 22:09:08,385 - INFO - Iniciando extracción (Intento 1/3)...
2026-03-17 22:09:08,859 - INFO - Extracción exitosa.
2026-03-17 22:09:08,861 - INFO - Iniciando transformación de datos...
2026-03-17 22:09:08,873 - INFO - Transformación completada (5 registros procesados).
2026-03-17 22:09:08,874 - INFO - Iniciando carga en la base de datos crypto_data.db...
2026-03-17 22:09:08,878 - INFO - Carga exitosa. Datos persistidos.
2026-03-18 04:12:47,009 - INFO - Iniciando extracción (Intento 1/3)...
2026-03-18 04:12:47,150 - INFO - Extracción exitosa.
2026-03-18 04:12:47,151 - INFO - Iniciando transformación de datos...
2026-03-18 04:12:47,154 - INFO - Transformación completada (5 registros procesados).
2026-03-18 04:12:47,155 - INFO - Iniciando carga en la base de datos crypto_data.db...
2026-03-18 04:12:47,162 - INFO - Carga exitosa. Datos persistidos.
2026-03-18 05:37:47,783 - INFO - Iniciando extracción (Intento 1/3)...
2026-03-18 05:37:48,009 - INFO - Extracción exitosa.
2026-03-18 05:37:48,010 - INFO - Iniciando transformación de datos...
2026-03-18 05:37:48,013 - INFO - Transformación completada (5 registros procesados).
2026-03-18 05:37:48,013 - INFO - Iniciando carga en la base de datos crypto_data.db...
2026-03-18 05:37:48,017 - INFO - Carga exitosa. Datos persistidos.
2026-03-18 07:11:29,980 - INFO - Iniciando extracción (Intento 1/3)...
2026-03-18 07:11:30,127 - INFO - Extracción exitosa.
2026-03-18 07:11:30,128 - INFO - Iniciando transformación de datos...
2026-03-18 07:11:30,131 - INFO - Transformación completada (5 registros procesados).
2026-03-18 07:11:30,131 - INFO - Iniciando carga en la base de datos crypto_data.db...
2026-03-18 07:11:30,136 - INFO - Carga exitosa. Datos persistidos.
2026-03-18 08:59:11,978 - INFO - Iniciando extracción (Intento 1/3)...
2026-03-18 08:59:12,183 - INFO - Extracción exitosa.
2026-03-18 08:59:12,184 - INFO - Iniciando transformación de datos...
2026-03-18 08:59:12,186 - INFO - Transformación completada (5 registros procesados).
2026-03-18 08:59:12,186 - INFO - Iniciando carga en la base de datos crypto_data.db...
2026-03-18 08:59:12,190 - INFO - Carga exitosa. Datos persistidos.
2026-03-18 10:06:32,677 - INFO - Iniciando extracción (Intento 1/3)...
2026-03-18 10:06:32,847 - INFO - Extracción exitosa.
2026-03-18 10:06:32,848 - INFO - Iniciando transformación de datos...
2026-03-18 10:06:32,852 - INFO - Transformación completada (5 registros procesados).
2026-03-18 10:06:32,852 - INFO - Iniciando carga en la base de datos crypto_data.db...
2026-03-18 10:06:32,858 - INFO - Carga exitosa. Datos persistidos.
2026-03-18 11:51:10,087 - INFO - Iniciando extracción (Intento 1/3)...
2026-03-18 11:51:10,260 - INFO - Extracción exitosa.
2026-03-18 11:51:10,262 - INFO - Iniciando transformación de datos...
2026-03-18 11:51:10,267 - INFO - Transformación completada (5 registros procesados).
2026-03-18 11:51:10,267 - INFO - Iniciando carga en la base de datos crypto_data.db...
2026-03-18 11:51:10,272 - INFO - Carga exitosa. Datos persistidos.
2026-03-18 13:28:01,272 - INFO - Iniciando extracción (Intento 1/3)...
2026-03-18 13:28:01,563 - INFO - Extracción exitosa.
2026-03-18 13:28:01,564 - INFO - Iniciando transformación de datos...
2026-03-18 13:28:01,567 - INFO - Transformación completada (5 registros procesados).
2026-03-18 13:28:01,568 - INFO - Iniciando carga en la base de datos crypto_data.db...
2026-03-18 13:28:01,572 - INFO - Carga exitosa. Datos persistidos.
2026-03-18 15:12:05,722 - INFO - Iniciando extracción (Intento 1/3)...
2026-03-18 15:12:05,871 - INFO - Extracción exitosa.
2026-03-18 15:12:05,872 - INFO - Iniciando transformación de datos...
2026-03-18 15:12:05,875 - INFO - Transformación completada (5 registros procesados).
2026-03-18 15:12:05,875 - INFO - Iniciando carga en la base de datos crypto_data.db...
2026-03-18 15:12:05,880 - INFO - Carga exitosa. Datos persistidos.
2026-03-18 17:10:27,463 - INFO - Iniciando extracción (Intento 1/3)...
2026-03-18 17:10:27,811 - INFO - Extracción exitosa.
2026-03-18 17:10:27,812 - INFO - Iniciando transformación de datos...
2026-03-18 17:10:27,815 - INFO - Transformación completada (5 registros procesados).
2026-03-18 17:10:27,815 - INFO - Iniciando carga en la base de datos crypto_data.db...
2026-03-18 17:10:27,821 - INFO - Carga exitosa. Datos persistidos.
2026-03-18 19:12:20,413 - INFO - Iniciando extracción (Intento 1/3)...
2026-03-18 19:12:20,571 - INFO - Extracción exitosa.
2026-03-18 19:12:20,572 - INFO - Iniciando transformación de datos...
2026-03-18 19:12:20,575 - INFO - Transformación completada (5 registros procesados).
2026-03-18 19:12:20,575 - INFO - Iniciando carga en la base de datos crypto_data.db...
2026-03-18 19:12:20,581 - INFO - Carga exitosa. Datos persistidos.
2026-03-18 20:47:28,263 - INFO - Iniciando extracción (Intento 1/3)...
2026-03-18 20:47:28,405 - INFO - Extracción exitosa.
2026-03-18 20:47:28,406 - INFO - Iniciando transformación de datos...
2026-03-18 20:47:28,410 - INFO - Transformación completada (5 registros procesados).
2026-03-18 20:47:28,410 - INFO - Iniciando carga en la base de datos crypto_data.db...
2026-03-18 20:47:28,415 - INFO - Carga exitosa. Datos persistidos.
2026-03-18 21:41:27,388 - INFO - Iniciando extracción (Intento 1/3)...
2026-03-18 21:41:27,632 - INFO - Extracción exitosa.
2026-03-18 21:41:27,634 - INFO - Iniciando transformación de datos...
2026-03-18 21:41:27,637 - INFO - Transformación completada (5 registros procesados).
2026-03-18 21:41:27,637 - INFO - Iniciando carga en la base de datos crypto_data.db...
2026-03-18 21:41:27,641 - INFO - Carga exitosa. Datos persistidos.
2026-03-18 22:38:32,880 - INFO - Iniciando extracción (Intento 1/3)...
2026-03-18 22:38:32,985 - INFO - Extracción exitosa.
2026-03-18 22:38:32,987 - INFO - Iniciando transformación de datos...
2026-03-18 22:38:32,990 - INFO - Transformación completada (5 registros procesados).
2026-03-18 22:38:32,990 - INFO - Iniciando carga en la base de datos crypto_data.db...
2026-03-18 22:38:32,995 - INFO - Carga exitosa. Datos persistidos.
2026-03-18 23:36:27,469 - INFO - Iniciando extracción (Intento 1/3)...
2026-03-18 23:36:27,818 - INFO - Extracción exitosa.
2026-03-18 23:36:27,820 - INFO - Iniciando transformación de datos...
2026-03-18 23:36:27,824 - INFO - Transformación completada (5 registros procesados).
2026-03-18 23:36:27,824 - INFO - Iniciando carga en la base de datos crypto_data.db...
2026-03-18 23:36:27,829 - INFO - Carga exitosa. Datos persistidos.
2026-03-19 02:49:31,188 - INFO - Iniciando extracción (Intento 1/3)...
2026-03-19 02:49:31,540 - INFO - Extracción exitosa.
2026-03-19 02:49:31,542 - INFO - Iniciando transformación de datos...
2026-03-19 02:49:31,545 - INFO - Transformación completada (5 registros procesados).
2026-03-19 02:49:31,545 - INFO - Iniciando carga en la base de datos crypto_data.db...
2026-03-19 02:49:31,549 - INFO - Carga exitosa. Datos persistidos.
2026-03-19 05:00:30,469 - INFO - Iniciando extracción (Intento 1/3)...
2026-03-19 05:00:30,664 - INFO - Extracción exitosa.
2026-03-19 05:00:30,665 - INFO - Iniciando transformación de datos...
2026-03-19 05:00:30,668 - INFO - Transformación completada (5 registros procesados).
2026-03-19 05:00:30,668 - INFO - Iniciando carga en la base de datos crypto_data.db...
2026-03-19 05:00:30,674 - INFO - Carga exitosa. Datos persistidos.
2026-03-19 07:06:38,670 - INFO - Iniciando extracción (Intento 1/3)...
2026-03-19 07:06:38,908 - INFO - Extracción exitosa.
2026-03-19 07:06:38,909 - INFO - Iniciando transformación de datos...
2026-03-19 07:06:38,912 - INFO - Transformación completada (5 registros procesados).
2026-03-19 07:06:38,913 - INFO - Iniciando carga en la base de datos crypto_data.db...
2026-03-19 07:06:38,919 - INFO - Carga exitosa. Datos persistidos.
2026-03-19 08:53:28,758 - INFO - Iniciando extracción (Intento 1/3)...
2026-03-19 08:53:28,936 - INFO - Extracción exitosa.
2026-03-19 08:53:28,937 - INFO - Iniciando transformación de datos...
2026-03-19 08:53:28,940 - INFO - Transformación completada (5 registros procesados).
2026-03-19 08:53:28,940 - INFO - Iniciando carga en la base de datos crypto_data.db...
2026-03-19 08:53:28,945 - INFO - Carga exitosa. Datos persistidos.
2026-03-19 09:54:28,060 - INFO - Iniciando extracción (Intento 1/3)...
2026-03-19 09:54:28,289 - INFO - Extracción exitosa.
2026-03-19 09:54:28,290 - INFO - Iniciando transformación de datos...
2026-03-19 09:54:28,293 - INFO - Transformación completada (5 registros procesados).
2026-03-19 09:54:28,293 - INFO - Iniciando carga en la base de datos crypto_data.db...
2026-03-19 09:54:28,297 - INFO - Carga exitosa. Datos persistidos.
2026-03-19 10:51:16,403 - INFO - Iniciando extracción (Intento 1/3)...
2026-03-19 10:51:16,558 - INFO - Extracción exitosa.
2026-03-19 10:51:16,559 - INFO - Iniciando transformación de datos...
2026-03-19 10:51:16,563 - INFO - Transformación completada (5 registros procesados).
2026-03-19 10:51:16,563 - INFO - Iniciando carga en la base de datos crypto_data.db...
2026-03-19 10:51:16,568 - INFO - Carga exitosa. Datos persistidos.
2026-03-19 11:41:03,641 - INFO - Iniciando extracción (Intento 1/3)...
2026-03-19 11:41:03,762 - INFO - Extracción exitosa.
2026-03-19 11:41:03,763 - INFO - Iniciando transformación de datos...
2026-03-19 11:41:03,766 - INFO - Transformación completada (5 registros procesados).
2026-03-19 11:41:03,766 - INFO - Iniciando carga en la base de datos crypto_data.db...
2026-03-19 11:41:03,771 - INFO - Carga exitosa. Datos persistidos.
2026-03-19 13:21:16,120 - INFO - Iniciando extracción (Intento 1/3)...
2026-03-19 13:21:16,326 - INFO - Extracción exitosa.
2026-03-19 13:21:16,328 - INFO - Iniciando transformación de datos...
2026-03-19 13:21:16,333 - INFO - Transformación completada (5 registros procesados).
2026-03-19 13:21:16,333 - INFO - Iniciando carga en la base de datos crypto_data.db...
2026-03-19 13:21:16,337 - INFO - Carga exitosa. Datos persistidos.
2026-03-19 14:55:47,230 - INFO - Iniciando extracción (Intento 1/3)...
2026-03-19 14:55:47,442 - INFO - Extracción exitosa.
2026-03-19 14:55:47,443 - INFO - Iniciando transformación de datos...
2026-03-19 14:55:47,446 - INFO - Transformación completada (5 registros procesados).
2026-03-19 14:55:47,446 - INFO - Iniciando carga en la base de datos crypto_data.db...
2026-03-19 14:55:47,450 - INFO - Carga exitosa. Datos persistidos.
2026-03-19 16:01:34,486 - INFO - Iniciando extracción (Intento 1/3)...
2026-03-19 16:01:34,994 - INFO - Extracción exitosa.
2026-03-19 16:01:34,995 - INFO - Iniciando transformación de datos...
2026-03-19 16:01:34,999 - INFO - Transformación completada (5 registros procesados).
2026-03-19 16:01:34,999 - INFO - Iniciando carga en la base de datos crypto_data.db...
2026-03-19 16:01:35,003 - INFO - Carga exitosa. Datos persistidos.
2026-03-19 17:55:02,822 - INFO - Iniciando extracción (Intento 1/3)...
2026-03-19 17:55:02,994 - INFO - Extracción exitosa.
2026-03-19 17:55:02,995 - INFO - Iniciando transformación de datos...
2026-03-19 17:55:02,998 - INFO - Transformación completada (5 registros procesados).
2026-03-19 17:55:02,998 - INFO - Iniciando carga en la base de datos crypto_data.db...
2026-03-19 17:55:03,002 - INFO - Carga exitosa. Datos persistidos.
2026-03-19 19:07:59,718 - INFO - Iniciando extracción (Intento 1/3)...
2026-03-19 19:07:59,926 - INFO - Extracción exitosa.
2026-03-19 19:07:59,927 - INFO - Iniciando transformación de datos...
2026-03-19 19:07:59,930 - INFO - Transformación completada (5 registros procesados).
2026-03-19 19:07:59,930 - INFO - Iniciando carga en la base de datos crypto_data.db...
2026-03-19 19:07:59,934 - INFO - Carga exitosa. Datos persistidos.
2026-03-19 20:48:54,821 - INFO - Iniciando extracción (Intento 1/3)...
2026-03-19 20:48:54,963 - INFO - Extracción exitosa.
2026-03-19 20:48:54,964 - INFO - Iniciando transformación de datos...
2026-03-19 20:48:54,967 - INFO - Transformación completada (5 registros procesados).
2026-03-19 20:48:54,967 - INFO - Iniciando carga en la base de datos crypto_data.db...
2026-03-19 20:48:54,971 - INFO - Carga exitosa. Datos persistidos.
2026-03-19 21:42:18,638 - INFO - Iniciando extracción (Intento 1/3)...
2026-03-19 21:42:18,848 - INFO - Extracción exitosa.
2026-03-19 21:42:18,849 - INFO - Iniciando transformación de datos...
2026-03-19 21:42:18,852 - INFO - Transformación completada (5 registros procesados).
2026-03-19 21:42:18,852 - INFO - Iniciando carga en la base de datos crypto_data.db...
2026-03-19 21:42:18,857 - INFO - Carga exitosa. Datos persistidos.
2026-03-19 22:36:19,461 - INFO - Iniciando extracción (Intento 1/3)...
2026-03-19 22:36:19,559 - INFO - Extracción exitosa.
2026-03-19 22:36:19,561 - INFO - Iniciando transformación de datos...
2026-03-19 22:36:19,564 - INFO - Transformación completada (5 registros procesados).
2026-03-19 22:36:19,564 - INFO - Iniciando carga en la base de datos crypto_data.db...
2026-03-19 22:36:19,568 - INFO - Carga exitosa. Datos persistidos.
2026-03-19 23:36:20,834 - INFO - Iniciando extracción (Intento 1/3)...
2026-03-19 23:36:21,015 - INFO - Extracción exitosa.
2026-03-19 23:36:21,017 - INFO - Iniciando transformación de datos...
2026-03-19 23:36:21,020 - INFO - Transformación completada (5 registros procesados).
2026-03-19 23:36:21,020 - INFO - Iniciando carga en la base de datos crypto_data.db...
2026-03-19 23:36:21,028 - INFO - Carga exitosa. Datos persistidos.
2026-03-20 02:40:09,648 - INFO - Iniciando extracción (Intento 1/3)...
2026-03-20 02:40:09,840 - INFO - Extracción exitosa.
2026-03-20 02:40:09,841 - INFO - Iniciando transformación de datos...
2026-03-20 02:40:09,844 - INFO - Transformación completada (5 registros procesados).
2026-03-20 02:40:09,844 - INFO - Iniciando carga en la base de datos crypto_data.db...
2026-03-20 02:40:09,849 - INFO - Carga exitosa. Datos persistidos.
2026-03-20 04:52:56,539 - INFO - Iniciando extracción (Intento 1/3)...
2026-03-20 04:52:56,759 - INFO - Extracción exitosa.
2026-03-20 04:52:56,761 - INFO - Iniciando transformación de datos...
2026-03-20 04:52:56,764 - INFO - Transformación completada (5 registros procesados).
2026-03-20 04:52:56,764 - INFO - Iniciando carga en la base de datos crypto_data.db...
2026-03-20 04:52:56,768 - INFO - Carga exitosa. Datos persistidos.
2026-03-20 05:57:34,170 - INFO - Iniciando extracción (Intento 1/3)...
2026-03-20 05:57:34,408 - INFO - Extracción exitosa.
2026-03-20 05:57:34,409 - INFO - Iniciando transformación de datos...
2026-03-20 05:57:34,412 - INFO - Transformación completada (5 registros procesados).
2026-03-20 05:57:34,412 - INFO - Iniciando carga en la base de datos crypto_data.db...
2026-03-20 05:57:34,417 - INFO - Carga exitosa. Datos persistidos.
2026-03-20 07:08:12,334 - INFO - Iniciando extracción (Intento 1/3)...
2026-03-20 07:08:12,529 - INFO - Extracción exitosa.
2026-03-20 07:08:12,530 - INFO - Iniciando transformación de datos...
2026-03-20 07:08:12,533 - INFO - Transformación completada (5 registros procesados).
2026-03-20 07:08:12,533 - INFO - Iniciando carga en la base de datos crypto_data.db...
2026-03-20 07:08:12,537 - INFO - Carga exitosa. Datos persistidos.
2026-03-20 08:51:51,577 - INFO - Iniciando extracción (Intento 1/3)...
2026-03-20 08:51:51,826 - INFO - Extracción exitosa.
2026-03-20 08:51:51,828 - INFO - Iniciando transformación de datos...
2026-03-20 08:51:51,831 - INFO - Transformación completada (5 registros procesados).
2026-03-20 08:51:51,831 - INFO - Iniciando carga en la base de datos crypto_data.db...
2026-03-20 08:51:51,836 - INFO - Carga exitosa. Datos persistidos.
2026-03-20 09:52:15,294 - INFO - Iniciando extracción (Intento 1/3)...
2026-03-20 09:52:15,440 - INFO - Extracción exitosa.
2026-03-20 09:52:15,441 - INFO - Iniciando transformación de datos...
2026-03-20 09:52:15,444 - INFO - Transformación completada (5 registros procesados).
2026-03-20 09:52:15,444 - INFO - Iniciando carga en la base de datos crypto_data.db...
2026-03-20 09:52:15,448 - INFO - Carga exitosa. Datos persistidos.
2026-03-20 10:48:08,084 - INFO - Iniciando extracción (Intento 1/3)...
2026-03-20 10:48:08,285 - INFO - Extracción exitosa.
2026-03-20 10:48:08,286 - INFO - Iniciando transformación de datos...
2026-03-20 10:48:08,290 - INFO - Transformación completada (5 registros procesados).
2026-03-20 10:48:08,290 - INFO - Iniciando carga en la base de datos crypto_data.db...
2026-03-20 10:48:08,294 - INFO - Carga exitosa. Datos persistidos.
2026-03-20 11:37:21,463 - INFO - Iniciando extracción (Intento 1/3)...
2026-03-20 11:37:21,601 - INFO - Extracción exitosa.
2026-03-20 11:37:21,603 - INFO - Iniciando transformación de datos...
2026-03-20 11:37:21,607 - INFO - Transformación completada (5 registros procesados).
2026-03-20 11:37:21,607 - INFO - Iniciando carga en la base de datos crypto_data.db...
2026-03-20 11:37:21,613 - INFO - Carga exitosa. Datos persistidos.
2026-03-20 13:14:35,892 - INFO - Iniciando extracción (Intento 1/3)...
2026-03-20 13:14:36,053 - INFO - Extracción exitosa.
2026-03-20 13:14:36,054 - INFO - Iniciando transformación de datos...
2026-03-20 13:14:36,057 - INFO - Transformación completada (5 registros procesados).
2026-03-20 13:14:36,057 - INFO - Iniciando carga en la base de datos crypto_data.db...
2026-03-20 13:14:36,062 - INFO - Carga exitosa. Datos persistidos.
2026-03-20 14:51:08,484 - INFO - Iniciando extracción (Intento 1/3)...
2026-03-20 14:51:08,682 - INFO - Extracción exitosa.
2026-03-20 14:51:08,683 - INFO - Iniciando transformación de datos...
2026-03-20 14:51:08,686 - INFO - Transformación completada (5 registros procesados).
2026-03-20 14:51:08,686 - INFO - Iniciando carga en la base de datos crypto_data.db...
2026-03-20 14:51:08,693 - INFO - Carga exitosa. Datos persistidos.
2026-03-20 15:51:15,907 - INFO - Iniciando extracción (Intento 1/3)...
2026-03-20 15:51:16,008 - INFO - Extracción exitosa.
2026-03-20 15:51:16,009 - INFO - Iniciando transformación de datos...
2026-03-20 15:51:16,012 - INFO - Transformación completada (5 registros procesados).
2026-03-20 15:51:16,012 - INFO - Iniciando carga en la base de datos crypto_data.db...
2026-03-20 15:51:16,017 - INFO - Carga exitosa. Datos persistidos.
2026-03-20 16:53:49,143 - INFO - Iniciando extracción (Intento 1/3)...
2026-03-20 16:53:49,384 - INFO - Extracción exitosa.
2026-03-20 16:53:49,386 - INFO - Iniciando transformación de datos...
2026-03-20 16:53:49,390 - INFO - Transformación completada (5 registros procesados).
2026-03-20 16:53:49,390 - INFO - Iniciando carga en la base de datos crypto_data.db...
2026-03-20 16:53:49,396 - INFO - Carga exitosa. Datos persistidos.
2026-03-20 17:40:32,583 - INFO - Iniciando extracción (Intento 1/3)...
2026-03-20 17:40:32,738 - INFO - Extracción exitosa.
2026-03-20 17:40:32,740 - INFO - Iniciando transformación de datos...
2026-03-20 17:40:32,744 - INFO - Transformación completada (5 registros procesados).
2026-03-20 17:40:32,745 - INFO - Iniciando carga en la base de datos crypto_data.db...
2026-03-20 17:40:32,750 - INFO - Carga exitosa. Datos persistidos.
2026-03-20 18:59:14,878 - INFO - Iniciando extracción (Intento 1/3)...
2026-03-20 18:59:15,068 - INFO - Extracción exitosa.
2026-03-20 18:59:15,069 - INFO - Iniciando transformación de datos...
2026-03-20 18:59:15,072 - INFO - Transformación completada (5 registros procesados).
2026-03-20 18:59:15,072 - INFO - Iniciando carga en la base de datos crypto_data.db...
2026-03-20 18:59:15,080 - INFO - Carga exitosa. Datos persistidos.
2026-03-20 19:43:00,400 - INFO - Iniciando extracción (Intento 1/3)...
2026-03-20 19:43:00,573 - INFO - Extracción exitosa.
2026-03-20 19:43:00,574 - INFO - Iniciando transformación de datos...
2026-03-20 19:43:00,579 - INFO - Transformación completada (5 registros procesados).
2026-03-20 19:43:00,579 - INFO - Iniciando carga en la base de datos crypto_data.db...
2026-03-20 19:43:00,587 - INFO - Carga exitosa. Datos persistidos.
2026-03-20 20:40:53,162 - INFO - Iniciando extracción (Intento 1/3)...
2026-03-20 20:40:53,319 - INFO - Extracción exitosa.
2026-03-20 20:40:53,320 - INFO - Iniciando transformación de datos...
2026-03-20 20:40:53,324 - INFO - Transformación completada (5 registros procesados).
2026-03-20 20:40:53,325 - INFO - Iniciando carga en la base de datos crypto_data.db...
2026-03-20 20:40:53,329 - INFO - Carga exitosa. Datos persistidos.
2026-03-20 21:37:01,524 - INFO - Iniciando extracción (Intento 1/3)...
2026-03-20 21:37:01,703 - INFO - Extracción exitosa.
2026-03-20 21:37:01,705 - INFO - Iniciando transformación de datos...
2026-03-20 21:37:01,708 - INFO - Transformación completada (5 registros procesados).
2026-03-20 21:37:01,708 - INFO - Iniciando carga en la base de datos crypto_data.db...
2026-03-20 21:37:01,713 - INFO - Carga exitosa. Datos persistidos.
2026-03-20 22:36:10,236 - INFO - Iniciando extracción (Intento 1/3)...
2026-03-20 22:36:10,372 - INFO - Extracción exitosa.
2026-03-20 22:36:10,373 - INFO - Iniciando transformación de datos...
2026-03-20 22:36:10,376 - INFO - Transformación completada (5 registros procesados).
2026-03-20 22:36:10,376 - INFO - Iniciando carga en la base de datos crypto_data.db...
2026-03-20 22:36:10,381 - INFO - Carga exitosa. Datos persistidos.
2026-03-20 23:35:53,150 - INFO - Iniciando extracción (Intento 1/3)...
2026-03-20 23:35:53,377 - INFO - Extracción exitosa.
2026-03-20 23:35:53,378 - INFO - Iniciando transformación de datos...
2026-03-20 23:35:53,381 - INFO - Transformación completada (5 registros procesados).
2026-03-20 23:35:53,381 - INFO - Iniciando carga en la base de datos crypto_data.db...
2026-03-20 23:35:53,386 - INFO - Carga exitosa. Datos persistidos.
2026-03-21 02:33:45,285 - INFO - Iniciando extracción (Intento 1/3)...
2026-03-21 02:33:45,456 - INFO - Extracción exitosa.
2026-03-21 02:33:45,457 - INFO - Iniciando transformación de datos...
2026-03-21 02:33:45,460 - INFO - Transformación completada (5 registros procesados).
2026-03-21 02:33:45,460 - INFO - Iniciando carga en la base de datos crypto_data.db...
2026-03-21 02:33:45,465 - INFO - Carga exitosa. Datos persistidos.
2026-03-21 04:42:40,771 - INFO - Iniciando extracción (Intento 1/3)...
2026-03-21 04:42:40,971 - INFO - Extracción exitosa.
2026-03-21 04:42:40,972 - INFO - Iniciando transformación de datos...
2026-03-21 04:42:40,975 - INFO - Transformación completada (5 registros procesados).
2026-03-21 04:42:40,975 - INFO - Iniciando carga en la base de datos crypto_data.db...
2026-03-21 04:42:40,981 - INFO - Carga exitosa. Datos persistidos.
2026-03-21 05:48:05,880 - INFO - Iniciando extracción (Intento 1/3)...
2026-03-21 05:48:06,070 - INFO - Extracción exitosa.
2026-03-21 05:48:06,071 - INFO - Iniciando transformación de datos...
2026-03-21 05:48:06,074 - INFO - Transformación completada (5 registros procesados).
2026-03-21 05:48:06,074 - INFO - Iniciando carga en la base de datos crypto_data.db...
2026-03-21 05:48:06,081 - INFO - Carga exitosa. Datos persistidos.
2026-03-21 06:55:18,932 - INFO - Iniciando extracción (Intento 1/3)...
2026-03-21 06:55:19,095 - INFO - Extracción exitosa.
2026-03-21 06:55:19,096 - INFO - Iniciando transformación de datos...
2026-03-21 06:55:19,099 - INFO - Transformación completada (5 registros procesados).
2026-03-21 06:55:19,099 - INFO - Iniciando carga en la base de datos crypto_data.db...
2026-03-21 06:55:19,104 - INFO - Carga exitosa. Datos persistidos.
2026-03-21 07:37:55,231 - INFO - Iniciando extracción (Intento 1/3)...
2026-03-21 07:37:55,424 - INFO - Extracción exitosa.
2026-03-21 07:37:55,426 - INFO - Iniciando transformación de datos...
2026-03-21 07:37:55,429 - INFO - Transformación completada (5 registros procesados).
2026-03-21 07:37:55,429 - INFO - Iniciando carga en la base de datos crypto_data.db...
2026-03-21 07:37:55,434 - INFO - Carga exitosa. Datos persistidos.
2026-03-21 08:41:51,358 - INFO - Iniciando extracción (Intento 1/3)...
2026-03-21 08:41:51,544 - INFO - Extracción exitosa.
2026-03-21 08:41:51,545 - INFO - Iniciando transformación de datos...
2026-03-21 08:41:51,549 - INFO - Transformación completada (5 registros procesados).
2026-03-21 08:41:51,549 - INFO - Iniciando carga en la base de datos crypto_data.db...
2026-03-21 08:41:51,553 - INFO - Carga exitosa. Datos persistidos.
2026-03-21 09:39:08,367 - INFO - Iniciando extracción (Intento 1/3)...
2026-03-21 09:39:08,449 - INFO - Extracción exitosa.
2026-03-21 09:39:08,451 - INFO - Iniciando transformación de datos...
2026-03-21 09:39:08,455 - INFO - Transformación completada (5 registros procesados).
2026-03-21 09:39:08,455 - INFO - Iniciando carga en la base de datos crypto_data.db...
2026-03-21 09:39:08,462 - INFO - Carga exitosa. Datos persistidos.
2026-03-21 10:35:15,171 - INFO - Iniciando extracción (Intento 1/3)...
2026-03-21 10:35:15,393 - INFO - Extracción exitosa.
2026-03-21 10:35:15,394 - INFO - Iniciando transformación de datos...
2026-03-21 10:35:15,398 - INFO - Transformación completada (5 registros procesados).
2026-03-21 10:35:15,398 - INFO - Iniciando carga en la base de datos crypto_data.db...
2026-03-21 10:35:15,403 - INFO - Carga exitosa. Datos persistidos.
2026-03-21 11:29:03,557 - INFO - Iniciando extracción (Intento 1/3)...
2026-03-21 11:29:03,736 - INFO - Extracción exitosa.
2026-03-21 11:29:03,737 - INFO - Iniciando transformación de datos...
2026-03-21 11:29:03,739 - INFO - Transformación completada (5 registros procesados).
2026-03-21 11:29:03,739 - INFO - Iniciando carga en la base de datos crypto_data.db...
2026-03-21 11:29:03,743 - INFO - Carga exitosa. Datos persistidos.
2026-03-21 13:03:34,249 - INFO - Iniciando extracción (Intento 1/3)...
2026-03-21 13:03:34,437 - INFO - Extracción exitosa.
2026-03-21 13:03:34,439 - INFO - Iniciando transformación de datos...
2026-03-21 13:03:34,442 - INFO - Transformación completada (5 registros procesados).
2026-03-21 13:03:34,442 - INFO - Iniciando carga en la base de datos crypto_data.db...
2026-03-21 13:03:34,447 - INFO - Carga exitosa. Datos persistidos.
2026-03-21 14:33:44,717 - INFO - Iniciando extracción (Intento 1/3)...
2026-03-21 14:33:44,825 - INFO - Extracción exitosa.
2026-03-21 14:33:44,826 - INFO - Iniciando transformación de datos...
2026-03-21 14:33:44,830 - INFO - Transformación completada (5 registros procesados).
2026-03-21 14:33:44,830 - INFO - Iniciando carga en la base de datos crypto_data.db...
2026-03-21 14:33:44,834 - INFO - Carga exitosa. Datos persistidos.
2026-03-21 15:33:14,406 - INFO - Iniciando extracción (Intento 1/3)...
2026-03-21 15:33:14,610 - INFO - Extracción exitosa.
2026-03-21 15:33:14,611 - INFO - Iniciando transformación de datos...
2026-03-21 15:33:14,614 - INFO - Transformación completada (5 registros procesados).
2026-03-21 15:33:14,614 - INFO - Iniciando carga en la base de datos crypto_data.db...
2026-03-21 15:33:14,618 - INFO - Carga exitosa. Datos persistidos.
2026-03-21 16:38:12,312 - INFO - Iniciando extracción (Intento 1/3)...
2026-03-21 16:38:12,403 - INFO - Extracción exitosa.
2026-03-21 16:38:12,404 - INFO - Iniciando transformación de datos...
2026-03-21 16:38:12,407 - INFO - Transformación completada (5 registros procesados).
2026-03-21 16:38:12,407 - INFO - Iniciando carga en la base de datos crypto_data.db...
2026-03-21 16:38:12,412 - INFO - Carga exitosa. Datos persistidos.
2026-03-21 17:31:32,733 - INFO - Iniciando extracción (Intento 1/3)...
2026-03-21 17:31:32,880 - INFO - Extracción exitosa.
2026-03-21 17:31:32,881 - INFO - Iniciando transformación de datos...
2026-03-21 17:31:32,886 - INFO - Transformación completada (5 registros procesados).
2026-03-21 17:31:32,886 - INFO - Iniciando carga en la base de datos crypto_data.db...
2026-03-21 17:31:32,891 - INFO - Carga exitosa. Datos persistidos.
2026-03-21 18:46:18,178 - INFO - Iniciando extracción (Intento 1/3)...
2026-03-21 18:46:18,390 - INFO - Extracción exitosa.
2026-03-21 18:46:18,391 - INFO - Iniciando transformación de datos...
2026-03-21 18:46:18,394 - INFO - Transformación completada (5 registros procesados).
2026-03-21 18:46:18,394 - INFO - Iniciando carga en la base de datos crypto_data.db...
2026-03-21 18:46:18,398 - INFO - Carga exitosa. Datos persistidos.
2026-03-21 19:30:56,715 - INFO - Iniciando extracción (Intento 1/3)...
2026-03-21 19:30:56,861 - INFO - Extracción exitosa.
2026-03-21 19:30:56,863 - INFO - Iniciando transformación de datos...
2026-03-21 19:30:56,866 - INFO - Transformación completada (5 registros procesados).
2026-03-21 19:30:56,866 - INFO - Iniciando carga en la base de datos crypto_data.db...
2026-03-21 19:30:56,871 - INFO - Carga exitosa. Datos persistidos.
2026-03-21 20:35:11,392 - INFO - Iniciando extracción (Intento 1/3)...
2026-03-21 20:35:11,544 - INFO - Extracción exitosa.
2026-03-21 20:35:11,545 - INFO - Iniciando transformación de datos...
2026-03-21 20:35:11,548 - INFO - Transformación completada (5 registros procesados).
2026-03-21 20:35:11,548 - INFO - Iniciando carga en la base de datos crypto_data.db...
2026-03-21 20:35:11,552 - INFO - Carga exitosa. Datos persistidos.
2026-03-21 21:32:02,561 - INFO - Iniciando extracción (Intento 1/3)...
2026-03-21 21:32:02,829 - INFO - Extracción exitosa.
2026-03-21 21:32:02,830 - INFO - Iniciando transformación de datos...
2026-03-21 21:32:02,832 - INFO - Transformación completada (5 registros procesados).
2026-03-21 21:32:02,832 - INFO - Iniciando carga en la base de datos crypto_data.db...
2026-03-21 21:32:02,836 - INFO - Carga exitosa. Datos persistidos.
2026-03-21 22:32:34,932 - INFO - Iniciando extracción (Intento 1/3)...
2026-03-21 22:32:35,031 - INFO - Extracción exitosa.
2026-03-21 22:32:35,032 - INFO - Iniciando transformación de datos...
2026-03-21 22:32:35,035 - INFO - Transformación completada (5 registros procesados).
2026-03-21 22:32:35,035 - INFO - Iniciando carga en la base de datos crypto_data.db...
2026-03-21 22:32:35,039 - INFO - Carga exitosa. Datos persistidos.
2026-03-21 23:32:13,256 - INFO - Iniciando extracción (Intento 1/3)...
2026-03-21 23:32:13,409 - INFO - Extracción exitosa.
2026-03-21 23:32:13,410 - INFO - Iniciando transformación de datos...
2026-03-21 23:32:13,413 - INFO - Transformación completada (5 registros procesados).
2026-03-21 23:32:13,413 - INFO - Iniciando carga en la base de datos crypto_data.db...
2026-03-21 23:32:13,418 - INFO - Carga exitosa. Datos persistidos.
2026-03-22 02:49:52,612 - INFO - Iniciando extracción (Intento 1/3)...
2026-03-22 02:49:52,826 - INFO - Extracción exitosa.
2026-03-22 02:49:52,827 - INFO - Iniciando transformación de datos...
2026-03-22 02:49:52,831 - INFO - Transformación completada (5 registros procesados).
2026-03-22 02:49:52,831 - INFO - Iniciando carga en la base de datos crypto_data.db...
2026-03-22 02:49:52,835 - INFO - Carga exitosa. Datos persistidos.
2026-03-22 04:58:25,339 - INFO - Iniciando extracción (Intento 1/3)...
2026-03-22 04:58:25,563 - INFO - Extracción exitosa.
2026-03-22 04:58:25,565 - INFO - Iniciando transformación de datos...
2026-03-22 04:58:25,568 - INFO - Transformación completada (5 registros procesados).
2026-03-22 04:58:25,568 - INFO - Iniciando carga en la base de datos crypto_data.db...
2026-03-22 04:58:25,572 - INFO - Carga exitosa. Datos persistidos.
2026-03-22 06:01:13,466 - INFO - Iniciando extracción (Intento 1/3)...
2026-03-22 06:01:13,695 - INFO - Extracción exitosa.
2026-03-22 06:01:13,697 - INFO - Iniciando transformación de datos...
2026-03-22 06:01:13,700 - INFO - Transformación completada (5 registros procesados).
2026-03-22 06:01:13,700 - INFO - Iniciando carga en la base de datos crypto_data.db...
2026-03-22 06:01:13,705 - INFO - Carga exitosa. Datos persistidos.
2026-03-22 07:41:15,542 - INFO - Iniciando extracción (Intento 1/3)...
2026-03-22 07:41:15,767 - INFO - Extracción exitosa.
2026-03-22 07:41:15,769 - INFO - Iniciando transformación de datos...
2026-03-22 07:41:15,773 - INFO - Transformación completada (5 registros procesados).
2026-03-22 07:41:15,774 - INFO - Iniciando carga en la base de datos crypto_data.db...
2026-03-22 07:41:15,780 - INFO - Carga exitosa. Datos persistidos.
2026-03-22 08:42:50,883 - INFO - Iniciando extracción (Intento 1/3)...
2026-03-22 08:42:51,128 - INFO - Extracción exitosa.
2026-03-22 08:42:51,129 - INFO - Iniciando transformación de datos...
2026-03-22 08:42:51,132 - INFO - Transformación completada (5 registros procesados).
2026-03-22 08:42:51,133 - INFO - Iniciando carga en la base de datos crypto_data.db...
2026-03-22 08:42:51,137 - INFO - Carga exitosa. Datos persistidos.
2026-03-22 09:40:03,398 - INFO - Iniciando extracción (Intento 1/3)...
2026-03-22 09:40:03,560 - INFO - Extracción exitosa.
2026-03-22 09:40:03,561 - INFO - Iniciando transformación de datos...
2026-03-22 09:40:03,564 - INFO - Transformación completada (5 registros procesados).
2026-03-22 09:40:03,564 - INFO - Iniciando carga en la base de datos crypto_data.db...
2026-03-22 09:40:03,568 - INFO - Carga exitosa. Datos persistidos.
2026-03-22 10:35:22,276 - INFO - Iniciando extracción (Intento 1/3)...
2026-03-22 10:35:22,424 - INFO - Extracción exitosa.
2026-03-22 10:35:22,425 - INFO - Iniciando transformación de datos...
2026-03-22 10:35:22,428 - INFO - Transformación completada (5 registros procesados).
2026-03-22 10:35:22,428 - INFO - Iniciando carga en la base de datos crypto_data.db...
2026-03-22 10:35:22,433 - INFO - Carga exitosa. Datos persistidos.
2026-03-22 11:29:59,262 - INFO - Iniciando extracción (Intento 1/3)...
2026-03-22 11:29:59,477 - INFO - Extracción exitosa.
2026-03-22 11:29:59,478 - INFO - Iniciando transformación de datos...
2026-03-22 11:29:59,481 - INFO - Transformación completada (5 registros procesados).
2026-03-22 11:29:59,481 - INFO - Iniciando carga en la base de datos crypto_data.db...
2026-03-22 11:29:59,485 - INFO - Carga exitosa. Datos persistidos.
2026-03-22 13:06:11,855 - INFO - Iniciando extracción (Intento 1/3)...
2026-03-22 13:06:12,010 - INFO - Extracción exitosa.
2026-03-22 13:06:12,011 - INFO - Iniciando transformación de datos...
2026-03-22 13:06:12,014 - INFO - Transformación completada (5 registros procesados).
2026-03-22 13:06:12,014 - INFO - Iniciando carga en la base de datos crypto_data.db...
2026-03-22 13:06:12,020 - INFO - Carga exitosa. Datos persistidos.
2026-03-22 14:35:00,642 - INFO - Iniciando extracción (Intento 1/3)...
2026-03-22 14:35:00,807 - INFO - Extracción exitosa.
2026-03-22 14:35:00,809 - INFO - Iniciando transformación de datos...
2026-03-22 14:35:00,812 - INFO - Transformación completada (5 registros procesados).
2026-03-22 14:35:00,812 - INFO - Iniciando carga en la base de datos crypto_data.db...
2026-03-22 14:35:00,817 - INFO - Carga exitosa. Datos persistidos.
2026-03-22 15:32:51,328 - INFO - Iniciando extracción (Intento 1/3)...
2026-03-22 15:32:51,573 - INFO - Extracción exitosa.
2026-03-22 15:32:51,575 - INFO - Iniciando transformación de datos...
2026-03-22 15:32:51,580 - INFO - Transformación completada (5 registros procesados).
2026-03-22 15:32:51,580 - INFO - Iniciando carga en la base de datos crypto_data.db...
2026-03-22 15:32:51,585 - INFO - Carga exitosa. Datos persistidos.
2026-03-22 16:39:06,188 - INFO - Iniciando extracción (Intento 1/3)...
2026-03-22 16:39:06,456 - INFO - Extracción exitosa.
2026-03-22 16:39:06,458 - INFO - Iniciando transformación de datos...
2026-03-22 16:39:06,461 - INFO - Transformación completada (5 registros procesados).
2026-03-22 16:39:06,461 - INFO - Iniciando carga en la base de datos crypto_data.db...
2026-03-22 16:39:06,465 - INFO - Carga exitosa. Datos persistidos.
2026-03-22 17:31:48,403 - INFO - Iniciando extracción (Intento 1/3)...
2026-03-22 17:31:48,629 - INFO - Extracción exitosa.
2026-03-22 17:31:48,630 - INFO - Iniciando transformación de datos...
2026-03-22 17:31:48,632 - INFO - Transformación completada (5 registros procesados).
2026-03-22 17:31:48,633 - INFO - Iniciando carga en la base de datos crypto_data.db...
2026-03-22 17:31:48,637 - INFO - Carga exitosa. Datos persistidos.
2026-03-22 18:48:00,789 - INFO - Iniciando extracción (Intento 1/3)...
2026-03-22 18:48:00,984 - INFO - Extracción exitosa.
2026-03-22 18:48:00,985 - INFO - Iniciando transformación de datos...
2026-03-22 18:48:00,988 - INFO - Transformación completada (5 registros procesados).
2026-03-22 18:48:00,988 - INFO - Iniciando carga en la base de datos crypto_data.db...
2026-03-22 18:48:00,993 - INFO - Carga exitosa. Datos persistidos.
2026-03-22 19:33:15,188 - INFO - Iniciando extracción (Intento 1/3)...
2026-03-22 19:33:15,452 - INFO - Extracción exitosa.
2026-03-22 19:33:15,453 - INFO - Iniciando transformación de datos...
2026-03-22 19:33:15,456 - INFO - Transformación completada (5 registros procesados).
2026-03-22 19:33:15,457 - INFO - Iniciando carga en la base de datos crypto_data.db...
2026-03-22 19:33:15,462 - INFO - Carga exitosa. Datos persistidos.
2026-03-22 20:36:19,304 - INFO - Iniciando extracción (Intento 1/3)...
2026-03-22 20:36:19,531 - INFO - Extracción exitosa.
2026-03-22 20:36:19,532 - INFO - Iniciando transformación de datos...
2026-03-22 20:36:19,535 - INFO - Transformación completada (5 registros procesados).
2026-03-22 20:36:19,536 - INFO - Iniciando carga en la base de datos crypto_data.db...
2026-03-22 20:36:19,540 - INFO - Carga exitosa. Datos persistidos.
2026-03-22 21:33:06,104 - INFO - Iniciando extracción (Intento 1/3)...
2026-03-22 21:33:06,325 - INFO - Extracción exitosa.
2026-03-22 21:33:06,326 - INFO - Iniciando transformación de datos...
2026-03-22 21:33:06,329 - INFO - Transformación completada (5 registros procesados).
2026-03-22 21:33:06,329 - INFO - Iniciando carga en la base de datos crypto_data.db...
2026-03-22 21:33:06,334 - INFO - Carga exitosa. Datos persistidos.
2026-03-22 22:33:09,042 - INFO - Iniciando extracción (Intento 1/3)...
2026-03-22 22:33:09,170 - INFO - Extracción exitosa.
2026-03-22 22:33:09,171 - INFO - Iniciando transformación de datos...
2026-03-22 22:33:09,174 - INFO - Transformación completada (5 registros procesados).
2026-03-22 22:33:09,174 - INFO - Iniciando carga en la base de datos crypto_data.db...
2026-03-22 22:33:09,181 - INFO - Carga exitosa. Datos persistidos.
2026-03-22 23:35:07,250 - INFO - Iniciando extracción (Intento 1/3)...
2026-03-22 23:35:07,348 - INFO - Extracción exitosa.
2026-03-22 23:35:07,349 - INFO - Iniciando transformación de datos...
2026-03-22 23:35:07,352 - INFO - Transformación completada (5 registros procesados).
2026-03-22 23:35:07,352 - INFO - Iniciando carga en la base de datos crypto_data.db...
2026-03-22 23:35:07,357 - INFO - Carga exitosa. Datos persistidos.
2026-03-23 02:50:13,922 - INFO - Iniciando extracción (Intento 1/3)...
2026-03-23 02:50:14,139 - INFO - Extracción exitosa.
2026-03-23 02:50:14,140 - INFO - Iniciando transformación de datos...
2026-03-23 02:50:14,144 - INFO - Transformación completada (5 registros procesados).
2026-03-23 02:50:14,144 - INFO - Iniciando carga en la base de datos crypto_data.db...
2026-03-23 02:50:14,149 - INFO - Carga exitosa. Datos persistidos.
2026-03-23 05:09:27,505 - INFO - Iniciando extracción (Intento 1/3)...
2026-03-23 05:09:27,620 - INFO - Extracción exitosa.
2026-03-23 05:09:27,621 - INFO - Iniciando transformación de datos...
2026-03-23 05:09:27,624 - INFO - Transformación completada (5 registros procesados).
2026-03-23 05:09:27,624 - INFO - Iniciando carga en la base de datos crypto_data.db...
2026-03-23 05:09:27,629 - INFO - Carga exitosa. Datos persistidos.
2026-03-23 07:21:14,224 - INFO - Iniciando extracción (Intento 1/3)...
2026-03-23 07:21:14,425 - INFO - Extracción exitosa.
2026-03-23 07:21:14,426 - INFO - Iniciando transformación de datos...
2026-03-23 07:21:14,431 - INFO - Transformación completada (5 registros procesados).
2026-03-23 07:21:14,431 - INFO - Iniciando carga en la base de datos crypto_data.db...
2026-03-23 07:21:14,436 - INFO - Carga exitosa. Datos persistidos.
2026-03-23 09:05:47,620 - INFO - Iniciando extracción (Intento 1/3)...
2026-03-23 09:05:47,779 - INFO - Extracción exitosa.
2026-03-23 09:05:47,780 - INFO - Iniciando transformación de datos...
2026-03-23 09:05:47,783 - INFO - Transformación completada (5 registros procesados).
2026-03-23 09:05:47,784 - INFO - Iniciando carga en la base de datos crypto_data.db...
2026-03-23 09:05:47,789 - INFO - Carga exitosa. Datos persistidos.
2026-03-23 10:58:59,864 - INFO - Iniciando extracción (Intento 1/3)...
2026-03-23 10:58:59,955 - INFO - Extracción exitosa.
2026-03-23 10:58:59,956 - INFO - Iniciando transformación de datos...
2026-03-23 10:58:59,959 - INFO - Transformación completada (5 registros procesados).
2026-03-23 10:58:59,959 - INFO - Iniciando carga en la base de datos crypto_data.db...
2026-03-23 10:58:59,964 - INFO - Carga exitosa. Datos persistidos.
2026-03-23 11:51:28,350 - INFO - Iniciando extracción (Intento 1/3)...
2026-03-23 11:51:28,575 - INFO - Extracción exitosa.
2026-03-23 11:51:28,579 - INFO - Iniciando transformación de datos...
2026-03-23 11:51:28,584 - INFO - Transformación completada (5 registros procesados).
2026-03-23 11:51:28,584 - INFO - Iniciando carga en la base de datos crypto_data.db...
2026-03-23 11:51:28,591 - INFO - Carga exitosa. Datos persistidos.
2026-03-23 13:23:25,456 - INFO - Iniciando extracción (Intento 1/3)...
2026-03-23 13:23:25,707 - INFO - Extracción exitosa.
2026-03-23 13:23:25,709 - INFO - Iniciando transformación de datos...
2026-03-23 13:23:25,712 - INFO - Transformación completada (5 registros procesados).
2026-03-23 13:23:25,712 - INFO - Iniciando carga en la base de datos crypto_data.db...
2026-03-23 13:23:25,717 - INFO - Carga exitosa. Datos persistidos.
2026-03-23 15:03:12,495 - INFO - Iniciando extracción (Intento 1/3)...
2026-03-23 15:03:12,719 - INFO - Extracción exitosa.
2026-03-23 15:03:12,720 - INFO - Iniciando transformación de datos...
2026-03-23 15:03:12,723 - INFO - Transformación completada (5 registros procesados).
2026-03-23 15:03:12,723 - INFO - Iniciando carga en la base de datos crypto_data.db...
2026-03-23 15:03:12,727 - INFO - Carga exitosa. Datos persistidos.
2026-03-23 17:00:46,041 - INFO - Iniciando extracción (Intento 1/3)...
2026-03-23 17:00:46,189 - INFO - Extracción exitosa.
2026-03-23 17:00:46,190 - INFO - Iniciando transformación de datos...
2026-03-23 17:00:46,193 - INFO - Transformación completada (5 registros procesados).
2026-03-23 17:00:46,193 - INFO - Iniciando carga en la base de datos crypto_data.db...
2026-03-23 17:00:46,198 - INFO - Carga exitosa. Datos persistidos.
2026-03-23 19:03:52,628 - INFO - Iniciando extracción (Intento 1/3)...
2026-03-23 19:03:52,741 - INFO - Extracción exitosa.
2026-03-23 19:03:52,742 - INFO - Iniciando transformación de datos...
2026-03-23 19:03:52,745 - INFO - Transformación completada (5 registros procesados).
2026-03-23 19:03:52,745 - INFO - Iniciando carga en la base de datos crypto_data.db...
2026-03-23 19:03:52,751 - INFO - Carga exitosa. Datos persistidos.
2026-03-23 20:43:08,612 - INFO - Iniciando extracción (Intento 1/3)...
2026-03-23 20:43:08,862 - INFO - Extracción exitosa.
2026-03-23 20:43:08,863 - INFO - Iniciando transformación de datos...
2026-03-23 20:43:08,866 - INFO - Transformación completada (5 registros procesados).
2026-03-23 20:43:08,866 - INFO - Iniciando carga en la base de datos crypto_data.db...
2026-03-23 20:43:08,870 - INFO - Carga exitosa. Datos persistidos.
2026-03-23 21:44:32,715 - INFO - Iniciando extracción (Intento 1/3)...
2026-03-23 21:44:32,811 - INFO - Extracción exitosa.
2026-03-23 21:44:32,812 - INFO - Iniciando transformación de datos...
2026-03-23 21:44:32,815 - INFO - Transformación completada (5 registros procesados).
2026-03-23 21:44:32,815 - INFO - Iniciando carga en la base de datos crypto_data.db...
2026-03-23 21:44:32,820 - INFO - Carga exitosa. Datos persistidos.
2026-03-23 22:39:56,254 - INFO - Iniciando extracción (Intento 1/3)...
2026-03-23 22:39:56,428 - INFO - Extracción exitosa.
2026-03-23 22:39:56,429 - INFO - Iniciando transformación de datos...
2026-03-23 22:39:56,432 - INFO - Transformación completada (5 registros procesados).
2026-03-23 22:39:56,432 - INFO - Iniciando carga en la base de datos crypto_data.db...
2026-03-23 22:39:56,437 - INFO - Carga exitosa. Datos persistidos.
2026-03-23 23:39:34,858 - INFO - Iniciando extracción (Intento 1/3)...
2026-03-23 23:39:34,972 - INFO - Extracción exitosa.
2026-03-23 23:39:34,973 - INFO - Iniciando transformación de datos...
2026-03-23 23:39:34,976 - INFO - Transformación completada (5 registros procesados).
2026-03-23 23:39:34,977 - INFO - Iniciando carga en la base de datos crypto_data.db...
2026-03-23 23:39:34,984 - INFO - Carga exitosa. Datos persistidos.
2026-03-24 02:41:39,699 - INFO - Iniciando extracción (Intento 1/3)...
2026-03-24 02:41:39,905 - INFO - Extracción exitosa.
2026-03-24 02:41:39,906 - INFO - Iniciando transformación de datos...
2026-03-24 02:41:39,909 - INFO - Transformación completada (5 registros procesados).
2026-03-24 02:41:39,909 - INFO - Iniciando carga en la base de datos crypto_data.db...
2026-03-24 02:41:39,914 - INFO - Carga exitosa. Datos persistidos.
2026-03-24 04:59:44,191 - INFO - Iniciando extracción (Intento 1/3)...
2026-03-24 04:59:44,277 - INFO - Extracción exitosa.
2026-03-24 04:59:44,278 - INFO - Iniciando transformación de datos...
2026-03-24 04:59:44,281 - INFO - Transformación completada (5 registros procesados).
2026-03-24 04:59:44,281 - INFO - Iniciando carga en la base de datos crypto_data.db...
2026-03-24 04:59:44,287 - INFO - Carga exitosa. Datos persistidos.
2026-03-24 06:09:18,512 - INFO - Iniciando extracción (Intento 1/3)...
2026-03-24 06:09:18,659 - INFO - Extracción exitosa.
2026-03-24 06:09:18,661 - INFO - Iniciando transformación de datos...
2026-03-24 06:09:18,666 - INFO - Transformación completada (5 registros procesados).
2026-03-24 06:09:18,666 - INFO - Iniciando carga en la base de datos crypto_data.db...
2026-03-24 06:09:18,673 - INFO - Carga exitosa. Datos persistidos.
2026-03-24 07:57:48,937 - INFO - Iniciando extracción (Intento 1/3)...
2026-03-24 07:57:49,132 - INFO - Extracción exitosa.
2026-03-24 07:57:49,133 - INFO - Iniciando transformación de datos...
2026-03-24 07:57:49,136 - INFO - Transformación completada (5 registros procesados).
2026-03-24 07:57:49,136 - INFO - Iniciando carga en la base de datos crypto_data.db...
2026-03-24 07:57:49,142 - INFO - Carga exitosa. Datos persistidos.
2026-03-24 09:03:34,328 - INFO - Iniciando extracción (Intento 1/3)...
2026-03-24 09:03:34,485 - INFO - Extracción exitosa.
2026-03-24 09:03:34,487 - INFO - Iniciando transformación de datos...
2026-03-24 09:03:34,492 - INFO - Transformación completada (5 registros procesados).
2026-03-24 09:03:34,492 - INFO - Iniciando carga en la base de datos crypto_data.db...
2026-03-24 09:03:34,503 - INFO - Carga exitosa. Datos persistidos.
2026-03-24 10:57:46,306 - INFO - Iniciando extracción (Intento 1/3)...
2026-03-24 10:57:46,497 - INFO - Extracción exitosa.
2026-03-24 10:57:46,498 - INFO - Iniciando transformación de datos...
2026-03-24 10:57:46,501 - INFO - Transformación completada (5 registros procesados).
2026-03-24 10:57:46,501 - INFO - Iniciando carga en la base de datos crypto_data.db...
2026-03-24 10:57:46,507 - INFO - Carga exitosa. Datos persistidos.
2026-03-24 11:51:44,016 - INFO - Iniciando extracción (Intento 1/3)...
2026-03-24 11:51:44,146 - INFO - Extracción exitosa.
2026-03-24 11:51:44,147 - INFO - Iniciando transformación de datos...
2026-03-24 11:51:44,151 - INFO - Transformación completada (5 registros procesados).
2026-03-24 11:51:44,151 - INFO - Iniciando carga en la base de datos crypto_data.db...
2026-03-24 11:51:44,155 - INFO - Carga exitosa. Datos persistidos.
2026-03-24 13:26:57,557 - INFO - Iniciando extracción (Intento 1/3)...
2026-03-24 13:26:57,712 - INFO - Extracción exitosa.
2026-03-24 13:26:57,714 - INFO - Iniciando transformación de datos...
2026-03-24 13:26:57,717 - INFO - Transformación completada (5 registros procesados).
2026-03-24 13:26:57,717 - INFO - Iniciando carga en la base de datos crypto_data.db...
2026-03-24 13:26:57,722 - INFO - Carga exitosa. Datos persistidos.
2026-03-24 15:06:12,090 - INFO - Iniciando extracción (Intento 1/3)...
2026-03-24 15:06:12,240 - INFO - Extracción exitosa.
2026-03-24 15:06:12,241 - INFO - Iniciando transformación de datos...
2026-03-24 15:06:12,245 - INFO - Transformación completada (5 registros procesados).
2026-03-24 15:06:12,245 - INFO - Iniciando carga en la base de datos crypto_data.db...
2026-03-24 15:06:12,251 - INFO - Carga exitosa. Datos persistidos.
2026-03-24 17:07:32,006 - INFO - Iniciando extracción (Intento 1/3)...
2026-03-24 17:07:32,236 - INFO - Extracción exitosa.
2026-03-24 17:07:32,237 - INFO - Iniciando transformación de datos...
2026-03-24 17:07:32,240 - INFO - Transformación completada (5 registros procesados).
2026-03-24 17:07:32,240 - INFO - Iniciando carga en la base de datos crypto_data.db...
2026-03-24 17:07:32,244 - INFO - Carga exitosa. Datos persistidos.
2026-03-24 19:13:47,121 - INFO - Iniciando extracción (Intento 1/3)...
2026-03-24 19:13:47,290 - INFO - Extracción exitosa.
2026-03-24 19:13:47,291 - INFO - Iniciando transformación de datos...
2026-03-24 19:13:47,294 - INFO - Transformación completada (5 registros procesados).
2026-03-24 19:13:47,294 - INFO - Iniciando carga en la base de datos crypto_data.db...
2026-03-24 19:13:47,299 - INFO - Carga exitosa. Datos persistidos.
2026-03-24 20:50:54,692 - INFO - Iniciando extracción (Intento 1/3)...
2026-03-24 20:50:54,816 - INFO - Extracción exitosa.
2026-03-24 20:50:54,817 - INFO - Iniciando transformación de datos...
2026-03-24 20:50:54,820 - INFO - Transformación completada (5 registros procesados).
2026-03-24 20:50:54,820 - INFO - Iniciando carga en la base de datos crypto_data.db...
2026-03-24 20:50:54,825 - INFO - Carga exitosa. Datos persistidos.
2026-03-24 21:44:29,465 - INFO - Iniciando extracción (Intento 1/3)...
2026-03-24 21:44:29,615 - INFO - Extracción exitosa.
2026-03-24 21:44:29,616 - INFO - Iniciando transformación de datos...
2026-03-24 21:44:29,619 - INFO - Transformación completada (5 registros procesados).
2026-03-24 21:44:29,619 - INFO - Iniciando carga en la base de datos crypto_data.db...
2026-03-24 21:44:29,624 - INFO - Carga exitosa. Datos persistidos.
2026-03-24 22:39:15,129 - INFO - Iniciando extracción (Intento 1/3)...
2026-03-24 22:39:15,329 - INFO - Extracción exitosa.
2026-03-24 22:39:15,330 - INFO - Iniciando transformación de datos...
2026-03-24 22:39:15,334 - INFO - Transformación completada (5 registros procesados).
2026-03-24 22:39:15,334 - INFO - Iniciando carga en la base de datos crypto_data.db...
2026-03-24 22:39:15,341 - INFO - Carga exitosa. Datos persistidos.
2026-03-24 23:38:23,623 - INFO - Iniciando extracción (Intento 1/3)...
2026-03-24 23:38:23,787 - INFO - Extracción exitosa.
2026-03-24 23:38:23,788 - INFO - Iniciando transformación de datos...
2026-03-24 23:38:23,791 - INFO - Transformación completada (5 registros procesados).
2026-03-24 23:38:23,791 - INFO - Iniciando carga en la base de datos crypto_data.db...
2026-03-24 23:38:23,796 - INFO - Carga exitosa. Datos persistidos.
2026-03-25 02:46:47,695 - INFO - Iniciando extracción (Intento 1/3)...
2026-03-25 02:46:47,828 - INFO - Extracción exitosa.
2026-03-25 02:46:47,829 - INFO - Iniciando transformación de datos...
2026-03-25 02:46:47,832 - INFO - Transformación completada (5 registros procesados).
2026-03-25 02:46:47,833 - INFO - Iniciando carga en la base de datos crypto_data.db...
2026-03-25 02:46:47,838 - INFO - Carga exitosa. Datos persistidos.
2026-03-25 05:00:25,715 - INFO - Iniciando extracción (Intento 1/3)...
2026-03-25 05:00:25,881 - INFO - Extracción exitosa.
2026-03-25 05:00:25,883 - INFO - Iniciando transformación de datos...
2026-03-25 05:00:25,886 - INFO - Transformación completada (5 registros procesados).
2026-03-25 05:00:25,886 - INFO - Iniciando carga en la base de datos crypto_data.db...
2026-03-25 05:00:25,890 - INFO - Carga exitosa. Datos persistidos.
2026-03-25 07:11:36,073 - INFO - Iniciando extracción (Intento 1/3)...
2026-03-25 07:11:36,318 - INFO - Extracción exitosa.
2026-03-25 07:11:36,319 - INFO - Iniciando transformación de datos...
2026-03-25 07:11:36,322 - INFO - Transformación completada (5 registros procesados).
2026-03-25 07:11:36,322 - INFO - Iniciando carga en la base de datos crypto_data.db...
2026-03-25 07:11:36,327 - INFO - Carga exitosa. Datos persistidos.
2026-03-25 08:59:28,428 - INFO - Iniciando extracción (Intento 1/3)...
2026-03-25 08:59:28,537 - INFO - Extracción exitosa.
2026-03-25 08:59:28,538 - INFO - Iniciando transformación de datos...
2026-03-25 08:59:28,541 - INFO - Transformación completada (5 registros procesados).
2026-03-25 08:59:28,541 - INFO - Iniciando carga en la base de datos crypto_data.db...
2026-03-25 08:59:28,546 - INFO - Carga exitosa. Datos persistidos.
2026-03-25 10:03:28,809 - INFO - Iniciando extracción (Intento 1/3)...
2026-03-25 10:03:28,936 - INFO - Extracción exitosa.
2026-03-25 10:03:28,937 - INFO - Iniciando transformación de datos...
2026-03-25 10:03:28,940 - INFO - Transformación completada (5 registros procesados).
2026-03-25 10:03:28,940 - INFO - Iniciando carga en la base de datos crypto_data.db...
2026-03-25 10:03:28,945 - INFO - Carga exitosa. Datos persistidos.
2026-03-25 11:47:20,872 - INFO - Iniciando extracción (Intento 1/3)...
2026-03-25 11:47:20,962 - INFO - Extracción exitosa.
2026-03-25 11:47:20,963 - INFO - Iniciando transformación de datos...
2026-03-25 11:47:20,967 - INFO - Transformación completada (5 registros procesados).
2026-03-25 11:47:20,967 - INFO - Iniciando carga en la base de datos crypto_data.db...
2026-03-25 11:47:20,972 - INFO - Carga exitosa. Datos persistidos.
2026-03-25 13:26:03,634 - INFO - Iniciando extracción (Intento 1/3)...
2026-03-25 13:26:03,760 - INFO - Extracción exitosa.
2026-03-25 13:26:03,761 - INFO - Iniciando transformación de datos...
2026-03-25 13:26:03,764 - INFO - Transformación completada (5 registros procesados).
2026-03-25 13:26:03,764 - INFO - Iniciando carga en la base de datos crypto_data.db...
2026-03-25 13:26:03,768 - INFO - Carga exitosa. Datos persistidos.
2026-03-25 15:07:40,019 - INFO - Iniciando extracción (Intento 1/3)...
2026-03-25 15:07:40,182 - INFO - Extracción exitosa.
2026-03-25 15:07:40,184 - INFO - Iniciando transformación de datos...
2026-03-25 15:07:40,187 - INFO - Transformación completada (5 registros procesados).
2026-03-25 15:07:40,187 - INFO - Iniciando carga en la base de datos crypto_data.db...
2026-03-25 15:07:40,192 - INFO - Carga exitosa. Datos persistidos.
2026-03-25 17:11:47,068 - INFO - Iniciando extracción (Intento 1/3)...
2026-03-25 17:11:47,295 - INFO - Extracción exitosa.
2026-03-25 17:11:47,296 - INFO - Iniciando transformación de datos...
2026-03-25 17:11:47,299 - INFO - Transformación completada (5 registros procesados).
2026-03-25 17:11:47,299 - INFO - Iniciando carga en la base de datos crypto_data.db...
2026-03-25 17:11:47,303 - INFO - Carga exitosa. Datos persistidos.
2026-03-25 19:05:05,504 - INFO - Iniciando extracción (Intento 1/3)...
2026-03-25 19:05:05,630 - INFO - Extracción exitosa.
2026-03-25 19:05:05,631 - INFO - Iniciando transformación de datos...
2026-03-25 19:05:05,634 - INFO - Transformación completada (5 registros procesados).
2026-03-25 19:05:05,634 - INFO - Iniciando carga en la base de datos crypto_data.db...
2026-03-25 19:05:05,638 - INFO - Carga exitosa. Datos persistidos.
2026-03-25 20:49:08,607 - INFO - Iniciando extracción (Intento 1/3)...
2026-03-25 20:49:08,926 - INFO - Extracción exitosa.
2026-03-25 20:49:08,927 - INFO - Iniciando transformación de datos...
2026-03-25 20:49:08,930 - INFO - Transformación completada (5 registros procesados).
2026-03-25 20:49:08,930 - INFO - Iniciando carga en la base de datos crypto_data.db...
2026-03-25 20:49:08,934 - INFO - Carga exitosa. Datos persistidos.
2026-03-25 21:48:14,777 - INFO - Iniciando extracción (Intento 1/3)...
2026-03-25 21:48:14,936 - INFO - Extracción exitosa.
2026-03-25 21:48:14,937 - INFO - Iniciando transformación de datos...
2026-03-25 21:48:14,940 - INFO - Transformación completada (5 registros procesados).
2026-03-25 21:48:14,940 - INFO - Iniciando carga en la base de datos crypto_data.db...
2026-03-25 21:48:14,944 - INFO - Carga exitosa. Datos persistidos.
2026-03-25 22:44:37,396 - INFO - Iniciando extracción (Intento 1/3)...
2026-03-25 22:44:37,646 - INFO - Extracción exitosa.
2026-03-25 22:44:37,647 - INFO - Iniciando transformación de datos...
2026-03-25 22:44:37,650 - INFO - Transformación completada (5 registros procesados).
2026-03-25 22:44:37,650 - INFO - Iniciando carga en la base de datos crypto_data.db...
2026-03-25 22:44:37,655 - INFO - Carga exitosa. Datos persistidos.
2026-03-25 23:41:42,409 - INFO - Iniciando extracción (Intento 1/3)...
2026-03-25 23:41:42,601 - INFO - Extracción exitosa.
2026-03-25 23:41:42,603 - INFO - Iniciando transformación de datos...
2026-03-25 23:41:42,607 - INFO - Transformación completada (5 registros procesados).
2026-03-25 23:41:42,607 - INFO - Iniciando carga en la base de datos crypto_data.db...
2026-03-25 23:41:42,612 - INFO - Carga exitosa. Datos persistidos.
2026-03-26 02:53:45,978 - INFO - Iniciando extracción (Intento 1/3)...
2026-03-26 02:53:46,325 - INFO - Extracción exitosa.
2026-03-26 02:53:46,326 - INFO - Iniciando transformación de datos...
2026-03-26 02:53:46,329 - INFO - Transformación completada (5 registros procesados).
2026-03-26 02:53:46,329 - INFO - Iniciando carga en la base de datos crypto_data.db...
2026-03-26 02:53:46,334 - INFO - Carga exitosa. Datos persistidos.
2026-03-26 05:12:18,857 - INFO - Iniciando extracción (Intento 1/3)...
2026-03-26 05:12:19,055 - INFO - Extracción exitosa.
2026-03-26 05:12:19,056 - INFO - Iniciando transformación de datos...
2026-03-26 05:12:19,059 - INFO - Transformación completada (5 registros procesados).
2026-03-26 05:12:19,059 - INFO - Iniciando carga en la base de datos crypto_data.db...
2026-03-26 05:12:19,064 - INFO - Carga exitosa. Datos persistidos.
2026-03-26 07:19:37,311 - INFO - Iniciando extracción (Intento 1/3)...
2026-03-26 07:19:37,616 - INFO - Extracción exitosa.
2026-03-26 07:19:37,617 - INFO - Iniciando transformación de datos...
2026-03-26 07:19:37,620 - INFO - Transformación completada (5 registros procesados).
2026-03-26 07:19:37,620 - INFO - Iniciando carga en la base de datos crypto_data.db...
2026-03-26 07:19:37,625 - INFO - Carga exitosa. Datos persistidos.
2026-03-26 09:05:51,929 - INFO - Iniciando extracción (Intento 1/3)...
2026-03-26 09:05:52,072 - INFO - Extracción exitosa.
2026-03-26 09:05:52,073 - INFO - Iniciando transformación de datos...
2026-03-26 09:05:52,076 - INFO - Transformación completada (5 registros procesados).
2026-03-26 09:05:52,076 - INFO - Iniciando carga en la base de datos crypto_data.db...
2026-03-26 09:05:52,080 - INFO - Carga exitosa. Datos persistidos.
2026-03-26 11:00:10,108 - INFO - Iniciando extracción (Intento 1/3)...
2026-03-26 11:00:10,272 - INFO - Extracción exitosa.
2026-03-26 11:00:10,273 - INFO - Iniciando transformación de datos...
2026-03-26 11:00:10,276 - INFO - Transformación completada (5 registros procesados).
2026-03-26 11:00:10,276 - INFO - Iniciando carga en la base de datos crypto_data.db...
2026-03-26 11:00:10,281 - INFO - Carga exitosa. Datos persistidos.
2026-03-26 11:57:07,517 - INFO - Iniciando extracción (Intento 1/3)...
2026-03-26 11:57:07,641 - INFO - Extracción exitosa.
2026-03-26 11:57:07,642 - INFO - Iniciando transformación de datos...
2026-03-26 11:57:07,645 - INFO - Transformación completada (5 registros procesados).
2026-03-26 11:57:07,645 - INFO - Iniciando carga en la base de datos crypto_data.db...
2026-03-26 11:57:07,652 - INFO - Carga exitosa. Datos persistidos.
2026-03-26 13:50:44,250 - INFO - Iniciando extracción (Intento 1/3)...
2026-03-26 13:50:44,489 - INFO - Extracción exitosa.
2026-03-26 13:50:44,490 - INFO - Iniciando transformación de datos...
2026-03-26 13:50:44,496 - INFO - Transformación completada (5 registros procesados).
2026-03-26 13:50:44,496 - INFO - Iniciando carga en la base de datos crypto_data.db...
2026-03-26 13:50:44,516 - INFO - Carga exitosa. Datos persistidos.
2026-03-26 15:13:37,822 - INFO - Iniciando extracción (Intento 1/3)...
2026-03-26 15:13:38,103 - INFO - Extracción exitosa.
2026-03-26 15:13:38,105 - INFO - Iniciando transformación de datos...
2026-03-26 15:13:38,108 - INFO - Transformación completada (5 registros procesados).
2026-03-26 15:13:38,108 - INFO - Iniciando carga en la base de datos crypto_data.db...
2026-03-26 15:13:38,113 - INFO - Carga exitosa. Datos persistidos.
2026-03-26 17:11:28,883 - INFO - Iniciando extracción (Intento 1/3)...
2026-03-26 17:11:29,014 - INFO - Extracción exitosa.
2026-03-26 17:11:29,015 - INFO - Iniciando transformación de datos...
2026-03-26 17:11:29,018 - INFO - Transformación completada (5 registros procesados).
2026-03-26 17:11:29,018 - INFO - Iniciando carga en la base de datos crypto_data.db...
2026-03-26 17:11:29,023 - INFO - Carga exitosa. Datos persistidos.
2026-03-26 19:17:49,712 - INFO - Iniciando extracción (Intento 1/3)...
2026-03-26 19:17:49,849 - INFO - Extracción exitosa.
2026-03-26 19:17:49,851 - INFO - Iniciando transformación de datos...
2026-03-26 19:17:49,854 - INFO - Transformación completada (5 registros procesados).
2026-03-26 19:17:49,854 - INFO - Iniciando carga en la base de datos crypto_data.db...
2026-03-26 19:17:49,859 - INFO - Carga exitosa. Datos persistidos.
2026-03-26 20:41:55,914 - INFO - Iniciando extracción (Intento 1/3)...
2026-03-26 20:41:56,124 - INFO - Extracción exitosa.
2026-03-26 20:41:56,125 - INFO - Iniciando transformación de datos...
2026-03-26 20:41:56,128 - INFO - Transformación completada (5 registros procesados).
2026-03-26 20:41:56,128 - INFO - Iniciando carga en la base de datos crypto_data.db...
2026-03-26 20:41:56,132 - INFO - Carga exitosa. Datos persistidos.
2026-03-26 21:38:01,742 - INFO - Iniciando extracción (Intento 1/3)...
2026-03-26 21:38:01,945 - INFO - Extracción exitosa.
2026-03-26 21:38:01,947 - INFO - Iniciando transformación de datos...
2026-03-26 21:38:01,950 - INFO - Transformación completada (5 registros procesados).
2026-03-26 21:38:01,950 - INFO - Iniciando carga en la base de datos crypto_data.db...
2026-03-26 21:38:01,955 - INFO - Carga exitosa. Datos persistidos.
2026-03-26 22:37:44,545 - INFO - Iniciando extracción (Intento 1/3)...
2026-03-26 22:37:44,747 - INFO - Extracción exitosa.
2026-03-26 22:37:44,748 - INFO - Iniciando transformación de datos...
2026-03-26 22:37:44,751 - INFO - Transformación completada (5 registros procesados).
2026-03-26 22:37:44,751 - INFO - Iniciando carga en la base de datos crypto_data.db...
2026-03-26 22:37:44,755 - INFO - Carga exitosa. Datos persistidos.
2026-03-26 23:39:02,075 - INFO - Iniciando extracción (Intento 1/3)...
2026-03-26 23:39:02,230 - INFO - Extracción exitosa.
2026-03-26 23:39:02,231 - INFO - Iniciando transformación de datos...
2026-03-26 23:39:02,234 - INFO - Transformación completada (5 registros procesados).
2026-03-26 23:39:02,234 - INFO - Iniciando carga en la base de datos crypto_data.db...
2026-03-26 23:39:02,239 - INFO - Carga exitosa. Datos persistidos.
2026-03-27 02:55:58,662 - INFO - Iniciando extracción (Intento 1/3)...
2026-03-27 02:55:58,870 - INFO - Extracción exitosa.
2026-03-27 02:55:58,870 - INFO - Iniciando transformación de datos...
2026-03-27 02:55:58,873 - INFO - Transformación completada (5 registros procesados).
2026-03-27 02:55:58,873 - INFO - Iniciando carga en la base de datos crypto_data.db...
2026-03-27 02:55:58,878 - INFO - Carga exitosa. Datos persistidos.
2026-03-27 05:15:23,107 - INFO - Iniciando extracción (Intento 1/3)...
2026-03-27 05:15:23,240 - INFO - Extracción exitosa.
2026-03-27 05:15:23,242 - INFO - Iniciando transformación de datos...
2026-03-27 05:15:23,245 - INFO - Transformación completada (5 registros procesados).
2026-03-27 05:15:23,245 - INFO - Iniciando carga en la base de datos crypto_data.db...
2026-03-27 05:15:23,298 - INFO - Carga exitosa. Datos persistidos.
2026-03-27 07:18:30,171 - INFO - Iniciando extracción (Intento 1/3)...
2026-03-27 07:18:30,336 - INFO - Extracción exitosa.
2026-03-27 07:18:30,337 - INFO - Iniciando transformación de datos...
2026-03-27 07:18:30,340 - INFO - Transformación completada (5 registros procesados).
2026-03-27 07:18:30,340 - INFO - Iniciando carga en la base de datos crypto_data.db...
2026-03-27 07:18:30,344 - INFO - Carga exitosa. Datos persistidos.
2026-03-27 09:01:33,459 - INFO - Iniciando extracción (Intento 1/3)...
2026-03-27 09:01:33,645 - INFO - Extracción exitosa.
2026-03-27 09:01:33,647 - INFO - Iniciando transformación de datos...
2026-03-27 09:01:33,650 - INFO - Transformación completada (5 registros procesados).
2026-03-27 09:01:33,650 - INFO - Iniciando carga en la base de datos crypto_data.db...
2026-03-27 09:01:33,654 - INFO - Carga exitosa. Datos persistidos.
2026-03-27 10:55:24,010 - INFO - Iniciando extracción (Intento 1/3)...
2026-03-27 10:55:24,128 - INFO - Extracción exitosa.
2026-03-27 10:55:24,129 - INFO - Iniciando transformación de datos...
2026-03-27 10:55:24,132 - INFO - Transformación completada (5 registros procesados).
2026-03-27 10:55:24,132 - INFO - Iniciando carga en la base de datos crypto_data.db...
2026-03-27 10:55:24,136 - INFO - Carga exitosa. Datos persistidos.
2026-03-27 11:47:15,067 - INFO - Iniciando extracción (Intento 1/3)...
2026-03-27 11:47:15,306 - INFO - Extracción exitosa.
2026-03-27 11:47:15,308 - INFO - Iniciando transformación de datos...
2026-03-27 11:47:15,310 - INFO - Transformación completada (5 registros procesados).
2026-03-27 11:47:15,310 - INFO - Iniciando carga en la base de datos crypto_data.db...
2026-03-27 11:47:15,317 - INFO - Carga exitosa. Datos persistidos.
2026-03-27 13:21:09,803 - INFO - Iniciando extracción (Intento 1/3)...
2026-03-27 13:21:09,992 - INFO - Extracción exitosa.
2026-03-27 13:21:09,993 - INFO - Iniciando transformación de datos...
2026-03-27 13:21:09,995 - INFO - Transformación completada (5 registros procesados).
2026-03-27 13:21:09,995 - INFO - Iniciando carga en la base de datos crypto_data.db...
2026-03-27 13:21:09,999 - INFO - Carga exitosa. Datos persistidos.
2026-03-27 14:58:03,834 - INFO - Iniciando extracción (Intento 1/3)...
2026-03-27 14:58:04,015 - INFO - Extracción exitosa.
2026-03-27 14:58:04,016 - INFO - Iniciando transformación de datos...
2026-03-27 14:58:04,021 - INFO - Transformación completada (5 registros procesados).
2026-03-27 14:58:04,021 - INFO - Iniciando carga en la base de datos crypto_data.db...
2026-03-27 14:58:04,027 - INFO - Carga exitosa. Datos persistidos.
2026-03-27 16:00:54,206 - INFO - Iniciando extracción (Intento 1/3)...
2026-03-27 16:00:54,374 - INFO - Extracción exitosa.
2026-03-27 16:00:54,375 - INFO - Iniciando transformación de datos...
2026-03-27 16:00:54,378 - INFO - Transformación completada (5 registros procesados).
2026-03-27 16:00:54,378 - INFO - Iniciando carga en la base de datos crypto_data.db...
2026-03-27 16:00:54,382 - INFO - Carga exitosa. Datos persistidos.
2026-03-27 17:53:05,466 - INFO - Iniciando extracción (Intento 1/3)...
2026-03-27 17:53:05,564 - INFO - Extracción exitosa.
2026-03-27 17:53:05,566 - INFO - Iniciando transformación de datos...
2026-03-27 17:53:05,569 - INFO - Transformación completada (5 registros procesados).
2026-03-27 17:53:05,569 - INFO - Iniciando carga en la base de datos crypto_data.db...
2026-03-27 17:53:05,574 - INFO - Carga exitosa. Datos persistidos.
2026-03-27 19:04:18,564 - INFO - Iniciando extracción (Intento 1/3)...
2026-03-27 19:04:18,665 - INFO - Extracción exitosa.
2026-03-27 19:04:18,666 - INFO - Iniciando transformación de datos...
2026-03-27 19:04:18,669 - INFO - Transformación completada (5 registros procesados).
2026-03-27 19:04:18,669 - INFO - Iniciando carga en la base de datos crypto_data.db...
2026-03-27 19:04:18,674 - INFO - Carga exitosa. Datos persistidos.
2026-03-27 20:49:04,344 - INFO - Iniciando extracción (Intento 1/3)...
2026-03-27 20:49:04,540 - INFO - Extracción exitosa.
2026-03-27 20:49:04,541 - INFO - Iniciando transformación de datos...
2026-03-27 20:49:04,544 - INFO - Transformación completada (5 registros procesados).
2026-03-27 20:49:04,544 - INFO - Iniciando carga en la base de datos crypto_data.db...
2026-03-27 20:49:04,548 - INFO - Carga exitosa. Datos persistidos.
2026-03-27 21:42:38,583 - INFO - Iniciando extracción (Intento 1/3)...
2026-03-27 21:42:38,814 - INFO - Extracción exitosa.
2026-03-27 21:42:38,815 - INFO - Iniciando transformación de datos...
2026-03-27 21:42:38,818 - INFO - Transformación completada (5 registros procesados).
2026-03-27 21:42:38,819 - INFO - Iniciando carga en la base de datos crypto_data.db...
2026-03-27 21:42:38,823 - INFO - Carga exitosa. Datos persistidos.
2026-03-27 22:40:42,163 - INFO - Iniciando extracción (Intento 1/3)...
2026-03-27 22:40:42,326 - INFO - Extracción exitosa.
2026-03-27 22:40:42,327 - INFO - Iniciando transformación de datos...
2026-03-27 22:40:42,330 - INFO - Transformación completada (5 registros procesados).
2026-03-27 22:40:42,330 - INFO - Iniciando carga en la base de datos crypto_data.db...
2026-03-27 22:40:43,231 - INFO - Carga exitosa. Datos persistidos.
2026-03-27 23:39:26,191 - INFO - Iniciando extracción (Intento 1/3)...
2026-03-27 23:39:26,425 - INFO - Extracción exitosa.
2026-03-27 23:39:26,426 - INFO - Iniciando transformación de datos...
2026-03-27 23:39:26,428 - INFO - Transformación completada (5 registros procesados).
2026-03-27 23:39:26,428 - INFO - Iniciando carga en la base de datos crypto_data.db...
2026-03-27 23:39:26,434 - INFO - Carga exitosa. Datos persistidos.
2026-03-28 02:45:43,407 - INFO - Iniciando extracción (Intento 1/3)...
2026-03-28 02:45:43,669 - INFO - Extracción exitosa.
2026-03-28 02:45:43,670 - INFO - Iniciando transformación de datos...
2026-03-28 02:45:43,675 - INFO - Transformación completada (5 registros procesados).
2026-03-28 02:45:43,676 - INFO - Iniciando carga en la base de datos crypto_data.db...
2026-03-28 02:45:43,683 - INFO - Carga exitosa. Datos persistidos.
2026-03-28 04:59:20,154 - INFO - Iniciando extracción (Intento 1/3)...
2026-03-28 04:59:20,298 - INFO - Extracción exitosa.
2026-03-28 04:59:20,299 - INFO - Iniciando transformación de datos...
2026-03-28 04:59:20,302 - INFO - Transformación completada (5 registros procesados).
2026-03-28 04:59:20,302 - INFO - Iniciando carga en la base de datos crypto_data.db...
2026-03-28 04:59:20,313 - INFO - Carga exitosa. Datos persistidos.
2026-03-28 06:06:17,702 - INFO - Iniciando extracción (Intento 1/3)...
2026-03-28 06:06:17,850 - INFO - Extracción exitosa.
2026-03-28 06:06:17,852 - INFO - Iniciando transformación de datos...
2026-03-28 06:06:17,855 - INFO - Transformación completada (5 registros procesados).
2026-03-28 06:06:17,856 - INFO - Iniciando carga en la base de datos crypto_data.db...
2026-03-28 06:06:18,183 - INFO - Carga exitosa. Datos persistidos.
2026-03-28 07:48:55,626 - INFO - Iniciando extracción (Intento 1/3)...
2026-03-28 07:48:55,763 - INFO - Extracción exitosa.
2026-03-28 07:48:55,764 - INFO - Iniciando transformación de datos...
2026-03-28 07:48:55,767 - INFO - Transformación completada (5 registros procesados).
2026-03-28 07:48:55,767 - INFO - Iniciando carga en la base de datos crypto_data.db...
2026-03-28 07:48:55,772 - INFO - Carga exitosa. Datos persistidos.
2026-03-28 08:50:53,132 - INFO - Iniciando extracción (Intento 1/3)...
2026-03-28 08:50:53,311 - INFO - Extracción exitosa.
2026-03-28 08:50:53,312 - INFO - Iniciando transformación de datos...
2026-03-28 08:50:53,316 - INFO - Transformación completada (5 registros procesados).
2026-03-28 08:50:53,317 - INFO - Iniciando carga en la base de datos crypto_data.db...
2026-03-28 08:50:53,325 - INFO - Carga exitosa. Datos persistidos.
2026-03-28 09:45:35,859 - INFO - Iniciando extracción (Intento 1/3)...
2026-03-28 09:45:36,079 - INFO - Extracción exitosa.
2026-03-28 09:45:36,080 - INFO - Iniciando transformación de datos...
2026-03-28 09:45:36,083 - INFO - Transformación completada (5 registros procesados).
2026-03-28 09:45:36,083 - INFO - Iniciando carga en la base de datos crypto_data.db...
2026-03-28 09:45:36,089 - INFO - Carga exitosa. Datos persistidos.
2026-03-28 10:39:03,029 - INFO - Iniciando extracción (Intento 1/3)...
2026-03-28 10:39:03,216 - INFO - Extracción exitosa.
2026-03-28 10:39:03,217 - INFO - Iniciando transformación de datos...
2026-03-28 10:39:03,220 - INFO - Transformación completada (5 registros procesados).
2026-03-28 10:39:03,221 - INFO - Iniciando carga en la base de datos crypto_data.db...
2026-03-28 10:39:03,225 - INFO - Carga exitosa. Datos persistidos.
2026-03-28 11:34:25,119 - INFO - Iniciando extracción (Intento 1/3)...
2026-03-28 11:34:25,268 - INFO - Extracción exitosa.
2026-03-28 11:34:25,269 - INFO - Iniciando transformación de datos...
2026-03-28 11:34:25,272 - INFO - Transformación completada (5 registros procesados).
2026-03-28 11:34:25,272 - INFO - Iniciando carga en la base de datos crypto_data.db...
2026-03-28 11:34:25,276 - INFO - Carga exitosa. Datos persistidos.
2026-03-28 13:09:18,525 - INFO - Iniciando extracción (Intento 1/3)...
2026-03-28 13:09:18,733 - INFO - Extracción exitosa.
2026-03-28 13:09:18,734 - INFO - Iniciando transformación de datos...
2026-03-28 13:09:18,737 - INFO - Transformación completada (5 registros procesados).
2026-03-28 13:09:18,737 - INFO - Iniciando carga en la base de datos crypto_data.db...
2026-03-28 13:09:18,741 - INFO - Carga exitosa. Datos persistidos.
2026-03-28 14:38:25,966 - INFO - Iniciando extracción (Intento 1/3)...
2026-03-28 14:38:26,067 - INFO - Extracción exitosa.
2026-03-28 14:38:26,068 - INFO - Iniciando transformación de datos...
2026-03-28 14:38:26,071 - INFO - Transformación completada (5 registros procesados).
2026-03-28 14:38:26,071 - INFO - Iniciando carga en la base de datos crypto_data.db...
2026-03-28 14:38:26,075 - INFO - Carga exitosa. Datos persistidos.
2026-03-28 15:37:44,624 - INFO - Iniciando extracción (Intento 1/3)...
2026-03-28 15:37:44,752 - INFO - Extracción exitosa.
2026-03-28 15:37:44,753 - INFO - Iniciando transformación de datos...
2026-03-28 15:37:44,756 - INFO - Transformación completada (5 registros procesados).
2026-03-28 15:37:44,756 - INFO - Iniciando carga en la base de datos crypto_data.db...
2026-03-28 15:37:44,762 - INFO - Carga exitosa. Datos persistidos.
2026-03-28 16:42:16,458 - INFO - Iniciando extracción (Intento 1/3)...
2026-03-28 16:42:16,655 - INFO - Extracción exitosa.
2026-03-28 16:42:16,657 - INFO - Iniciando transformación de datos...
2026-03-28 16:42:16,660 - INFO - Transformación completada (5 registros procesados).
2026-03-28 16:42:16,660 - INFO - Iniciando carga en la base de datos crypto_data.db...
2026-03-28 16:42:16,897 - INFO - Carga exitosa. Datos persistidos.
2026-03-28 17:36:15,003 - INFO - Iniciando extracción (Intento 1/3)...
2026-03-28 17:36:15,120 - INFO - Extracción exitosa.
2026-03-28 17:36:15,121 - INFO - Iniciando transformación de datos...
2026-03-28 17:36:15,124 - INFO - Transformación completada (5 registros procesados).
2026-03-28 17:36:15,124 - INFO - Iniciando carga en la base de datos crypto_data.db...
2026-03-28 17:36:15,129 - INFO - Carga exitosa. Datos persistidos.
2026-03-28 18:52:24,279 - INFO - Iniciando extracción (Intento 1/3)...
2026-03-28 18:52:24,479 - INFO - Extracción exitosa.
2026-03-28 18:52:24,481 - INFO - Iniciando transformación de datos...
2026-03-28 18:52:24,484 - INFO - Transformación completada (5 registros procesados).
2026-03-28 18:52:24,484 - INFO - Iniciando carga en la base de datos crypto_data.db...
2026-03-28 18:52:24,489 - INFO - Carga exitosa. Datos persistidos.
2026-03-28 19:35:31,380 - INFO - Iniciando extracción (Intento 1/3)...
2026-03-28 19:35:31,579 - INFO - Extracción exitosa.
2026-03-28 19:35:31,580 - INFO - Iniciando transformación de datos...
2026-03-28 19:35:31,583 - INFO - Transformación completada (5 registros procesados).
2026-03-28 19:35:31,583 - INFO - Iniciando carga en la base de datos crypto_data.db...
2026-03-28 19:35:31,588 - INFO - Carga exitosa. Datos persistidos.
2026-03-28 20:39:12,999 - INFO - Iniciando extracción (Intento 1/3)...
2026-03-28 20:39:13,211 - INFO - Extracción exitosa.
2026-03-28 20:39:13,212 - INFO - Iniciando transformación de datos...
2026-03-28 20:39:13,215 - INFO - Transformación completada (5 registros procesados).
2026-03-28 20:39:13,215 - INFO - Iniciando carga en la base de datos crypto_data.db...
2026-03-28 20:39:13,221 - INFO - Carga exitosa. Datos persistidos.
2026-03-28 21:36:29,095 - INFO - Iniciando extracción (Intento 1/3)...
2026-03-28 21:36:29,244 - INFO - Extracción exitosa.
2026-03-28 21:36:29,245 - INFO - Iniciando transformación de datos...
2026-03-28 21:36:29,249 - INFO - Transformación completada (5 registros procesados).
2026-03-28 21:36:29,249 - INFO - Iniciando carga en la base de datos crypto_data.db...
2026-03-28 21:36:29,254 - INFO - Carga exitosa. Datos persistidos.
2026-03-28 22:36:39,431 - INFO - Iniciando extracción (Intento 1/3)...
2026-03-28 22:36:39,554 - INFO - Extracción exitosa.
2026-03-28 22:36:39,555 - INFO - Iniciando transformación de datos...
2026-03-28 22:36:39,558 - INFO - Transformación completada (5 registros procesados).
2026-03-28 22:36:39,558 - INFO - Iniciando carga en la base de datos crypto_data.db...
2026-03-28 22:36:39,562 - INFO - Carga exitosa. Datos persistidos.
2026-03-28 23:37:55,090 - INFO - Iniciando extracción (Intento 1/3)...
2026-03-28 23:37:55,316 - INFO - Extracción exitosa.
2026-03-28 23:37:55,317 - INFO - Iniciando transformación de datos...
2026-03-28 23:37:55,320 - INFO - Transformación completada (5 registros procesados).
2026-03-28 23:37:55,320 - INFO - Iniciando carga en la base de datos crypto_data.db...
2026-03-28 23:37:55,325 - INFO - Carga exitosa. Datos persistidos.
2026-03-29 03:18:50,310 - INFO - Iniciando extracción (Intento 1/3)...
2026-03-29 03:18:50,600 - INFO - Extracción exitosa.
2026-03-29 03:18:50,601 - INFO - Iniciando transformación de datos...
2026-03-29 03:18:50,604 - INFO - Transformación completada (5 registros procesados).
2026-03-29 03:18:50,604 - INFO - Iniciando carga en la base de datos crypto_data.db...
2026-03-29 03:18:50,608 - INFO - Carga exitosa. Datos persistidos.
2026-03-29 05:45:46,818 - INFO - Iniciando extracción (Intento 1/3)...
2026-03-29 05:45:46,997 - INFO - Extracción exitosa.
2026-03-29 05:45:46,999 - INFO - Iniciando transformación de datos...
2026-03-29 05:45:47,003 - INFO - Transformación completada (5 registros procesados).
2026-03-29 05:45:47,003 - INFO - Iniciando carga en la base de datos crypto_data.db...
2026-03-29 05:45:47,007 - INFO - Carga exitosa. Datos persistidos.
2026-03-29 07:13:42,678 - INFO - Iniciando extracción (Intento 1/3)...
2026-03-29 07:13:42,845 - INFO - Extracción exitosa.
2026-03-29 07:13:42,846 - INFO - Iniciando transformación de datos...
2026-03-29 07:13:42,849 - INFO - Transformación completada (5 registros procesados).
2026-03-29 07:13:42,850 - INFO - Iniciando carga en la base de datos crypto_data.db...
2026-03-29 07:13:42,961 - INFO - Carga exitosa. Datos persistidos.
2026-03-29 08:50:53,317 - INFO - Iniciando extracción (Intento 1/3)...
2026-03-29 08:50:53,457 - INFO - Extracción exitosa.
2026-03-29 08:50:53,458 - INFO - Iniciando transformación de datos...
2026-03-29 08:50:53,460 - INFO - Transformación completada (5 registros procesados).
2026-03-29 08:50:53,460 - INFO - Iniciando carga en la base de datos crypto_data.db...
2026-03-29 08:50:53,464 - INFO - Carga exitosa. Datos persistidos.
2026-03-29 09:46:11,738 - INFO - Iniciando extracción (Intento 1/3)...
2026-03-29 09:46:11,970 - INFO - Extracción exitosa.
2026-03-29 09:46:11,971 - INFO - Iniciando transformación de datos...
2026-03-29 09:46:11,975 - INFO - Transformación completada (5 registros procesados).
2026-03-29 09:46:11,975 - INFO - Iniciando carga en la base de datos crypto_data.db...
2026-03-29 09:46:11,981 - INFO - Carga exitosa. Datos persistidos.
2026-03-29 10:41:48,868 - INFO - Iniciando extracción (Intento 1/3)...
2026-03-29 10:41:48,988 - INFO - Extracción exitosa.
2026-03-29 10:41:48,988 - INFO - Iniciando transformación de datos...
2026-03-29 10:41:48,991 - INFO - Transformación completada (5 registros procesados).
2026-03-29 10:41:48,991 - INFO - Iniciando carga en la base de datos crypto_data.db...
2026-03-29 10:41:48,999 - INFO - Carga exitosa. Datos persistidos.
2026-03-29 11:35:24,303 - INFO - Iniciando extracción (Intento 1/3)...
2026-03-29 11:35:24,470 - INFO - Extracción exitosa.
2026-03-29 11:35:24,472 - INFO - Iniciando transformación de datos...
2026-03-29 11:35:24,475 - INFO - Transformación completada (5 registros procesados).
2026-03-29 11:35:24,475 - INFO - Iniciando carga en la base de datos crypto_data.db...
2026-03-29 11:35:24,482 - INFO - Carga exitosa. Datos persistidos.
2026-03-29 13:10:23,539 - INFO - Iniciando extracción (Intento 1/3)...
2026-03-29 13:10:23,731 - INFO - Extracción exitosa.
2026-03-29 13:10:23,733 - INFO - Iniciando transformación de datos...
2026-03-29 13:10:23,736 - INFO - Transformación completada (5 registros procesados).
2026-03-29 13:10:23,736 - INFO - Iniciando carga en la base de datos crypto_data.db...
2026-03-29 13:10:23,742 - INFO - Carga exitosa. Datos persistidos.
2026-03-29 14:39:39,671 - INFO - Iniciando extracción (Intento 1/3)...
2026-03-29 14:39:39,882 - INFO - Extracción exitosa.
2026-03-29 14:39:39,883 - INFO - Iniciando transformación de datos...
2026-03-29 14:39:39,886 - INFO - Transformación completada (5 registros procesados).
2026-03-29 14:39:39,887 - INFO - Iniciando carga en la base de datos crypto_data.db...
2026-03-29 14:39:39,891 - INFO - Carga exitosa. Datos persistidos.
2026-03-29 15:39:09,245 - INFO - Iniciando extracción (Intento 1/3)...
2026-03-29 15:39:09,390 - INFO - Extracción exitosa.
2026-03-29 15:39:09,391 - INFO - Iniciando transformación de datos...
2026-03-29 15:39:09,394 - INFO - Transformación completada (5 registros procesados).
2026-03-29 15:39:09,394 - INFO - Iniciando carga en la base de datos crypto_data.db...
2026-03-29 15:39:09,398 - INFO - Carga exitosa. Datos persistidos.
2026-03-29 16:43:02,692 - INFO - Iniciando extracción (Intento 1/3)...
2026-03-29 16:43:02,827 - INFO - Extracción exitosa.
2026-03-29 16:43:02,829 - INFO - Iniciando transformación de datos...
2026-03-29 16:43:02,833 - INFO - Transformación completada (5 registros procesados).
2026-03-29 16:43:02,833 - INFO - Iniciando carga en la base de datos crypto_data.db...
2026-03-29 16:43:02,838 - INFO - Carga exitosa. Datos persistidos.
2026-03-29 17:38:10,396 - INFO - Iniciando extracción (Intento 1/3)...
2026-03-29 17:38:10,539 - INFO - Extracción exitosa.
2026-03-29 17:38:10,541 - INFO - Iniciando transformación de datos...
2026-03-29 17:38:10,545 - INFO - Transformación completada (5 registros procesados).
2026-03-29 17:38:10,546 - INFO - Iniciando carga en la base de datos crypto_data.db...
2026-03-29 17:38:10,554 - INFO - Carga exitosa. Datos persistidos.
2026-03-29 18:54:06,294 - INFO - Iniciando extracción (Intento 1/3)...
2026-03-29 18:54:06,437 - INFO - Extracción exitosa.
2026-03-29 18:54:06,438 - INFO - Iniciando transformación de datos...
2026-03-29 18:54:06,441 - INFO - Transformación completada (5 registros procesados).
2026-03-29 18:54:06,441 - INFO - Iniciando carga en la base de datos crypto_data.db...
2026-03-29 18:54:06,447 - INFO - Carga exitosa. Datos persistidos.
2026-03-29 19:37:26,272 - INFO - Iniciando extracción (Intento 1/3)...
2026-03-29 19:37:26,397 - INFO - Extracción exitosa.
2026-03-29 19:37:26,398 - INFO - Iniciando transformación de datos...
2026-03-29 19:37:26,401 - INFO - Transformación completada (5 registros procesados).
2026-03-29 19:37:26,401 - INFO - Iniciando carga en la base de datos crypto_data.db...
2026-03-29 19:37:26,405 - INFO - Carga exitosa. Datos persistidos.
2026-03-29 20:40:51,897 - INFO - Iniciando extracción (Intento 1/3)...
2026-03-29 20:40:51,998 - INFO - Extracción exitosa.
2026-03-29 20:40:51,999 - INFO - Iniciando transformación de datos...
2026-03-29 20:40:52,002 - INFO - Transformación completada (5 registros procesados).
2026-03-29 20:40:52,003 - INFO - Iniciando carga en la base de datos crypto_data.db...
2026-03-29 20:40:52,007 - INFO - Carga exitosa. Datos persistidos.
2026-03-29 21:39:07,656 - INFO - Iniciando extracción (Intento 1/3)...
2026-03-29 21:39:07,793 - INFO - Extracción exitosa.
2026-03-29 21:39:07,794 - INFO - Iniciando transformación de datos...
2026-03-29 21:39:07,798 - INFO - Transformación completada (5 registros procesados).
2026-03-29 21:39:07,798 - INFO - Iniciando carga en la base de datos crypto_data.db...
2026-03-29 21:39:07,806 - INFO - Carga exitosa. Datos persistidos.
2026-03-29 22:38:50,267 - INFO - Iniciando extracción (Intento 1/3)...
2026-03-29 22:38:50,383 - INFO - Extracción exitosa.
2026-03-29 22:38:50,383 - INFO - Iniciando transformación de datos...
2026-03-29 22:38:50,386 - INFO - Transformación completada (5 registros procesados).
2026-03-29 22:38:50,386 - INFO - Iniciando carga en la base de datos crypto_data.db...
2026-03-29 22:38:50,391 - INFO - Carga exitosa. Datos persistidos.
2026-03-29 23:40:07,803 - INFO - Iniciando extracción (Intento 1/3)...
2026-03-29 23:40:07,956 - INFO - Extracción exitosa.
2026-03-29 23:40:07,957 - INFO - Iniciando transformación de datos...
2026-03-29 23:40:07,961 - INFO - Transformación completada (5 registros procesados).
2026-03-29 23:40:07,961 - INFO - Iniciando carga en la base de datos crypto_data.db...
2026-03-29 23:40:07,965 - INFO - Carga exitosa. Datos persistidos.
2026-03-30 03:21:50,981 - INFO - Iniciando extracción (Intento 1/3)...
2026-03-30 03:21:51,318 - INFO - Extracción exitosa.
2026-03-30 03:21:51,319 - INFO - Iniciando transformación de datos...
2026-03-30 03:21:51,323 - INFO - Transformación completada (5 registros procesados).
2026-03-30 03:21:51,323 - INFO - Iniciando carga en la base de datos crypto_data.db...
2026-03-30 03:21:51,327 - INFO - Carga exitosa. Datos persistidos.
2026-03-30 06:02:33,246 - INFO - Iniciando extracción (Intento 1/3)...
2026-03-30 06:02:33,438 - INFO - Extracción exitosa.
2026-03-30 06:02:33,439 - INFO - Iniciando transformación de datos...
2026-03-30 06:02:33,442 - INFO - Transformación completada (5 registros procesados).
2026-03-30 06:02:33,442 - INFO - Iniciando carga en la base de datos crypto_data.db...
2026-03-30 06:02:33,446 - INFO - Carga exitosa. Datos persistidos.
2026-03-30 08:24:09,143 - INFO - Iniciando extracción (Intento 1/3)...
2026-03-30 08:24:09,328 - INFO - Extracción exitosa.
2026-03-30 08:24:09,329 - INFO - Iniciando transformación de datos...
2026-03-30 08:24:09,332 - INFO - Transformación completada (5 registros procesados).
2026-03-30 08:24:09,332 - INFO - Iniciando carga en la base de datos crypto_data.db...
2026-03-30 08:24:09,339 - INFO - Carga exitosa. Datos persistidos.
2026-03-30 10:22:43,096 - INFO - Iniciando extracción (Intento 1/3)...
2026-03-30 10:22:43,338 - INFO - Extracción exitosa.
2026-03-30 10:22:43,339 - INFO - Iniciando transformación de datos...
2026-03-30 10:22:43,343 - INFO - Transformación completada (5 registros procesados).
2026-03-30 10:22:43,343 - INFO - Iniciando carga en la base de datos crypto_data.db...
2026-03-30 10:22:43,353 - INFO - Carga exitosa. Datos persistidos.
2026-03-30 11:57:41,126 - INFO - Iniciando extracción (Intento 1/3)...
2026-03-30 11:57:41,345 - INFO - Extracción exitosa.
2026-03-30 11:57:41,347 - INFO - Iniciando transformación de datos...
2026-03-30 11:57:41,350 - INFO - Transformación completada (5 registros procesados).
2026-03-30 11:57:41,350 - INFO - Iniciando carga en la base de datos crypto_data.db...
2026-03-30 11:57:41,355 - INFO - Carga exitosa. Datos persistidos.
2026-03-30 13:56:19,242 - INFO - Iniciando extracción (Intento 1/3)...
2026-03-30 13:56:19,419 - INFO - Extracción exitosa.
2026-03-30 13:56:19,420 - INFO - Iniciando transformación de datos...
2026-03-30 13:56:19,423 - INFO - Transformación completada (5 registros procesados).
2026-03-30 13:56:19,423 - INFO - Iniciando carga en la base de datos crypto_data.db...
2026-03-30 13:56:20,139 - INFO - Carga exitosa. Datos persistidos.
2026-03-30 15:13:44,048 - INFO - Iniciando extracción (Intento 1/3)...
2026-03-30 15:13:44,388 - INFO - Extracción exitosa.
2026-03-30 15:13:44,389 - INFO - Iniciando transformación de datos...
2026-03-30 15:13:44,392 - INFO - Transformación completada (5 registros procesados).
2026-03-30 15:13:44,392 - INFO - Iniciando carga en la base de datos crypto_data.db...
2026-03-30 15:13:44,396 - INFO - Carga exitosa. Datos persistidos.
2026-03-30 17:03:53,967 - INFO - Iniciando extracción (Intento 1/3)...
2026-03-30 17:03:54,163 - INFO - Extracción exitosa.
2026-03-30 17:03:54,165 - INFO - Iniciando transformación de datos...
2026-03-30 17:03:54,168 - INFO - Transformación completada (5 registros procesados).
2026-03-30 17:03:54,168 - INFO - Iniciando carga en la base de datos crypto_data.db...
2026-03-30 17:03:54,173 - INFO - Carga exitosa. Datos persistidos.
2026-03-30 19:09:30,378 - INFO - Iniciando extracción (Intento 1/3)...
2026-03-30 19:09:30,464 - INFO - Extracción exitosa.
2026-03-30 19:09:30,465 - INFO - Iniciando transformación de datos...
2026-03-30 19:09:30,468 - INFO - Transformación completada (5 registros procesados).
2026-03-30 19:09:30,468 - INFO - Iniciando carga en la base de datos crypto_data.db...
2026-03-30 19:09:30,472 - INFO - Carga exitosa. Datos persistidos.
2026-03-30 20:54:39,256 - INFO - Iniciando extracción (Intento 1/3)...
2026-03-30 20:54:39,496 - INFO - Extracción exitosa.
2026-03-30 20:54:39,497 - INFO - Iniciando transformación de datos...
2026-03-30 20:54:39,501 - INFO - Transformación completada (5 registros procesados).
2026-03-30 20:54:39,501 - INFO - Iniciando carga en la base de datos crypto_data.db...
2026-03-30 20:54:39,506 - INFO - Carga exitosa. Datos persistidos.
2026-03-30 21:50:34,473 - INFO - Iniciando extracción (Intento 1/3)...
2026-03-30 21:50:34,657 - INFO - Extracción exitosa.
2026-03-30 21:50:34,658 - INFO - Iniciando transformación de datos...
2026-03-30 21:50:34,661 - INFO - Transformación completada (5 registros procesados).
2026-03-30 21:50:34,661 - INFO - Iniciando carga en la base de datos crypto_data.db...
2026-03-30 21:50:34,666 - INFO - Carga exitosa. Datos persistidos.
2026-03-30 22:44:50,774 - INFO - Iniciando extracción (Intento 1/3)...
2026-03-30 22:44:50,894 - INFO - Extracción exitosa.
2026-03-30 22:44:50,895 - INFO - Iniciando transformación de datos...
2026-03-30 22:44:50,898 - INFO - Transformación completada (5 registros procesados).
2026-03-30 22:44:50,898 - INFO - Iniciando carga en la base de datos crypto_data.db...
2026-03-30 22:44:50,903 - INFO - Carga exitosa. Datos persistidos.
2026-03-30 23:42:19,657 - INFO - Iniciando extracción (Intento 1/3)...
2026-03-30 23:42:19,798 - INFO - Extracción exitosa.
2026-03-30 23:42:19,800 - INFO - Iniciando transformación de datos...
2026-03-30 23:42:19,803 - INFO - Transformación completada (5 registros procesados).
2026-03-30 23:42:19,803 - INFO - Iniciando carga en la base de datos crypto_data.db...
2026-03-30 23:42:19,807 - INFO - Carga exitosa. Datos persistidos.
2026-03-31 02:54:56,689 - INFO - Iniciando extracción (Intento 1/3)...
2026-03-31 02:54:56,840 - INFO - Extracción exitosa.
2026-03-31 02:54:56,842 - INFO - Iniciando transformación de datos...
2026-03-31 02:54:56,845 - INFO - Transformación completada (5 registros procesados).
2026-03-31 02:54:56,845 - INFO - Iniciando carga en la base de datos crypto_data.db...
2026-03-31 02:54:56,852 - INFO - Carga exitosa. Datos persistidos.
2026-03-31 05:16:40,499 - INFO - Iniciando extracción (Intento 1/3)...
2026-03-31 05:16:40,645 - INFO - Extracción exitosa.
2026-03-31 05:16:40,646 - INFO - Iniciando transformación de datos...
2026-03-31 05:16:40,649 - INFO - Transformación completada (5 registros procesados).
2026-03-31 05:16:40,649 - INFO - Iniciando carga en la base de datos crypto_data.db...
2026-03-31 05:16:40,655 - INFO - Carga exitosa. Datos persistidos.
2026-03-31 07:26:44,879 - INFO - Iniciando extracción (Intento 1/3)...
2026-03-31 07:26:45,021 - INFO - Extracción exitosa.
2026-03-31 07:26:45,021 - INFO - Iniciando transformación de datos...
2026-03-31 07:26:45,024 - INFO - Transformación completada (5 registros procesados).
2026-03-31 07:26:45,024 - INFO - Iniciando carga en la base de datos crypto_data.db...
2026-03-31 07:26:45,029 - INFO - Carga exitosa. Datos persistidos.
2026-03-31 09:09:51,108 - INFO - Iniciando extracción (Intento 1/3)...
2026-03-31 09:09:51,319 - INFO - Extracción exitosa.
2026-03-31 09:09:51,320 - INFO - Iniciando transformación de datos...
2026-03-31 09:09:51,323 - INFO - Transformación completada (5 registros procesados).
2026-03-31 09:09:51,324 - INFO - Iniciando carga en la base de datos crypto_data.db...
2026-03-31 09:09:51,328 - INFO - Carga exitosa. Datos persistidos.
2026-03-31 11:01:24,403 - INFO - Iniciando extracción (Intento 1/3)...
2026-03-31 11:01:24,496 - INFO - Extracción exitosa.
2026-03-31 11:01:24,498 - INFO - Iniciando transformación de datos...
2026-03-31 11:01:24,501 - INFO - Transformación completada (5 registros procesados).
2026-03-31 11:01:24,501 - INFO - Iniciando carga en la base de datos crypto_data.db...
2026-03-31 11:01:24,506 - INFO - Carga exitosa. Datos persistidos.
2026-03-31 13:48:43,183 - INFO - Iniciando extracción (Intento 1/3)...
2026-03-31 13:48:43,326 - INFO - Extracción exitosa.
2026-03-31 13:48:43,327 - INFO - Iniciando transformación de datos...
2026-03-31 13:48:43,330 - INFO - Transformación completada (5 registros procesados).
2026-03-31 13:48:43,330 - INFO - Iniciando carga en la base de datos crypto_data.db...
2026-03-31 13:48:43,338 - INFO - Carga exitosa. Datos persistidos.
2026-03-31 15:09:38,394 - INFO - Iniciando extracción (Intento 1/3)...
2026-03-31 15:09:38,616 - INFO - Extracción exitosa.
2026-03-31 15:09:38,618 - INFO - Iniciando transformación de datos...
2026-03-31 15:09:38,621 - INFO - Transformación completada (5 registros procesados).
2026-03-31 15:09:38,621 - INFO - Iniciando carga en la base de datos crypto_data.db...
2026-03-31 15:09:38,626 - INFO - Carga exitosa. Datos persistidos.
2026-03-31 17:06:23,835 - INFO - Iniciando extracción (Intento 1/3)...
2026-03-31 17:06:24,065 - INFO - Extracción exitosa.
2026-03-31 17:06:24,066 - INFO - Iniciando transformación de datos...
2026-03-31 17:06:24,069 - INFO - Transformación completada (5 registros procesados).
2026-03-31 17:06:24,069 - INFO - Iniciando carga en la base de datos crypto_data.db...
2026-03-31 17:06:24,073 - INFO - Carga exitosa. Datos persistidos.
2026-03-31 19:11:52,014 - INFO - Iniciando extracción (Intento 1/3)...
2026-03-31 19:11:52,125 - INFO - Extracción exitosa.
2026-03-31 19:11:52,127 - INFO - Iniciando transformación de datos...
2026-03-31 19:11:52,130 - INFO - Transformación completada (5 registros procesados).
2026-03-31 19:11:52,130 - INFO - Iniciando carga en la base de datos crypto_data.db...
2026-03-31 19:11:52,140 - INFO - Carga exitosa. Datos persistidos.
2026-03-31 20:51:18,042 - INFO - Iniciando extracción (Intento 1/3)...
2026-03-31 20:51:18,619 - INFO - Extracción exitosa.
2026-03-31 20:51:18,620 - INFO - Iniciando transformación de datos...
2026-03-31 20:51:18,622 - INFO - Transformación completada (5 registros procesados).
2026-03-31 20:51:18,623 - INFO - Iniciando carga en la base de datos crypto_data.db...
2026-03-31 20:51:18,657 - INFO - Carga exitosa. Datos persistidos.
2026-03-31 21:47:59,338 - INFO - Iniciando extracción (Intento 1/3)...
2026-03-31 21:47:59,503 - INFO - Extracción exitosa.
2026-03-31 21:47:59,504 - INFO - Iniciando transformación de datos...
2026-03-31 21:47:59,507 - INFO - Transformación completada (5 registros procesados).
2026-03-31 21:47:59,507 - INFO - Iniciando carga en la base de datos crypto_data.db...
2026-03-31 21:47:59,512 - INFO - Carga exitosa. Datos persistidos.
2026-03-31 22:40:51,198 - INFO - Iniciando extracción (Intento 1/3)...
2026-03-31 22:40:51,294 - INFO - Extracción exitosa.
2026-03-31 22:40:51,296 - INFO - Iniciando transformación de datos...
2026-03-31 22:40:51,300 - INFO - Transformación completada (5 registros procesados).
2026-03-31 22:40:51,300 - INFO - Iniciando carga en la base de datos crypto_data.db...
2026-03-31 22:40:51,304 - INFO - Carga exitosa. Datos persistidos.
2026-03-31 23:40:31,639 - INFO - Iniciando extracción (Intento 1/3)...
2026-03-31 23:40:31,847 - INFO - Extracción exitosa.
2026-03-31 23:40:31,848 - INFO - Iniciando transformación de datos...
2026-03-31 23:40:31,851 - INFO - Transformación completada (5 registros procesados).
2026-03-31 23:40:31,851 - INFO - Iniciando carga en la base de datos crypto_data.db...
2026-03-31 23:40:31,856 - INFO - Carga exitosa. Datos persistidos.
2026-04-01 03:26:08,815 - INFO - Iniciando extracción (Intento 1/3)...
2026-04-01 03:26:09,145 - INFO - Extracción exitosa.
2026-04-01 03:26:09,147 - INFO - Iniciando transformación de datos...
2026-04-01 03:26:09,150 - INFO - Transformación completada (5 registros procesados).
2026-04-01 03:26:09,150 - INFO - Iniciando carga en la base de datos crypto_data.db...
2026-04-01 03:26:09,157 - INFO - Carga exitosa. Datos persistidos.
2026-04-01 05:59:25,619 - INFO - Iniciando extracción (Intento 1/3)...
2026-04-01 05:59:25,848 - INFO - Extracción exitosa.
2026-04-01 05:59:25,849 - INFO - Iniciando transformación de datos...
2026-04-01 05:59:25,853 - INFO - Transformación completada (5 registros procesados).
2026-04-01 05:59:25,853 - INFO - Iniciando carga en la base de datos crypto_data.db...
2026-04-01 05:59:25,860 - INFO - Carga exitosa. Datos persistidos.
2026-04-01 07:48:54,872 - INFO - Iniciando extracción (Intento 1/3)...
2026-04-01 07:48:55,177 - INFO - Extracción exitosa.
2026-04-01 07:48:55,178 - INFO - Iniciando transformación de datos...
2026-04-01 07:48:55,181 - INFO - Transformación completada (5 registros procesados).
2026-04-01 07:48:55,181 - INFO - Iniciando carga en la base de datos crypto_data.db...
2026-04-01 07:48:55,185 - INFO - Carga exitosa. Datos persistidos.
2026-04-01 09:15:49,430 - INFO - Iniciando extracción (Intento 1/3)...
2026-04-01 09:15:49,578 - INFO - Extracción exitosa.
2026-04-01 09:15:49,579 - INFO - Iniciando transformación de datos...
2026-04-01 09:15:49,583 - INFO - Transformación completada (5 registros procesados).
2026-04-01 09:15:49,583 - INFO - Iniciando carga en la base de datos crypto_data.db...
2026-04-01 09:15:49,587 - INFO - Carga exitosa. Datos persistidos.
2026-04-01 11:04:49,766 - INFO - Iniciando extracción (Intento 1/3)...
2026-04-01 11:04:49,895 - INFO - Extracción exitosa.
2026-04-01 11:04:49,896 - INFO - Iniciando transformación de datos...
2026-04-01 11:04:49,899 - INFO - Transformación completada (5 registros procesados).
2026-04-01 11:04:49,899 - INFO - Iniciando carga en la base de datos crypto_data.db...
2026-04-01 11:04:49,906 - INFO - Carga exitosa. Datos persistidos.
2026-04-01 13:51:34,670 - INFO - Iniciando extracción (Intento 1/3)...
2026-04-01 13:51:34,909 - INFO - Extracción exitosa.
2026-04-01 13:51:34,911 - INFO - Iniciando transformación de datos...
2026-04-01 13:51:34,915 - INFO - Transformación completada (5 registros procesados).
2026-04-01 13:51:34,915 - INFO - Iniciando carga en la base de datos crypto_data.db...
2026-04-01 13:51:34,922 - INFO - Carga exitosa. Datos persistidos.
2026-04-01 15:13:19,627 - INFO - Iniciando extracción (Intento 1/3)...
2026-04-01 15:13:19,772 - INFO - Extracción exitosa.
2026-04-01 15:13:19,774 - INFO - Iniciando transformación de datos...
2026-04-01 15:13:19,777 - INFO - Transformación completada (5 registros procesados).
2026-04-01 15:13:19,777 - INFO - Iniciando carga en la base de datos crypto_data.db...
2026-04-01 15:13:19,781 - INFO - Carga exitosa. Datos persistidos.
2026-04-01 17:03:39,623 - INFO - Iniciando extracción (Intento 1/3)...
2026-04-01 17:03:39,838 - INFO - Extracción exitosa.
2026-04-01 17:03:39,839 - INFO - Iniciando transformación de datos...
2026-04-01 17:03:39,842 - INFO - Transformación completada (5 registros procesados).
2026-04-01 17:03:39,842 - INFO - Iniciando carga en la base de datos crypto_data.db...
2026-04-01 17:03:39,846 - INFO - Carga exitosa. Datos persistidos.
2026-04-01 19:13:09,824 - INFO - Iniciando extracción (Intento 1/3)...
2026-04-01 19:13:09,963 - INFO - Extracción exitosa.
2026-04-01 19:13:09,964 - INFO - Iniciando transformación de datos...
2026-04-01 19:13:09,967 - INFO - Transformación completada (5 registros procesados).
2026-04-01 19:13:09,968 - INFO - Iniciando carga en la base de datos crypto_data.db...
2026-04-01 19:13:09,974 - INFO - Carga exitosa. Datos persistidos.
2026-04-01 20:54:03,106 - INFO - Iniciando extracción (Intento 1/3)...
2026-04-01 20:54:03,238 - INFO - Extracción exitosa.
2026-04-01 20:54:03,239 - INFO - Iniciando transformación de datos...
2026-04-01 20:54:03,242 - INFO - Transformación completada (5 registros procesados).
2026-04-01 20:54:03,242 - INFO - Iniciando carga en la base de datos crypto_data.db...
2026-04-01 20:54:03,247 - INFO - Carga exitosa. Datos persistidos.
2026-04-01 21:51:01,412 - INFO - Iniciando extracción (Intento 1/3)...
2026-04-01 21:51:01,578 - INFO - Extracción exitosa.
2026-04-01 21:51:01,580 - INFO - Iniciando transformación de datos...
2026-04-01 21:51:01,584 - INFO - Transformación completada (5 registros procesados).
2026-04-01 21:51:01,584 - INFO - Iniciando carga en la base de datos crypto_data.db...
2026-04-01 21:51:01,590 - INFO - Carga exitosa. Datos persistidos.
2026-04-01 22:47:28,161 - INFO - Iniciando extracción (Intento 1/3)...
2026-04-01 22:47:28,281 - INFO - Extracción exitosa.
2026-04-01 22:47:28,282 - INFO - Iniciando transformación de datos...
2026-04-01 22:47:28,285 - INFO - Transformación completada (5 registros procesados).
2026-04-01 22:47:28,285 - INFO - Iniciando carga en la base de datos crypto_data.db...
2026-04-01 22:47:28,290 - INFO - Carga exitosa. Datos persistidos.
2026-04-01 23:42:05,041 - INFO - Iniciando extracción (Intento 1/3)...
2026-04-01 23:42:05,185 - INFO - Extracción exitosa.
2026-04-01 23:42:05,186 - INFO - Iniciando transformación de datos...
2026-04-01 23:42:05,189 - INFO - Transformación completada (5 registros procesados).
2026-04-01 23:42:05,189 - INFO - Iniciando carga en la base de datos crypto_data.db...
2026-04-01 23:42:05,194 - INFO - Carga exitosa. Datos persistidos.
2026-04-02 02:51:26,837 - INFO - Iniciando extracción (Intento 1/3)...
2026-04-02 02:51:26,940 - INFO - Extracción exitosa.
2026-04-02 02:51:26,941 - INFO - Iniciando transformación de datos...
2026-04-02 02:51:26,946 - INFO - Transformación completada (5 registros procesados).
2026-04-02 02:51:26,946 - INFO - Iniciando carga en la base de datos crypto_data.db...
2026-04-02 02:51:26,951 - INFO - Carga exitosa. Datos persistidos.
2026-04-02 05:08:48,967 - INFO - Iniciando extracción (Intento 1/3)...
2026-04-02 05:08:49,118 - INFO - Extracción exitosa.
2026-04-02 05:08:49,119 - INFO - Iniciando transformación de datos...
2026-04-02 05:08:49,122 - INFO - Transformación completada (5 registros procesados).
2026-04-02 05:08:49,122 - INFO - Iniciando carga en la base de datos crypto_data.db...
2026-04-02 05:08:49,128 - INFO - Carga exitosa. Datos persistidos.
2026-04-02 07:23:05,701 - INFO - Iniciando extracción (Intento 1/3)...
2026-04-02 07:23:05,933 - INFO - Extracción exitosa.
2026-04-02 07:23:05,935 - INFO - Iniciando transformación de datos...
2026-04-02 07:23:05,937 - INFO - Transformación completada (5 registros procesados).
2026-04-02 07:23:05,938 - INFO - Iniciando carga en la base de datos crypto_data.db...
2026-04-02 07:23:05,943 - INFO - Carga exitosa. Datos persistidos.
2026-04-02 09:07:36,398 - INFO - Iniciando extracción (Intento 1/3)...
2026-04-02 09:07:36,556 - INFO - Extracción exitosa.
2026-04-02 09:07:36,557 - INFO - Iniciando transformación de datos...
2026-04-02 09:07:36,561 - INFO - Transformación completada (5 registros procesados).
2026-04-02 09:07:36,561 - INFO - Iniciando carga en la base de datos crypto_data.db...
2026-04-02 09:07:36,568 - INFO - Carga exitosa. Datos persistidos.
2026-04-02 10:58:32,428 - INFO - Iniciando extracción (Intento 1/3)...
2026-04-02 10:58:32,662 - INFO - Extracción exitosa.
2026-04-02 10:58:32,665 - INFO - Iniciando transformación de datos...
2026-04-02 10:58:32,671 - INFO - Transformación completada (5 registros procesados).
2026-04-02 10:58:32,671 - INFO - Iniciando carga en la base de datos crypto_data.db...
2026-04-02 10:58:32,679 - INFO - Carga exitosa. Datos persistidos.
2026-04-02 11:53:33,424 - INFO - Iniciando extracción (Intento 1/3)...
2026-04-02 11:53:33,544 - INFO - Extracción exitosa.
2026-04-02 11:53:33,546 - INFO - Iniciando transformación de datos...
2026-04-02 11:53:33,549 - INFO - Transformación completada (5 registros procesados).
2026-04-02 11:53:33,549 - INFO - Iniciando carga en la base de datos crypto_data.db...
2026-04-02 11:53:33,553 - INFO - Carga exitosa. Datos persistidos.
2026-04-02 13:41:58,978 - INFO - Iniciando extracción (Intento 1/3)...
2026-04-02 13:41:59,084 - INFO - Extracción exitosa.
2026-04-02 13:41:59,085 - INFO - Iniciando transformación de datos...
2026-04-02 13:41:59,089 - INFO - Transformación completada (5 registros procesados).
2026-04-02 13:41:59,089 - INFO - Iniciando carga en la base de datos crypto_data.db...
2026-04-02 13:41:59,094 - INFO - Carga exitosa. Datos persistidos.
2026-04-02 15:04:07,139 - INFO - Iniciando extracción (Intento 1/3)...
2026-04-02 15:04:07,329 - INFO - Extracción exitosa.
2026-04-02 15:04:07,330 - INFO - Iniciando transformación de datos...
2026-04-02 15:04:07,334 - INFO - Transformación completada (5 registros procesados).
2026-04-02 15:04:07,334 - INFO - Iniciando carga en la base de datos crypto_data.db...
2026-04-02 15:04:07,341 - INFO - Carga exitosa. Datos persistidos.
2026-04-02 17:02:50,121 - INFO - Iniciando extracción (Intento 1/3)...
2026-04-02 17:02:50,328 - INFO - Extracción exitosa.
2026-04-02 17:02:50,329 - INFO - Iniciando transformación de datos...
2026-04-02 17:02:50,332 - INFO - Transformación completada (5 registros procesados).
2026-04-02 17:02:50,332 - INFO - Iniciando carga en la base de datos crypto_data.db...
2026-04-02 17:02:50,336 - INFO - Carga exitosa. Datos persistidos.
2026-04-02 19:09:08,223 - INFO - Iniciando extracción (Intento 1/3)...
2026-04-02 19:09:08,324 - INFO - Extracción exitosa.
2026-04-02 19:09:08,325 - INFO - Iniciando transformación de datos...
2026-04-02 19:09:08,328 - INFO - Transformación completada (5 registros procesados).
2026-04-02 19:09:08,328 - INFO - Iniciando carga en la base de datos crypto_data.db...
2026-04-02 19:09:08,332 - INFO - Carga exitosa. Datos persistidos.
2026-04-02 20:42:08,594 - INFO - Iniciando extracción (Intento 1/3)...
2026-04-02 20:42:08,738 - INFO - Extracción exitosa.
2026-04-02 20:42:08,739 - INFO - Iniciando transformación de datos...
2026-04-02 20:42:08,742 - INFO - Transformación completada (5 registros procesados).
2026-04-02 20:42:08,742 - INFO - Iniciando carga en la base de datos crypto_data.db...
2026-04-02 20:42:08,747 - INFO - Carga exitosa. Datos persistidos.
2026-04-02 21:45:26,513 - INFO - Iniciando extracción (Intento 1/3)...
2026-04-02 21:45:26,675 - INFO - Extracción exitosa.
2026-04-02 21:45:26,676 - INFO - Iniciando transformación de datos...
2026-04-02 21:45:26,679 - INFO - Transformación completada (5 registros procesados).
2026-04-02 21:45:26,680 - INFO - Iniciando carga en la base de datos crypto_data.db...
2026-04-02 21:45:26,685 - INFO - Carga exitosa. Datos persistidos.
2026-04-02 22:39:11,704 - INFO - Iniciando extracción (Intento 1/3)...
2026-04-02 22:39:11,936 - INFO - Extracción exitosa.
2026-04-02 22:39:11,937 - INFO - Iniciando transformación de datos...
2026-04-02 22:39:11,940 - INFO - Transformación completada (5 registros procesados).
2026-04-02 22:39:11,940 - INFO - Iniciando carga en la base de datos crypto_data.db...
2026-04-02 22:39:11,945 - INFO - Carga exitosa. Datos persistidos.
2026-04-02 23:41:31,513 - INFO - Iniciando extracción (Intento 1/3)...
2026-04-02 23:41:31,698 - INFO - Extracción exitosa.
2026-04-02 23:41:31,699 - INFO - Iniciando transformación de datos...
2026-04-02 23:41:31,702 - INFO - Transformación completada (5 registros procesados).
2026-04-02 23:41:31,702 - INFO - Iniciando carga en la base de datos crypto_data.db...
2026-04-02 23:41:31,706 - INFO - Carga exitosa. Datos persistidos.
2026-04-03 02:53:54,240 - INFO - Iniciando extracción (Intento 1/3)...
2026-04-03 02:53:54,340 - INFO - Extracción exitosa.
2026-04-03 02:53:54,341 - INFO - Iniciando transformación de datos...
2026-04-03 02:53:54,344 - INFO - Transformación completada (5 registros procesados).
2026-04-03 02:53:54,345 - INFO - Iniciando carga en la base de datos crypto_data.db...
2026-04-03 02:53:54,349 - INFO - Carga exitosa. Datos persistidos.
2026-04-03 05:11:09,051 - INFO - Iniciando extracción (Intento 1/3)...
2026-04-03 05:11:09,212 - INFO - Extracción exitosa.
2026-04-03 05:11:09,213 - INFO - Iniciando transformación de datos...
2026-04-03 05:11:09,216 - INFO - Transformación completada (5 registros procesados).
2026-04-03 05:11:09,216 - INFO - Iniciando carga en la base de datos crypto_data.db...
2026-04-03 05:11:09,221 - INFO - Carga exitosa. Datos persistidos.
2026-04-03 07:19:23,394 - INFO - Iniciando extracción (Intento 1/3)...
2026-04-03 07:19:23,544 - INFO - Extracción exitosa.
2026-04-03 07:19:23,546 - INFO - Iniciando transformación de datos...
2026-04-03 07:19:23,549 - INFO - Transformación completada (5 registros procesados).
2026-04-03 07:19:23,549 - INFO - Iniciando carga en la base de datos crypto_data.db...
2026-04-03 07:19:23,554 - INFO - Carga exitosa. Datos persistidos.
2026-04-03 09:03:12,609 - INFO - Iniciando extracción (Intento 1/3)...
2026-04-03 09:03:12,779 - INFO - Extracción exitosa.
2026-04-03 09:03:12,781 - INFO - Iniciando transformación de datos...
2026-04-03 09:03:12,784 - INFO - Transformación completada (5 registros procesados).
2026-04-03 09:03:12,784 - INFO - Iniciando carga en la base de datos crypto_data.db...
2026-04-03 09:03:12,788 - INFO - Carga exitosa. Datos persistidos.
2026-04-03 10:51:27,634 - INFO - Iniciando extracción (Intento 1/3)...
2026-04-03 10:51:27,851 - INFO - Extracción exitosa.
2026-04-03 10:51:27,852 - INFO - Iniciando transformación de datos...
2026-04-03 10:51:27,855 - INFO - Transformación completada (5 registros procesados).
2026-04-03 10:51:27,855 - INFO - Iniciando carga en la base de datos crypto_data.db...
2026-04-03 10:51:27,860 - INFO - Carga exitosa. Datos persistidos.
2026-04-03 11:41:57,626 - INFO - Iniciando extracción (Intento 1/3)...
2026-04-03 11:41:57,752 - INFO - Extracción exitosa.
2026-04-03 11:41:57,754 - INFO - Iniciando transformación de datos...
2026-04-03 11:41:57,759 - INFO - Transformación completada (5 registros procesados).
2026-04-03 11:41:57,759 - INFO - Iniciando carga en la base de datos crypto_data.db...
2026-04-03 11:41:57,767 - INFO - Carga exitosa. Datos persistidos.
2026-04-03 13:18:10,621 - INFO - Iniciando extracción (Intento 1/3)...
2026-04-03 13:18:10,767 - INFO - Extracción exitosa.
2026-04-03 13:18:10,768 - INFO - Iniciando transformación de datos...
2026-04-03 13:18:10,771 - INFO - Transformación completada (5 registros procesados).
2026-04-03 13:18:10,772 - INFO - Iniciando carga en la base de datos crypto_data.db...
2026-04-03 13:18:10,779 - INFO - Carga exitosa. Datos persistidos.
2026-04-03 14:52:11,428 - INFO - Iniciando extracción (Intento 1/3)...
2026-04-03 14:52:11,590 - INFO - Extracción exitosa.
2026-04-03 14:52:11,591 - INFO - Iniciando transformación de datos...
2026-04-03 14:52:11,594 - INFO - Transformación completada (5 registros procesados).
2026-04-03 14:52:11,594 - INFO - Iniciando carga en la base de datos crypto_data.db...
2026-04-03 14:52:11,600 - INFO - Carga exitosa. Datos persistidos.
2026-04-03 15:44:28,274 - INFO - Iniciando extracción (Intento 1/3)...
2026-04-03 15:44:28,427 - INFO - Extracción exitosa.
2026-04-03 15:44:28,428 - INFO - Iniciando transformación de datos...
2026-04-03 15:44:28,431 - INFO - Transformación completada (5 registros procesados).
2026-04-03 15:44:28,431 - INFO - Iniciando carga en la base de datos crypto_data.db...
2026-04-03 15:44:28,435 - INFO - Carga exitosa. Datos persistidos.
2026-04-03 16:51:09,977 - INFO - Iniciando extracción (Intento 1/3)...
2026-04-03 16:51:10,211 - INFO - Extracción exitosa.
2026-04-03 16:51:10,212 - INFO - Iniciando transformación de datos...
2026-04-03 16:51:10,215 - INFO - Transformación completada (5 registros procesados).
2026-04-03 16:51:10,216 - INFO - Iniciando carga en la base de datos crypto_data.db...
2026-04-03 16:51:10,219 - INFO - Carga exitosa. Datos persistidos.
2026-04-03 17:40:20,061 - INFO - Iniciando extracción (Intento 1/3)...
2026-04-03 17:40:20,342 - INFO - Extracción exitosa.
2026-04-03 17:40:20,343 - INFO - Iniciando transformación de datos...
2026-04-03 17:40:20,345 - INFO - Transformación completada (5 registros procesados).
2026-04-03 17:40:20,346 - INFO - Iniciando carga en la base de datos crypto_data.db...
2026-04-03 17:40:20,350 - INFO - Carga exitosa. Datos persistidos.
2026-04-03 18:57:14,560 - INFO - Iniciando extracción (Intento 1/3)...
2026-04-03 18:57:14,683 - INFO - Extracción exitosa.
2026-04-03 18:57:14,684 - INFO - Iniciando transformación de datos...
2026-04-03 18:57:14,687 - INFO - Transformación completada (5 registros procesados).
2026-04-03 18:57:14,687 - INFO - Iniciando carga en la base de datos crypto_data.db...
2026-04-03 18:57:14,692 - INFO - Carga exitosa. Datos persistidos.
2026-04-03 19:46:06,964 - INFO - Iniciando extracción (Intento 1/3)...
2026-04-03 19:46:07,103 - INFO - Extracción exitosa.
2026-04-03 19:46:07,104 - INFO - Iniciando transformación de datos...
2026-04-03 19:46:07,107 - INFO - Transformación completada (5 registros procesados).
2026-04-03 19:46:07,107 - INFO - Iniciando carga en la base de datos crypto_data.db...
2026-04-03 19:46:07,111 - INFO - Carga exitosa. Datos persistidos.
2026-04-03 20:44:27,208 - INFO - Iniciando extracción (Intento 1/3)...
2026-04-03 20:44:27,438 - INFO - Extracción exitosa.
2026-04-03 20:44:27,439 - INFO - Iniciando transformación de datos...
2026-04-03 20:44:27,443 - INFO - Transformación completada (5 registros procesados).
2026-04-03 20:44:27,443 - INFO - Iniciando carga en la base de datos crypto_data.db...
2026-04-03 20:44:27,448 - INFO - Carga exitosa. Datos persistidos.
2026-04-03 21:40:29,215 - INFO - Iniciando extracción (Intento 1/3)...
2026-04-03 21:40:29,406 - INFO - Extracción exitosa.
2026-04-03 21:40:29,407 - INFO - Iniciando transformación de datos...
2026-04-03 21:40:29,410 - INFO - Transformación completada (5 registros procesados).
2026-04-03 21:40:29,410 - INFO - Iniciando carga en la base de datos crypto_data.db...
2026-04-03 21:40:29,414 - INFO - Carga exitosa. Datos persistidos.
2026-04-03 22:40:57,712 - INFO - Iniciando extracción (Intento 1/3)...
2026-04-03 22:40:57,866 - INFO - Extracción exitosa.
2026-04-03 22:40:57,866 - INFO - Iniciando transformación de datos...
2026-04-03 22:40:57,869 - INFO - Transformación completada (5 registros procesados).
2026-04-03 22:40:57,869 - INFO - Iniciando carga en la base de datos crypto_data.db...
2026-04-03 22:40:57,874 - INFO - Carga exitosa. Datos persistidos.
2026-04-03 23:41:14,926 - INFO - Iniciando extracción (Intento 1/3)...
2026-04-03 23:41:15,088 - INFO - Extracción exitosa.
2026-04-03 23:41:15,089 - INFO - Iniciando transformación de datos...
2026-04-03 23:41:15,092 - INFO - Transformación completada (5 registros procesados).
2026-04-03 23:41:15,092 - INFO - Iniciando carga en la base de datos crypto_data.db...
2026-04-03 23:41:15,096 - INFO - Carga exitosa. Datos persistidos.
2026-04-04 02:44:30,961 - INFO - Iniciando extracción (Intento 1/3)...
2026-04-04 02:44:31,121 - INFO - Extracción exitosa.
2026-04-04 02:44:31,122 - INFO - Iniciando transformación de datos...
2026-04-04 02:44:31,125 - INFO - Transformación completada (5 registros procesados).
2026-04-04 02:44:31,125 - INFO - Iniciando carga en la base de datos crypto_data.db...
2026-04-04 02:44:31,152 - INFO - Carga exitosa. Datos persistidos.
2026-04-04 04:56:53,438 - INFO - Iniciando extracción (Intento 1/3)...
2026-04-04 04:56:53,654 - INFO - Extracción exitosa.
2026-04-04 04:56:53,655 - INFO - Iniciando transformación de datos...
2026-04-04 04:56:53,658 - INFO - Transformación completada (5 registros procesados).
2026-04-04 04:56:53,658 - INFO - Iniciando carga en la base de datos crypto_data.db...
2026-04-04 04:56:53,662 - INFO - Carga exitosa. Datos persistidos.
2026-04-04 06:03:50,319 - INFO - Iniciando extracción (Intento 1/3)...
2026-04-04 06:03:50,444 - INFO - Extracción exitosa.
2026-04-04 06:03:50,446 - INFO - Iniciando transformación de datos...
2026-04-04 06:03:50,449 - INFO - Transformación completada (5 registros procesados).
2026-04-04 06:03:50,449 - INFO - Iniciando carga en la base de datos crypto_data.db...
2026-04-04 06:03:50,453 - INFO - Carga exitosa. Datos persistidos.
2026-04-04 07:51:32,557 - INFO - Iniciando extracción (Intento 1/3)...
2026-04-04 07:51:32,754 - INFO - Extracción exitosa.
2026-04-04 07:51:32,756 - INFO - Iniciando transformación de datos...
2026-04-04 07:51:32,760 - INFO - Transformación completada (5 registros procesados).
2026-04-04 07:51:32,760 - INFO - Iniciando carga en la base de datos crypto_data.db...
2026-04-04 07:51:32,765 - INFO - Carga exitosa. Datos persistidos.
2026-04-04 08:52:06,679 - INFO - Iniciando extracción (Intento 1/3)...
2026-04-04 08:52:06,834 - INFO - Extracción exitosa.
2026-04-04 08:52:06,835 - INFO - Iniciando transformación de datos...
2026-04-04 08:52:06,838 - INFO - Transformación completada (5 registros procesados).
2026-04-04 08:52:06,838 - INFO - Iniciando carga en la base de datos crypto_data.db...
2026-04-04 08:52:06,844 - INFO - Carga exitosa. Datos persistidos.
2026-04-04 09:47:38,885 - INFO - Iniciando extracción (Intento 1/3)...
2026-04-04 09:47:39,097 - INFO - Extracción exitosa.
2026-04-04 09:47:39,098 - INFO - Iniciando transformación de datos...
2026-04-04 09:47:39,101 - INFO - Transformación completada (5 registros procesados).
2026-04-04 09:47:39,101 - INFO - Iniciando carga en la base de datos crypto_data.db...
2026-04-04 09:47:39,107 - INFO - Carga exitosa. Datos persistidos.
2026-04-04 10:41:07,644 - INFO - Iniciando extracción (Intento 1/3)...
2026-04-04 10:41:07,796 - INFO - Extracción exitosa.
2026-04-04 10:41:07,797 - INFO - Iniciando transformación de datos...
2026-04-04 10:41:07,800 - INFO - Transformación completada (5 registros procesados).
2026-04-04 10:41:07,800 - INFO - Iniciando carga en la base de datos crypto_data.db...
2026-04-04 10:41:07,806 - INFO - Carga exitosa. Datos persistidos.
2026-04-04 11:35:03,161 - INFO - Iniciando extracción (Intento 1/3)...
2026-04-04 11:35:03,255 - INFO - Extracción exitosa.
2026-04-04 11:35:03,256 - INFO - Iniciando transformación de datos...
2026-04-04 11:35:03,259 - INFO - Transformación completada (5 registros procesados).
2026-04-04 11:35:03,259 - INFO - Iniciando carga en la base de datos crypto_data.db...
2026-04-04 11:35:03,263 - INFO - Carga exitosa. Datos persistidos.
2026-04-04 13:10:21,866 - INFO - Iniciando extracción (Intento 1/3)...
2026-04-04 13:10:22,015 - INFO - Extracción exitosa.
2026-04-04 13:10:22,016 - INFO - Iniciando transformación de datos...
2026-04-04 13:10:22,019 - INFO - Transformación completada (5 registros procesados).
2026-04-04 13:10:22,019 - INFO - Iniciando carga en la base de datos crypto_data.db...
2026-04-04 13:10:22,024 - INFO - Carga exitosa. Datos persistidos.
2026-04-04 14:39:44,786 - INFO - Iniciando extracción (Intento 1/3)...
2026-04-04 14:39:44,887 - INFO - Extracción exitosa.
2026-04-04 14:39:44,888 - INFO - Iniciando transformación de datos...
2026-04-04 14:39:44,891 - INFO - Transformación completada (5 registros procesados).
2026-04-04 14:39:44,891 - INFO - Iniciando carga en la base de datos crypto_data.db...
2026-04-04 14:39:44,897 - INFO - Carga exitosa. Datos persistidos.
2026-04-04 15:38:58,111 - INFO - Iniciando extracción (Intento 1/3)...
2026-04-04 15:38:58,276 - INFO - Extracción exitosa.
2026-04-04 15:38:58,277 - INFO - Iniciando transformación de datos...
2026-04-04 15:38:58,280 - INFO - Transformación completada (5 registros procesados).
2026-04-04 15:38:58,280 - INFO - Iniciando carga en la base de datos crypto_data.db...
2026-04-04 15:38:58,284 - INFO - Carga exitosa. Datos persistidos.
2026-04-04 16:43:57,458 - INFO - Iniciando extracción (Intento 1/3)...
2026-04-04 16:43:57,551 - INFO - Extracción exitosa.
2026-04-04 16:43:57,552 - INFO - Iniciando transformación de datos...
2026-04-04 16:43:57,555 - INFO - Transformación completada (5 registros procesados).
2026-04-04 16:43:57,555 - INFO - Iniciando carga en la base de datos crypto_data.db...
2026-04-04 16:43:57,560 - INFO - Carga exitosa. Datos persistidos.
2026-04-04 17:37:49,020 - INFO - Iniciando extracción (Intento 1/3)...
2026-04-04 17:37:49,154 - INFO - Extracción exitosa.
2026-04-04 17:37:49,155 - INFO - Iniciando transformación de datos...
2026-04-04 17:37:49,158 - INFO - Transformación completada (5 registros procesados).
2026-04-04 17:37:49,158 - INFO - Iniciando carga en la base de datos crypto_data.db...
2026-04-04 17:37:49,164 - INFO - Carga exitosa. Datos persistidos.
2026-04-04 18:53:15,894 - INFO - Iniciando extracción (Intento 1/3)...
2026-04-04 18:53:16,034 - INFO - Extracción exitosa.
2026-04-04 18:53:16,036 - INFO - Iniciando transformación de datos...
2026-04-04 18:53:16,039 - INFO - Transformación completada (5 registros procesados).
2026-04-04 18:53:16,039 - INFO - Iniciando carga en la base de datos crypto_data.db...
2026-04-04 18:53:16,046 - INFO - Carga exitosa. Datos persistidos.
2026-04-04 19:36:33,395 - INFO - Iniciando extracción (Intento 1/3)...
2026-04-04 19:36:33,557 - INFO - Extracción exitosa.
2026-04-04 19:36:33,559 - INFO - Iniciando transformación de datos...
2026-04-04 19:36:33,562 - INFO - Transformación completada (5 registros procesados).
2026-04-04 19:36:33,562 - INFO - Iniciando carga en la base de datos crypto_data.db...
2026-04-04 19:36:33,566 - INFO - Carga exitosa. Datos persistidos.
2026-04-04 20:40:36,819 - INFO - Iniciando extracción (Intento 1/3)...
2026-04-04 20:40:36,980 - INFO - Extracción exitosa.
2026-04-04 20:40:36,981 - INFO - Iniciando transformación de datos...
2026-04-04 20:40:36,984 - INFO - Transformación completada (5 registros procesados).
2026-04-04 20:40:36,984 - INFO - Iniciando carga en la base de datos crypto_data.db...
2026-04-04 20:40:36,991 - INFO - Carga exitosa. Datos persistidos.
2026-04-04 21:38:19,969 - INFO - Iniciando extracción (Intento 1/3)...
2026-04-04 21:38:20,161 - INFO - Extracción exitosa.
2026-04-04 21:38:20,162 - INFO - Iniciando transformación de datos...
2026-04-04 21:38:20,165 - INFO - Transformación completada (5 registros procesados).
2026-04-04 21:38:20,165 - INFO - Iniciando carga en la base de datos crypto_data.db...
2026-04-04 21:38:20,171 - INFO - Carga exitosa. Datos persistidos.
2026-04-04 22:37:41,056 - INFO - Iniciando extracción (Intento 1/3)...
2026-04-04 22:37:41,265 - INFO - Extracción exitosa.
2026-04-04 22:37:41,266 - INFO - Iniciando transformación de datos...
2026-04-04 22:37:41,269 - INFO - Transformación completada (5 registros procesados).
2026-04-04 22:37:41,269 - INFO - Iniciando carga en la base de datos crypto_data.db...
2026-04-04 22:37:41,274 - INFO - Carga exitosa. Datos persistidos.
2026-04-04 23:38:20,364 - INFO - Iniciando extracción (Intento 1/3)...
2026-04-04 23:38:20,501 - INFO - Extracción exitosa.
2026-04-04 23:38:20,502 - INFO - Iniciando transformación de datos...
2026-04-04 23:38:20,505 - INFO - Transformación completada (5 registros procesados).
2026-04-04 23:38:20,506 - INFO - Iniciando carga en la base de datos crypto_data.db...
2026-04-04 23:38:20,514 - INFO - Carga exitosa. Datos persistidos.
2026-04-05 03:20:52,787 - INFO - Iniciando extracción (Intento 1/3)...
2026-04-05 03:20:52,923 - INFO - Extracción exitosa.
2026-04-05 03:20:52,924 - INFO - Iniciando transformación de datos...
2026-04-05 03:20:52,928 - INFO - Transformación completada (5 registros procesados).
2026-04-05 03:20:52,928 - INFO - Iniciando carga en la base de datos crypto_data.db...
2026-04-05 03:20:52,932 - INFO - Carga exitosa. Datos persistidos.
2026-04-05 05:47:38,546 - INFO - Iniciando extracción (Intento 1/3)...
2026-04-05 05:47:38,727 - INFO - Extracción exitosa.
2026-04-05 05:47:38,728 - INFO - Iniciando transformación de datos...
2026-04-05 05:47:38,731 - INFO - Transformación completada (5 registros procesados).
2026-04-05 05:47:38,731 - INFO - Iniciando carga en la base de datos crypto_data.db...
2026-04-05 05:47:38,735 - INFO - Carga exitosa. Datos persistidos.
2026-04-05 07:16:48,877 - INFO - Iniciando extracción (Intento 1/3)...
2026-04-05 07:16:49,024 - INFO - Extracción exitosa.
2026-04-05 07:16:49,025 - INFO - Iniciando transformación de datos...
2026-04-05 07:16:49,028 - INFO - Transformación completada (5 registros procesados).
2026-04-05 07:16:49,029 - INFO - Iniciando carga en la base de datos crypto_data.db...
2026-04-05 07:16:49,033 - INFO - Carga exitosa. Datos persistidos.
2026-04-05 08:53:54,126 - INFO - Iniciando extracción (Intento 1/3)...
2026-04-05 08:53:54,246 - INFO - Extracción exitosa.
2026-04-05 08:53:54,247 - INFO - Iniciando transformación de datos...
2026-04-05 08:53:54,251 - INFO - Transformación completada (5 registros procesados).
2026-04-05 08:53:54,251 - INFO - Iniciando carga en la base de datos crypto_data.db...
2026-04-05 08:53:54,255 - INFO - Carga exitosa. Datos persistidos.
2026-04-05 09:47:42,004 - INFO - Iniciando extracción (Intento 1/3)...
2026-04-05 09:47:42,148 - INFO - Extracción exitosa.
2026-04-05 09:47:42,149 - INFO - Iniciando transformación de datos...
2026-04-05 09:47:42,152 - INFO - Transformación completada (5 registros procesados).
2026-04-05 09:47:42,152 - INFO - Iniciando carga en la base de datos crypto_data.db...
2026-04-05 09:47:42,157 - INFO - Carga exitosa. Datos persistidos.
2026-04-05 10:42:10,394 - INFO - Iniciando extracción (Intento 1/3)...
2026-04-05 10:42:10,572 - INFO - Extracción exitosa.
2026-04-05 10:42:10,573 - INFO - Iniciando transformación de datos...
2026-04-05 10:42:10,576 - INFO - Transformación completada (5 registros procesados).
2026-04-05 10:42:10,576 - INFO - Iniciando carga en la base de datos crypto_data.db...
2026-04-05 10:42:10,580 - INFO - Carga exitosa. Datos persistidos.
2026-04-05 11:36:21,601 - INFO - Iniciando extracción (Intento 1/3)...
2026-04-05 11:36:21,710 - INFO - Extracción exitosa.
2026-04-05 11:36:21,712 - INFO - Iniciando transformación de datos...
2026-04-05 11:36:21,715 - INFO - Transformación completada (5 registros procesados).
2026-04-05 11:36:21,715 - INFO - Iniciando carga en la base de datos crypto_data.db...
2026-04-05 11:36:21,722 - INFO - Carga exitosa. Datos persistidos.
2026-04-05 13:12:15,519 - INFO - Iniciando extracción (Intento 1/3)...
2026-04-05 13:12:15,708 - INFO - Extracción exitosa.
2026-04-05 13:12:15,709 - INFO - Iniciando transformación de datos...
2026-04-05 13:12:15,712 - INFO - Transformación completada (5 registros procesados).
2026-04-05 13:12:15,712 - INFO - Iniciando carga en la base de datos crypto_data.db...
2026-04-05 13:12:15,716 - INFO - Carga exitosa. Datos persistidos.
2026-04-05 14:40:47,810 - INFO - Iniciando extracción (Intento 1/3)...
2026-04-05 14:40:47,968 - INFO - Extracción exitosa.
2026-04-05 14:40:47,970 - INFO - Iniciando transformación de datos...
2026-04-05 14:40:47,973 - INFO - Transformación completada (5 registros procesados).
2026-04-05 14:40:47,974 - INFO - Iniciando carga en la base de datos crypto_data.db...
2026-04-05 14:40:47,979 - INFO - Carga exitosa. Datos persistidos.
2026-04-05 15:39:53,416 - INFO - Iniciando extracción (Intento 1/3)...
2026-04-05 15:39:53,611 - INFO - Extracción exitosa.
2026-04-05 15:39:53,612 - INFO - Iniciando transformación de datos...
2026-04-05 15:39:53,615 - INFO - Transformación completada (5 registros procesados).
2026-04-05 15:39:53,615 - INFO - Iniciando carga en la base de datos crypto_data.db...
2026-04-05 15:39:53,619 - INFO - Carga exitosa. Datos persistidos.
2026-04-05 16:45:06,836 - INFO - Iniciando extracción (Intento 1/3)...
2026-04-05 16:45:07,027 - INFO - Extracción exitosa.
2026-04-05 16:45:07,029 - INFO - Iniciando transformación de datos...
2026-04-05 16:45:07,032 - INFO - Transformación completada (5 registros procesados).
2026-04-05 16:45:07,032 - INFO - Iniciando carga en la base de datos crypto_data.db...
2026-04-05 16:45:07,036 - INFO - Carga exitosa. Datos persistidos.
2026-04-05 17:39:09,277 - INFO - Iniciando extracción (Intento 1/3)...
2026-04-05 17:39:09,404 - INFO - Extracción exitosa.
2026-04-05 17:39:09,405 - INFO - Iniciando transformación de datos...
2026-04-05 17:39:09,408 - INFO - Transformación completada (5 registros procesados).
2026-04-05 17:39:09,408 - INFO - Iniciando carga en la base de datos crypto_data.db...
2026-04-05 17:39:09,414 - INFO - Carga exitosa. Datos persistidos.
2026-04-05 18:55:06,719 - INFO - Iniciando extracción (Intento 1/3)...
2026-04-05 18:55:06,967 - INFO - Extracción exitosa.
2026-04-05 18:55:06,968 - INFO - Iniciando transformación de datos...
2026-04-05 18:55:06,971 - INFO - Transformación completada (5 registros procesados).
2026-04-05 18:55:06,971 - INFO - Iniciando carga en la base de datos crypto_data.db...
2026-04-05 18:55:06,975 - INFO - Carga exitosa. Datos persistidos.
2026-04-05 19:38:39,365 - INFO - Iniciando extracción (Intento 1/3)...
2026-04-05 19:38:39,458 - INFO - Extracción exitosa.
2026-04-05 19:38:39,459 - INFO - Iniciando transformación de datos...
2026-04-05 19:38:39,463 - INFO - Transformación completada (5 registros procesados).
2026-04-05 19:38:39,463 - INFO - Iniciando carga en la base de datos crypto_data.db...
2026-04-05 19:38:39,470 - INFO - Carga exitosa. Datos persistidos.
2026-04-05 20:41:02,388 - INFO - Iniciando extracción (Intento 1/3)...
2026-04-05 20:41:02,544 - INFO - Extracción exitosa.
2026-04-05 20:41:02,545 - INFO - Iniciando transformación de datos...
2026-04-05 20:41:02,548 - INFO - Transformación completada (5 registros procesados).
2026-04-05 20:41:02,548 - INFO - Iniciando carga en la base de datos crypto_data.db...
2026-04-05 20:41:02,552 - INFO - Carga exitosa. Datos persistidos.
2026-04-05 21:39:11,306 - INFO - Iniciando extracción (Intento 1/3)...
2026-04-05 21:39:11,531 - INFO - Extracción exitosa.
2026-04-05 21:39:11,532 - INFO - Iniciando transformación de datos...
2026-04-05 21:39:11,535 - INFO - Transformación completada (5 registros procesados).
2026-04-05 21:39:11,535 - INFO - Iniciando carga en la base de datos crypto_data.db...
2026-04-05 21:39:11,539 - INFO - Carga exitosa. Datos persistidos.
2026-04-05 22:39:07,409 - INFO - Iniciando extracción (Intento 1/3)...
2026-04-05 22:39:07,654 - INFO - Extracción exitosa.
2026-04-05 22:39:07,655 - INFO - Iniciando transformación de datos...
2026-04-05 22:39:07,658 - INFO - Transformación completada (5 registros procesados).
2026-04-05 22:39:07,658 - INFO - Iniciando carga en la base de datos crypto_data.db...
2026-04-05 22:39:07,663 - INFO - Carga exitosa. Datos persistidos.
2026-04-05 23:40:35,325 - INFO - Iniciando extracción (Intento 1/3)...
2026-04-05 23:40:35,446 - INFO - Extracción exitosa.
2026-04-05 23:40:35,447 - INFO - Iniciando transformación de datos...
2026-04-05 23:40:35,450 - INFO - Transformación completada (5 registros procesados).
2026-04-05 23:40:35,450 - INFO - Iniciando carga en la base de datos crypto_data.db...
2026-04-05 23:40:35,454 - INFO - Carga exitosa. Datos persistidos.
2026-04-06 03:23:55,727 - INFO - Iniciando extracción (Intento 1/3)...
2026-04-06 03:23:55,895 - INFO - Extracción exitosa.
2026-04-06 03:23:55,896 - INFO - Iniciando transformación de datos...
2026-04-06 03:23:55,899 - INFO - Transformación completada (5 registros procesados).
2026-04-06 03:23:55,899 - INFO - Iniciando carga en la base de datos crypto_data.db...
2026-04-06 03:23:55,903 - INFO - Carga exitosa. Datos persistidos.
2026-04-06 06:02:23,160 - INFO - Iniciando extracción (Intento 1/3)...
2026-04-06 06:02:23,338 - INFO - Extracción exitosa.
2026-04-06 06:02:23,339 - INFO - Iniciando transformación de datos...
2026-04-06 06:02:23,342 - INFO - Transformación completada (5 registros procesados).
2026-04-06 06:02:23,343 - INFO - Iniciando carga en la base de datos crypto_data.db...
2026-04-06 06:02:23,347 - INFO - Carga exitosa. Datos persistidos.
2026-04-06 08:24:39,579 - INFO - Iniciando extracción (Intento 1/3)...
2026-04-06 08:24:39,795 - INFO - Extracción exitosa.
2026-04-06 08:24:39,796 - INFO - Iniciando transformación de datos...
2026-04-06 08:24:39,799 - INFO - Transformación completada (5 registros procesados).
2026-04-06 08:24:39,799 - INFO - Iniciando carga en la base de datos crypto_data.db...
2026-04-06 08:24:39,820 - INFO - Carga exitosa. Datos persistidos.
2026-04-06 10:15:35,443 - INFO - Iniciando extracción (Intento 1/3)...
2026-04-06 10:15:35,689 - INFO - Extracción exitosa.
2026-04-06 10:15:35,690 - INFO - Iniciando transformación de datos...
2026-04-06 10:15:35,694 - INFO - Transformación completada (5 registros procesados).
2026-04-06 10:15:35,695 - INFO - Iniciando carga en la base de datos crypto_data.db...
2026-04-06 10:15:35,700 - INFO - Carga exitosa. Datos persistidos.
2026-04-06 11:52:14,538 - INFO - Iniciando extracción (Intento 1/3)...
2026-04-06 11:52:14,755 - INFO - Extracción exitosa.
2026-04-06 11:52:14,756 - INFO - Iniciando transformación de datos...
2026-04-06 11:52:14,759 - INFO - Transformación completada (5 registros procesados).
2026-04-06 11:52:14,759 - INFO - Iniciando carga en la base de datos crypto_data.db...
2026-04-06 11:52:14,764 - INFO - Carga exitosa. Datos persistidos.
2026-04-06 13:24:24,721 - INFO - Iniciando extracción (Intento 1/3)...
2026-04-06 13:24:24,978 - INFO - Extracción exitosa.
2026-04-06 13:24:24,979 - INFO - Iniciando transformación de datos...
2026-04-06 13:24:24,983 - INFO - Transformación completada (5 registros procesados).
2026-04-06 13:24:24,983 - INFO - Iniciando carga en la base de datos crypto_data.db...
2026-04-06 13:24:24,988 - INFO - Carga exitosa. Datos persistidos.
2026-04-06 14:56:02,421 - INFO - Iniciando extracción (Intento 1/3)...
2026-04-06 14:56:02,662 - INFO - Extracción exitosa.
2026-04-06 14:56:02,663 - INFO - Iniciando transformación de datos...
2026-04-06 14:56:02,666 - INFO - Transformación completada (5 registros procesados).
2026-04-06 14:56:02,666 - INFO - Iniciando carga en la base de datos crypto_data.db...
2026-04-06 14:56:02,671 - INFO - Carga exitosa. Datos persistidos.
2026-04-06 15:56:24,974 - INFO - Iniciando extracción (Intento 1/3)...
2026-04-06 15:56:25,088 - INFO - Extracción exitosa.
2026-04-06 15:56:25,089 - INFO - Iniciando transformación de datos...
2026-04-06 15:56:25,092 - INFO - Transformación completada (5 registros procesados).
2026-04-06 15:56:25,092 - INFO - Iniciando carga en la base de datos crypto_data.db...
2026-04-06 15:56:25,099 - INFO - Carga exitosa. Datos persistidos.
2026-04-06 16:59:41,931 - INFO - Iniciando extracción (Intento 1/3)...
2026-04-06 16:59:42,084 - INFO - Extracción exitosa.
2026-04-06 16:59:42,086 - INFO - Iniciando transformación de datos...
2026-04-06 16:59:42,089 - INFO - Transformación completada (5 registros procesados).
2026-04-06 16:59:42,089 - INFO - Iniciando carga en la base de datos crypto_data.db...
2026-04-06 16:59:42,093 - INFO - Carga exitosa. Datos persistidos.
2026-04-06 17:58:44,610 - INFO - Iniciando extracción (Intento 1/3)...
2026-04-06 17:58:44,775 - INFO - Extracción exitosa.
2026-04-06 17:58:44,777 - INFO - Iniciando transformación de datos...
2026-04-06 17:58:44,782 - INFO - Transformación completada (5 registros procesados).
2026-04-06 17:58:44,782 - INFO - Iniciando carga en la base de datos crypto_data.db...
2026-04-06 17:58:44,787 - INFO - Carga exitosa. Datos persistidos.
2026-04-06 19:14:55,648 - INFO - Iniciando extracción (Intento 1/3)...
2026-04-06 19:14:56,245 - INFO - Extracción exitosa.
2026-04-06 19:14:56,247 - INFO - Iniciando transformación de datos...
2026-04-06 19:14:56,250 - INFO - Transformación completada (5 registros procesados).
2026-04-06 19:14:56,250 - INFO - Iniciando carga en la base de datos crypto_data.db...
2026-04-06 19:14:56,255 - INFO - Carga exitosa. Datos persistidos.
2026-04-06 20:45:11,876 - INFO - Iniciando extracción (Intento 1/3)...
2026-04-06 20:45:12,107 - INFO - Extracción exitosa.
2026-04-06 20:45:12,108 - INFO - Iniciando transformación de datos...
2026-04-06 20:45:12,111 - INFO - Transformación completada (5 registros procesados).
2026-04-06 20:45:12,111 - INFO - Iniciando carga en la base de datos crypto_data.db...
2026-04-06 20:45:12,117 - INFO - Carga exitosa. Datos persistidos.
2026-04-06 21:43:45,412 - INFO - Iniciando extracción (Intento 1/3)...
2026-04-06 21:43:45,563 - INFO - Extracción exitosa.
2026-04-06 21:43:45,564 - INFO - Iniciando transformación de datos...
2026-04-06 21:43:45,567 - INFO - Transformación completada (5 registros procesados).
2026-04-06 21:43:45,567 - INFO - Iniciando carga en la base de datos crypto_data.db...
2026-04-06 21:43:45,571 - INFO - Carga exitosa. Datos persistidos.
2026-04-06 22:44:07,063 - INFO - Iniciando extracción (Intento 1/3)...
2026-04-06 22:44:07,164 - INFO - Extracción exitosa.
2026-04-06 22:44:07,165 - INFO - Iniciando transformación de datos...
2026-04-06 22:44:07,168 - INFO - Transformación completada (5 registros procesados).
2026-04-06 22:44:07,168 - INFO - Iniciando carga en la base de datos crypto_data.db...
2026-04-06 22:44:07,172 - INFO - Carga exitosa. Datos persistidos.
2026-04-06 23:42:14,740 - INFO - Iniciando extracción (Intento 1/3)...
2026-04-06 23:42:14,976 - INFO - Extracción exitosa.
2026-04-06 23:42:14,977 - INFO - Iniciando transformación de datos...
2026-04-06 23:42:14,981 - INFO - Transformación completada (5 registros procesados).
2026-04-06 23:42:14,981 - INFO - Iniciando carga en la base de datos crypto_data.db...
2026-04-06 23:42:14,986 - INFO - Carga exitosa. Datos persistidos.
2026-04-07 02:56:37,737 - INFO - Iniciando extracción (Intento 1/3)...
2026-04-07 02:56:37,965 - INFO - Extracción exitosa.
2026-04-07 02:56:37,966 - INFO - Iniciando transformación de datos...
2026-04-07 02:56:37,969 - INFO - Transformación completada (5 registros procesados).
2026-04-07 02:56:37,969 - INFO - Iniciando carga en la base de datos crypto_data.db...
2026-04-07 02:56:37,975 - INFO - Carga exitosa. Datos persistidos.
2026-04-07 05:18:20,655 - INFO - Iniciando extracción (Intento 1/3)...
2026-04-07 05:18:20,797 - INFO - Extracción exitosa.
2026-04-07 05:18:20,798 - INFO - Iniciando transformación de datos...
2026-04-07 05:18:20,801 - INFO - Transformación completada (5 registros procesados).
2026-04-07 05:18:20,801 - INFO - Iniciando carga en la base de datos crypto_data.db...
2026-04-07 05:18:20,806 - INFO - Carga exitosa. Datos persistidos.
2026-04-07 07:41:39,002 - INFO - Iniciando extracción (Intento 1/3)...
2026-04-07 07:41:39,148 - INFO - Extracción exitosa.
2026-04-07 07:41:39,149 - INFO - Iniciando transformación de datos...
2026-04-07 07:41:39,152 - INFO - Transformación completada (5 registros procesados).
2026-04-07 07:41:39,152 - INFO - Iniciando carga en la base de datos crypto_data.db...
2026-04-07 07:41:39,189 - INFO - Carga exitosa. Datos persistidos.
2026-04-07 09:12:45,162 - INFO - Iniciando extracción (Intento 1/3)...
2026-04-07 09:12:45,389 - INFO - Extracción exitosa.
2026-04-07 09:12:45,390 - INFO - Iniciando transformación de datos...
2026-04-07 09:12:45,393 - INFO - Transformación completada (5 registros procesados).
2026-04-07 09:12:45,393 - INFO - Iniciando carga en la base de datos crypto_data.db...
2026-04-07 09:12:45,397 - INFO - Carga exitosa. Datos persistidos.
2026-04-07 11:04:29,533 - INFO - Iniciando extracción (Intento 1/3)...
2026-04-07 11:04:29,693 - INFO - Extracción exitosa.
2026-04-07 11:04:29,694 - INFO - Iniciando transformación de datos...
2026-04-07 11:04:29,696 - INFO - Transformación completada (5 registros procesados).
2026-04-07 11:04:29,696 - INFO - Iniciando carga en la base de datos crypto_data.db...
2026-04-07 11:04:29,701 - INFO - Carga exitosa. Datos persistidos.
2026-04-07 13:45:37,075 - INFO - Iniciando extracción (Intento 1/3)...
2026-04-07 13:45:37,228 - INFO - Extracción exitosa.
2026-04-07 13:45:37,229 - INFO - Iniciando transformación de datos...
2026-04-07 13:45:37,232 - INFO - Transformación completada (5 registros procesados).
2026-04-07 13:45:37,233 - INFO - Iniciando carga en la base de datos crypto_data.db...
2026-04-07 13:45:37,238 - INFO - Carga exitosa. Datos persistidos.
2026-04-07 15:17:08,472 - INFO - Iniciando extracción (Intento 1/3)...
2026-04-07 15:17:08,635 - INFO - Extracción exitosa.
2026-04-07 15:17:08,636 - INFO - Iniciando transformación de datos...
2026-04-07 15:17:08,640 - INFO - Transformación completada (5 registros procesados).
2026-04-07 15:17:08,640 - INFO - Iniciando carga en la base de datos crypto_data.db...
2026-04-07 15:17:08,645 - INFO - Carga exitosa. Datos persistidos.
2026-04-07 17:09:13,645 - INFO - Iniciando extracción (Intento 1/3)...
2026-04-07 17:09:13,863 - INFO - Extracción exitosa.
2026-04-07 17:09:13,864 - INFO - Iniciando transformación de datos...
2026-04-07 17:09:13,867 - INFO - Transformación completada (5 registros procesados).
2026-04-07 17:09:13,867 - INFO - Iniciando carga en la base de datos crypto_data.db...
2026-04-07 17:09:13,872 - INFO - Carga exitosa. Datos persistidos.
2026-04-07 19:14:47,369 - INFO - Iniciando extracción (Intento 1/3)...
2026-04-07 19:14:47,540 - INFO - Extracción exitosa.
2026-04-07 19:14:47,541 - INFO - Iniciando transformación de datos...
2026-04-07 19:14:47,545 - INFO - Transformación completada (5 registros procesados).
2026-04-07 19:14:47,546 - INFO - Iniciando carga en la base de datos crypto_data.db...
2026-04-07 19:14:47,555 - INFO - Carga exitosa. Datos persistidos.
2026-04-07 20:56:20,167 - INFO - Iniciando extracción (Intento 1/3)...
2026-04-07 20:56:20,309 - INFO - Extracción exitosa.
2026-04-07 20:56:20,310 - INFO - Iniciando transformación de datos...
2026-04-07 20:56:20,313 - INFO - Transformación completada (5 registros procesados).
2026-04-07 20:56:20,313 - INFO - Iniciando carga en la base de datos crypto_data.db...
2026-04-07 20:56:20,318 - INFO - Carga exitosa. Datos persistidos.
2026-04-07 21:51:49,940 - INFO - Iniciando extracción (Intento 1/3)...
2026-04-07 21:51:50,068 - INFO - Extracción exitosa.
2026-04-07 21:51:50,069 - INFO - Iniciando transformación de datos...
2026-04-07 21:51:50,072 - INFO - Transformación completada (5 registros procesados).
2026-04-07 21:51:50,072 - INFO - Iniciando carga en la base de datos crypto_data.db...
2026-04-07 21:51:50,076 - INFO - Carga exitosa. Datos persistidos.
2026-04-07 22:47:21,948 - INFO - Iniciando extracción (Intento 1/3)...
2026-04-07 22:47:22,091 - INFO - Extracción exitosa.
2026-04-07 22:47:22,092 - INFO - Iniciando transformación de datos...
2026-04-07 22:47:22,095 - INFO - Transformación completada (5 registros procesados).
2026-04-07 22:47:22,095 - INFO - Iniciando carga en la base de datos crypto_data.db...
2026-04-07 22:47:22,100 - INFO - Carga exitosa. Datos persistidos.
2026-04-07 23:44:25,079 - INFO - Iniciando extracción (Intento 1/3)...
2026-04-07 23:44:25,231 - INFO - Extracción exitosa.
2026-04-07 23:44:25,233 - INFO - Iniciando transformación de datos...
2026-04-07 23:44:25,236 - INFO - Transformación completada (5 registros procesados).
2026-04-07 23:44:25,236 - INFO - Iniciando carga en la base de datos crypto_data.db...
2026-04-07 23:44:25,240 - INFO - Carga exitosa. Datos persistidos.
2026-04-08 03:16:22,149 - INFO - Iniciando extracción (Intento 1/3)...
2026-04-08 03:16:22,369 - INFO - Extracción exitosa.
2026-04-08 03:16:22,370 - INFO - Iniciando transformación de datos...
2026-04-08 03:16:22,373 - INFO - Transformación completada (5 registros procesados).
2026-04-08 03:16:22,373 - INFO - Iniciando carga en la base de datos crypto_data.db...
2026-04-08 03:16:22,378 - INFO - Carga exitosa. Datos persistidos.
2026-04-08 05:50:37,516 - INFO - Iniciando extracción (Intento 1/3)...
2026-04-08 05:50:37,669 - INFO - Extracción exitosa.
2026-04-08 05:50:37,670 - INFO - Iniciando transformación de datos...
2026-04-08 05:50:37,673 - INFO - Transformación completada (5 registros procesados).
2026-04-08 05:50:37,673 - INFO - Iniciando carga en la base de datos crypto_data.db...
2026-04-08 05:50:37,685 - INFO - Carga exitosa. Datos persistidos.
2026-04-08 07:45:29,321 - INFO - Iniciando extracción (Intento 1/3)...
2026-04-08 07:45:29,534 - INFO - Extracción exitosa.
2026-04-08 07:45:29,536 - INFO - Iniciando transformación de datos...
2026-04-08 07:45:29,539 - INFO - Transformación completada (5 registros procesados).
2026-04-08 07:45:29,539 - INFO - Iniciando carga en la base de datos crypto_data.db...
2026-04-08 07:45:29,544 - INFO - Carga exitosa. Datos persistidos.
2026-04-08 09:11:37,141 - INFO - Iniciando extracción (Intento 1/3)...
2026-04-08 09:11:37,271 - INFO - Extracción exitosa.
2026-04-08 09:11:37,272 - INFO - Iniciando transformación de datos...
2026-04-08 09:11:37,275 - INFO - Transformación completada (5 registros procesados).
2026-04-08 09:11:37,275 - INFO - Iniciando carga en la base de datos crypto_data.db...
2026-04-08 09:11:37,280 - INFO - Carga exitosa. Datos persistidos.
2026-04-08 11:05:24,412 - INFO - Iniciando extracción (Intento 1/3)...
2026-04-08 11:05:24,644 - INFO - Extracción exitosa.
2026-04-08 11:05:24,645 - INFO - Iniciando transformación de datos...
2026-04-08 11:05:24,648 - INFO - Transformación completada (5 registros procesados).
2026-04-08 11:05:24,648 - INFO - Iniciando carga en la base de datos crypto_data.db...
2026-04-08 11:05:24,652 - INFO - Carga exitosa. Datos persistidos.
2026-04-08 13:48:03,857 - INFO - Iniciando extracción (Intento 1/3)...
2026-04-08 13:48:04,037 - INFO - Extracción exitosa.
2026-04-08 13:48:04,038 - INFO - Iniciando transformación de datos...
2026-04-08 13:48:04,041 - INFO - Transformación completada (5 registros procesados).
2026-04-08 13:48:04,041 - INFO - Iniciando carga en la base de datos crypto_data.db...
2026-04-08 13:48:04,047 - INFO - Carga exitosa. Datos persistidos.
2026-04-08 15:18:33,394 - INFO - Iniciando extracción (Intento 1/3)...
2026-04-08 15:18:33,630 - INFO - Extracción exitosa.
2026-04-08 15:18:33,632 - INFO - Iniciando transformación de datos...
2026-04-08 15:18:33,635 - INFO - Transformación completada (5 registros procesados).
2026-04-08 15:18:33,635 - INFO - Iniciando carga en la base de datos crypto_data.db...
2026-04-08 15:18:33,639 - INFO - Carga exitosa. Datos persistidos.
2026-04-08 17:13:19,201 - INFO - Iniciando extracción (Intento 1/3)...
2026-04-08 17:13:19,422 - INFO - Extracción exitosa.
2026-04-08 17:13:19,423 - INFO - Iniciando transformación de datos...
2026-04-08 17:13:19,426 - INFO - Transformación completada (5 registros procesados).
2026-04-08 17:13:19,426 - INFO - Iniciando carga en la base de datos crypto_data.db...
2026-04-08 17:13:19,431 - INFO - Carga exitosa. Datos persistidos.
2026-04-08 19:26:28,181 - INFO - Iniciando extracción (Intento 1/3)...
2026-04-08 19:26:28,318 - INFO - Extracción exitosa.
2026-04-08 19:26:28,319 - INFO - Iniciando transformación de datos...
2026-04-08 19:26:28,322 - INFO - Transformación completada (5 registros procesados).
2026-04-08 19:26:28,322 - INFO - Iniciando carga en la base de datos crypto_data.db...
2026-04-08 19:26:28,327 - INFO - Carga exitosa. Datos persistidos.
2026-04-08 20:53:58,074 - INFO - Iniciando extracción (Intento 1/3)...
2026-04-08 20:53:58,296 - INFO - Extracción exitosa.
2026-04-08 20:53:58,298 - INFO - Iniciando transformación de datos...
2026-04-08 20:53:58,301 - INFO - Transformación completada (5 registros procesados).
2026-04-08 20:53:58,301 - INFO - Iniciando carga en la base de datos crypto_data.db...
2026-04-08 20:53:58,306 - INFO - Carga exitosa. Datos persistidos.
2026-04-08 21:50:55,493 - INFO - Iniciando extracción (Intento 1/3)...
2026-04-08 21:50:55,619 - INFO - Extracción exitosa.
2026-04-08 21:50:55,620 - INFO - Iniciando transformación de datos...
2026-04-08 21:50:55,623 - INFO - Transformación completada (5 registros procesados).
2026-04-08 21:50:55,623 - INFO - Iniciando carga en la base de datos crypto_data.db...
2026-04-08 21:50:55,939 - INFO - Carga exitosa. Datos persistidos.
2026-04-08 22:50:47,434 - INFO - Iniciando extracción (Intento 1/3)...
2026-04-08 22:50:47,668 - INFO - Extracción exitosa.
2026-04-08 22:50:47,669 - INFO - Iniciando transformación de datos...
2026-04-08 22:50:47,672 - INFO - Transformación completada (5 registros procesados).
2026-04-08 22:50:47,672 - INFO - Iniciando carga en la base de datos crypto_data.db...
2026-04-08 22:50:47,676 - INFO - Carga exitosa. Datos persistidos.
2026-04-08 23:45:15,035 - INFO - Iniciando extracción (Intento 1/3)...
2026-04-08 23:45:15,375 - INFO - Extracción exitosa.
2026-04-08 23:45:15,376 - INFO - Iniciando transformación de datos...
2026-04-08 23:45:15,379 - INFO - Transformación completada (5 registros procesados).
2026-04-08 23:45:15,379 - INFO - Iniciando carga en la base de datos crypto_data.db...
2026-04-08 23:45:15,384 - INFO - Carga exitosa. Datos persistidos.
2026-04-09 02:52:25,524 - INFO - Iniciando extracción (Intento 1/3)...
2026-04-09 02:52:25,656 - INFO - Extracción exitosa.
2026-04-09 02:52:25,657 - INFO - Iniciando transformación de datos...
2026-04-09 02:52:25,660 - INFO - Transformación completada (5 registros procesados).
2026-04-09 02:52:25,660 - INFO - Iniciando carga en la base de datos crypto_data.db...
2026-04-09 02:52:25,675 - INFO - Carga exitosa. Datos persistidos.
2026-04-09 05:18:45,663 - INFO - Iniciando extracción (Intento 1/3)...
2026-04-09 05:18:46,153 - INFO - Extracción exitosa.
2026-04-09 05:18:46,154 - INFO - Iniciando transformación de datos...
2026-04-09 05:18:46,157 - INFO - Transformación completada (5 registros procesados).
2026-04-09 05:18:46,157 - INFO - Iniciando carga en la base de datos crypto_data.db...
2026-04-09 05:18:46,162 - INFO - Carga exitosa. Datos persistidos.
2026-04-09 07:47:48,416 - INFO - Iniciando extracción (Intento 1/3)...
2026-04-09 07:47:48,607 - INFO - Extracción exitosa.
2026-04-09 07:47:48,608 - INFO - Iniciando transformación de datos...
2026-04-09 07:47:48,611 - INFO - Transformación completada (5 registros procesados).
2026-04-09 07:47:48,611 - INFO - Iniciando carga en la base de datos crypto_data.db...
2026-04-09 07:47:48,617 - INFO - Carga exitosa. Datos persistidos.
2026-04-09 09:17:51,569 - INFO - Iniciando extracción (Intento 1/3)...
2026-04-09 09:17:51,688 - INFO - Extracción exitosa.
2026-04-09 09:17:51,689 - INFO - Iniciando transformación de datos...
2026-04-09 09:17:51,692 - INFO - Transformación completada (5 registros procesados).
2026-04-09 09:17:51,693 - INFO - Iniciando carga en la base de datos crypto_data.db...
2026-04-09 09:17:51,697 - INFO - Carga exitosa. Datos persistidos.
2026-04-09 11:05:43,059 - INFO - Iniciando extracción (Intento 1/3)...
2026-04-09 11:05:43,199 - INFO - Extracción exitosa.
2026-04-09 11:05:43,200 - INFO - Iniciando transformación de datos...
2026-04-09 11:05:43,203 - INFO - Transformación completada (5 registros procesados).
2026-04-09 11:05:43,203 - INFO - Iniciando carga en la base de datos crypto_data.db...
2026-04-09 11:05:43,207 - INFO - Carga exitosa. Datos persistidos.
2026-04-09 13:58:58,912 - INFO - Iniciando extracción (Intento 1/3)...
2026-04-09 13:58:59,055 - INFO - Extracción exitosa.
2026-04-09 13:58:59,057 - INFO - Iniciando transformación de datos...
2026-04-09 13:58:59,060 - INFO - Transformación completada (5 registros procesados).
2026-04-09 13:58:59,060 - INFO - Iniciando carga en la base de datos crypto_data.db...
2026-04-09 13:58:59,065 - INFO - Carga exitosa. Datos persistidos.
2026-04-09 15:47:10,937 - INFO - Iniciando extracción (Intento 1/3)...
2026-04-09 15:47:11,075 - INFO - Extracción exitosa.
2026-04-09 15:47:11,076 - INFO - Iniciando transformación de datos...
2026-04-09 15:47:11,079 - INFO - Transformación completada (5 registros procesados).
2026-04-09 15:47:11,079 - INFO - Iniciando carga en la base de datos crypto_data.db...
2026-04-09 15:47:11,087 - INFO - Carga exitosa. Datos persistidos.
2026-04-09 17:15:09,361 - INFO - Iniciando extracción (Intento 1/3)...
2026-04-09 17:15:09,512 - INFO - Extracción exitosa.
2026-04-09 17:15:09,513 - INFO - Iniciando transformación de datos...
2026-04-09 17:15:09,515 - INFO - Transformación completada (5 registros procesados).
2026-04-09 17:15:09,516 - INFO - Iniciando carga en la base de datos crypto_data.db...
2026-04-09 17:15:09,520 - INFO - Carga exitosa. Datos persistidos.
2026-04-09 19:18:16,625 - INFO - Iniciando extracción (Intento 1/3)...
2026-04-09 19:18:16,796 - INFO - Extracción exitosa.
2026-04-09 19:18:16,797 - INFO - Iniciando transformación de datos...
2026-04-09 19:18:16,800 - INFO - Transformación completada (5 registros procesados).
2026-04-09 19:18:16,800 - INFO - Iniciando carga en la base de datos crypto_data.db...
2026-04-09 19:18:16,804 - INFO - Carga exitosa. Datos persistidos.
2026-04-09 20:58:50,791 - INFO - Iniciando extracción (Intento 1/3)...
2026-04-09 20:58:51,002 - INFO - Extracción exitosa.
2026-04-09 20:58:51,003 - INFO - Iniciando transformación de datos...
2026-04-09 20:58:51,006 - INFO - Transformación completada (5 registros procesados).
2026-04-09 20:58:51,006 - INFO - Iniciando carga en la base de datos crypto_data.db...
2026-04-09 20:58:51,010 - INFO - Carga exitosa. Datos persistidos.
2026-04-09 21:54:36,694 - INFO - Iniciando extracción (Intento 1/3)...
2026-04-09 21:54:36,909 - INFO - Extracción exitosa.
2026-04-09 21:54:36,911 - INFO - Iniciando transformación de datos...
2026-04-09 21:54:36,914 - INFO - Transformación completada (5 registros procesados).
2026-04-09 21:54:36,914 - INFO - Iniciando carga en la base de datos crypto_data.db...
2026-04-09 21:54:36,919 - INFO - Carga exitosa. Datos persistidos.
2026-04-09 22:50:50,401 - INFO - Iniciando extracción (Intento 1/3)...
2026-04-09 22:50:50,618 - INFO - Extracción exitosa.
2026-04-09 22:50:50,619 - INFO - Iniciando transformación de datos...
2026-04-09 22:50:50,622 - INFO - Transformación completada (5 registros procesados).
2026-04-09 22:50:50,622 - INFO - Iniciando carga en la base de datos crypto_data.db...
2026-04-09 22:50:50,626 - INFO - Carga exitosa. Datos persistidos.
2026-04-09 23:42:27,176 - INFO - Iniciando extracción (Intento 1/3)...
2026-04-09 23:42:27,379 - INFO - Extracción exitosa.
2026-04-09 23:42:27,380 - INFO - Iniciando transformación de datos...
2026-04-09 23:42:27,383 - INFO - Transformación completada (5 registros procesados).
2026-04-09 23:42:27,383 - INFO - Iniciando carga en la base de datos crypto_data.db...
2026-04-09 23:42:27,387 - INFO - Carga exitosa. Datos persistidos.
2026-04-10 03:24:09,432 - INFO - Iniciando extracción (Intento 1/3)...
2026-04-10 03:24:09,587 - INFO - Extracción exitosa.
2026-04-10 03:24:09,588 - INFO - Iniciando transformación de datos...
2026-04-10 03:24:09,592 - INFO - Transformación completada (5 registros procesados).
2026-04-10 03:24:09,592 - INFO - Iniciando carga en la base de datos crypto_data.db...
2026-04-10 03:24:09,599 - INFO - Carga exitosa. Datos persistidos.
2026-04-10 06:02:30,676 - INFO - Iniciando extracción (Intento 1/3)...
2026-04-10 06:02:30,931 - INFO - Extracción exitosa.
2026-04-10 06:02:30,932 - INFO - Iniciando transformación de datos...
2026-04-10 06:02:30,935 - INFO - Transformación completada (5 registros procesados).
2026-04-10 06:02:30,936 - INFO - Iniciando carga en la base de datos crypto_data.db...
2026-04-10 06:02:30,939 - INFO - Carga exitosa. Datos persistidos.
2026-04-10 08:23:34,162 - INFO - Iniciando extracción (Intento 1/3)...
2026-04-10 08:23:34,334 - INFO - Extracción exitosa.
2026-04-10 08:23:34,335 - INFO - Iniciando transformación de datos...
2026-04-10 08:23:34,338 - INFO - Transformación completada (5 registros procesados).
2026-04-10 08:23:34,338 - INFO - Iniciando carga en la base de datos crypto_data.db...
2026-04-10 08:23:34,343 - INFO - Carga exitosa. Datos persistidos.
2026-04-10 10:12:25,938 - INFO - Iniciando extracción (Intento 1/3)...
2026-04-10 10:12:26,097 - INFO - Extracción exitosa.
2026-04-10 10:12:26,097 - INFO - Iniciando transformación de datos...
2026-04-10 10:12:26,100 - INFO - Transformación completada (5 registros procesados).
2026-04-10 10:12:26,100 - INFO - Iniciando carga en la base de datos crypto_data.db...
2026-04-10 10:12:26,105 - INFO - Carga exitosa. Datos persistidos.
2026-04-10 11:53:28,521 - INFO - Iniciando extracción (Intento 1/3)...
2026-04-10 11:53:28,678 - INFO - Extracción exitosa.
2026-04-10 11:53:28,679 - INFO - Iniciando transformación de datos...
2026-04-10 11:53:28,682 - INFO - Transformación completada (5 registros procesados).
2026-04-10 11:53:28,682 - INFO - Iniciando carga en la base de datos crypto_data.db...
2026-04-10 11:53:28,687 - INFO - Carga exitosa. Datos persistidos.
2026-04-10 13:25:37,937 - INFO - Iniciando extracción (Intento 1/3)...
2026-04-10 13:25:38,171 - INFO - Extracción exitosa.
2026-04-10 13:25:38,172 - INFO - Iniciando transformación de datos...
2026-04-10 13:25:38,175 - INFO - Transformación completada (5 registros procesados).
2026-04-10 13:25:38,175 - INFO - Iniciando carga en la base de datos crypto_data.db...
2026-04-10 13:25:38,180 - INFO - Carga exitosa. Datos persistidos.
2026-04-10 14:55:27,118 - INFO - Iniciando extracción (Intento 1/3)...
2026-04-10 14:55:27,255 - INFO - Extracción exitosa.
2026-04-10 14:55:27,257 - INFO - Iniciando transformación de datos...
2026-04-10 14:55:27,260 - INFO - Transformación completada (5 registros procesados).
2026-04-10 14:55:27,260 - INFO - Iniciando carga en la base de datos crypto_data.db...
2026-04-10 14:55:27,265 - INFO - Carga exitosa. Datos persistidos.
2026-04-10 16:00:54,454 - INFO - Iniciando extracción (Intento 1/3)...
2026-04-10 16:00:54,657 - INFO - Extracción exitosa.
2026-04-10 16:00:54,659 - INFO - Iniciando transformación de datos...
2026-04-10 16:00:54,661 - INFO - Transformación completada (5 registros procesados).
2026-04-10 16:00:54,661 - INFO - Iniciando carga en la base de datos crypto_data.db...
2026-04-10 16:00:54,666 - INFO - Carga exitosa. Datos persistidos.
2026-04-10 17:52:02,710 - INFO - Iniciando extracción (Intento 1/3)...
2026-04-10 17:52:02,946 - INFO - Extracción exitosa.
2026-04-10 17:52:02,947 - INFO - Iniciando transformación de datos...
2026-04-10 17:52:02,950 - INFO - Transformación completada (5 registros procesados).
2026-04-10 17:52:02,950 - INFO - Iniciando carga en la base de datos crypto_data.db...
2026-04-10 17:52:02,954 - INFO - Carga exitosa. Datos persistidos.
2026-04-10 19:03:44,994 - INFO - Iniciando extracción (Intento 1/3)...
2026-04-10 19:03:45,134 - INFO - Extracción exitosa.
2026-04-10 19:03:45,136 - INFO - Iniciando transformación de datos...
2026-04-10 19:03:45,139 - INFO - Transformación completada (5 registros procesados).
2026-04-10 19:03:45,139 - INFO - Iniciando carga en la base de datos crypto_data.db...
2026-04-10 19:03:45,143 - INFO - Carga exitosa. Datos persistidos.
2026-04-10 20:47:55,754 - INFO - Iniciando extracción (Intento 1/3)...
2026-04-10 20:47:55,891 - INFO - Extracción exitosa.
2026-04-10 20:47:55,892 - INFO - Iniciando transformación de datos...
2026-04-10 20:47:55,895 - INFO - Transformación completada (5 registros procesados).
2026-04-10 20:47:55,895 - INFO - Iniciando carga en la base de datos crypto_data.db...
2026-04-10 20:47:55,901 - INFO - Carga exitosa. Datos persistidos.
2026-04-10 21:47:30,609 - INFO - Iniciando extracción (Intento 1/3)...
2026-04-10 21:47:30,827 - INFO - Extracción exitosa.
2026-04-10 21:47:30,828 - INFO - Iniciando transformación de datos...
2026-04-10 21:47:30,831 - INFO - Transformación completada (5 registros procesados).
2026-04-10 21:47:30,831 - INFO - Iniciando carga en la base de datos crypto_data.db...
2026-04-10 21:47:30,836 - INFO - Carga exitosa. Datos persistidos.
2026-04-10 22:45:11,627 - INFO - Iniciando extracción (Intento 1/3)...
2026-04-10 22:45:11,759 - INFO - Extracción exitosa.
2026-04-10 22:45:11,761 - INFO - Iniciando transformación de datos...
2026-04-10 22:45:11,763 - INFO - Transformación completada (5 registros procesados).
2026-04-10 22:45:11,764 - INFO - Iniciando carga en la base de datos crypto_data.db...
2026-04-10 22:45:11,860 - INFO - Carga exitosa. Datos persistidos.
2026-04-10 23:42:00,881 - INFO - Iniciando extracción (Intento 1/3)...
2026-04-10 23:42:01,083 - INFO - Extracción exitosa.
2026-04-10 23:42:01,084 - INFO - Iniciando transformación de datos...
2026-04-10 23:42:01,087 - INFO - Transformación completada (5 registros procesados).
2026-04-10 23:42:01,087 - INFO - Iniciando carga en la base de datos crypto_data.db...
2026-04-10 23:42:01,091 - INFO - Carga exitosa. Datos persistidos.
2026-04-11 02:48:59,897 - INFO - Iniciando extracción (Intento 1/3)...
2026-04-11 02:49:00,044 - INFO - Extracción exitosa.
2026-04-11 02:49:00,045 - INFO - Iniciando transformación de datos...
2026-04-11 02:49:00,048 - INFO - Transformación completada (5 registros procesados).
2026-04-11 02:49:00,048 - INFO - Iniciando carga en la base de datos crypto_data.db...
2026-04-11 02:49:00,056 - INFO - Carga exitosa. Datos persistidos.
2026-04-11 05:01:02,969 - INFO - Iniciando extracción (Intento 1/3)...
2026-04-11 05:01:03,197 - INFO - Extracción exitosa.
2026-04-11 05:01:03,198 - INFO - Iniciando transformación de datos...
2026-04-11 05:01:03,201 - INFO - Transformación completada (5 registros procesados).
2026-04-11 05:01:03,202 - INFO - Iniciando carga en la base de datos crypto_data.db...
2026-04-11 05:01:03,206 - INFO - Carga exitosa. Datos persistidos.
2026-04-11 07:09:18,084 - INFO - Iniciando extracción (Intento 1/3)...
2026-04-11 07:09:18,213 - INFO - Extracción exitosa.
2026-04-11 07:09:18,214 - INFO - Iniciando transformación de datos...
2026-04-11 07:09:18,217 - INFO - Transformación completada (5 registros procesados).
2026-04-11 07:09:18,217 - INFO - Iniciando carga en la base de datos crypto_data.db...
2026-04-11 07:09:18,221 - INFO - Carga exitosa. Datos persistidos.
2026-04-11 08:53:53,934 - INFO - Iniciando extracción (Intento 1/3)...
2026-04-11 08:53:54,053 - INFO - Extracción exitosa.
2026-04-11 08:53:54,055 - INFO - Iniciando transformación de datos...
2026-04-11 08:53:54,060 - INFO - Transformación completada (5 registros procesados).
2026-04-11 08:53:54,060 - INFO - Iniciando carga en la base de datos crypto_data.db...
2026-04-11 08:53:54,065 - INFO - Carga exitosa. Datos persistidos.
2026-04-11 09:50:36,379 - INFO - Iniciando extracción (Intento 1/3)...
2026-04-11 09:50:36,626 - INFO - Extracción exitosa.
2026-04-11 09:50:36,628 - INFO - Iniciando transformación de datos...
2026-04-11 09:50:36,631 - INFO - Transformación completada (5 registros procesados).
2026-04-11 09:50:36,631 - INFO - Iniciando carga en la base de datos crypto_data.db...
2026-04-11 09:50:36,636 - INFO - Carga exitosa. Datos persistidos.
2026-04-11 10:42:29,045 - INFO - Iniciando extracción (Intento 1/3)...
2026-04-11 10:42:29,139 - INFO - Extracción exitosa.
2026-04-11 10:42:29,140 - INFO - Iniciando transformación de datos...
2026-04-11 10:42:29,142 - INFO - Transformación completada (5 registros procesados).
2026-04-11 10:42:29,142 - INFO - Iniciando carga en la base de datos crypto_data.db...
2026-04-11 10:42:29,146 - INFO - Carga exitosa. Datos persistidos.
2026-04-11 11:37:21,335 - INFO - Iniciando extracción (Intento 1/3)...
2026-04-11 11:37:21,478 - INFO - Extracción exitosa.
2026-04-11 11:37:21,479 - INFO - Iniciando transformación de datos...
2026-04-11 11:37:21,482 - INFO - Transformación completada (5 registros procesados).
2026-04-11 11:37:21,482 - INFO - Iniciando carga en la base de datos crypto_data.db...
2026-04-11 11:37:21,486 - INFO - Carga exitosa. Datos persistidos.
2026-04-11 13:13:09,851 - INFO - Iniciando extracción (Intento 1/3)...
2026-04-11 13:13:10,073 - INFO - Extracción exitosa.
2026-04-11 13:13:10,074 - INFO - Iniciando transformación de datos...
2026-04-11 13:13:10,077 - INFO - Transformación completada (5 registros procesados).
2026-04-11 13:13:10,077 - INFO - Iniciando carga en la base de datos crypto_data.db...
2026-04-11 13:13:10,081 - INFO - Carga exitosa. Datos persistidos.
2026-04-11 14:41:37,796 - INFO - Iniciando extracción (Intento 1/3)...
2026-04-11 14:41:37,987 - INFO - Extracción exitosa.
2026-04-11 14:41:37,988 - INFO - Iniciando transformación de datos...
2026-04-11 14:41:37,991 - INFO - Transformación completada (5 registros procesados).
2026-04-11 14:41:37,992 - INFO - Iniciando carga en la base de datos crypto_data.db...
2026-04-11 14:41:37,996 - INFO - Carga exitosa. Datos persistidos.
2026-04-11 15:40:12,973 - INFO - Iniciando extracción (Intento 1/3)...
2026-04-11 15:40:13,081 - INFO - Extracción exitosa.
2026-04-11 15:40:13,083 - INFO - Iniciando transformación de datos...
2026-04-11 15:40:13,086 - INFO - Transformación completada (5 registros procesados).
2026-04-11 15:40:13,086 - INFO - Iniciando carga en la base de datos crypto_data.db...
2026-04-11 15:40:13,213 - INFO - Carga exitosa. Datos persistidos.
2026-04-11 16:46:14,113 - INFO - Iniciando extracción (Intento 1/3)...
2026-04-11 16:46:14,424 - INFO - Extracción exitosa.
2026-04-11 16:46:14,425 - INFO - Iniciando transformación de datos...
2026-04-11 16:46:14,428 - INFO - Transformación completada (5 registros procesados).
2026-04-11 16:46:14,428 - INFO - Iniciando carga en la base de datos crypto_data.db...
2026-04-11 16:46:14,433 - INFO - Carga exitosa. Datos persistidos.
2026-04-11 17:38:35,367 - INFO - Iniciando extracción (Intento 1/3)...
2026-04-11 17:38:35,518 - INFO - Extracción exitosa.
2026-04-11 17:38:35,520 - INFO - Iniciando transformación de datos...
2026-04-11 17:38:35,523 - INFO - Transformación completada (5 registros procesados).
2026-04-11 17:38:35,523 - INFO - Iniciando carga en la base de datos crypto_data.db...
2026-04-11 17:38:35,528 - INFO - Carga exitosa. Datos persistidos.
2026-04-11 18:55:54,385 - INFO - Iniciando extracción (Intento 1/3)...
2026-04-11 18:55:54,534 - INFO - Extracción exitosa.
2026-04-11 18:55:54,535 - INFO - Iniciando transformación de datos...
2026-04-11 18:55:54,538 - INFO - Transformación completada (5 registros procesados).
2026-04-11 18:55:54,538 - INFO - Iniciando carga en la base de datos crypto_data.db...
2026-04-11 18:55:54,542 - INFO - Carga exitosa. Datos persistidos.
2026-04-11 19:40:00,267 - INFO - Iniciando extracción (Intento 1/3)...
2026-04-11 19:40:00,397 - INFO - Extracción exitosa.
2026-04-11 19:40:00,399 - INFO - Iniciando transformación de datos...
2026-04-11 19:40:00,402 - INFO - Transformación completada (5 registros procesados).
2026-04-11 19:40:00,402 - INFO - Iniciando carga en la base de datos crypto_data.db...
2026-04-11 19:40:00,449 - INFO - Carga exitosa. Datos persistidos.
2026-04-11 20:42:00,634 - INFO - Iniciando extracción (Intento 1/3)...
2026-04-11 20:42:00,782 - INFO - Extracción exitosa.
2026-04-11 20:42:00,783 - INFO - Iniciando transformación de datos...
2026-04-11 20:42:00,786 - INFO - Transformación completada (5 registros procesados).
2026-04-11 20:42:00,786 - INFO - Iniciando carga en la base de datos crypto_data.db...
2026-04-11 20:42:00,791 - INFO - Carga exitosa. Datos persistidos.
2026-04-11 21:40:17,843 - INFO - Iniciando extracción (Intento 1/3)...
2026-04-11 21:40:18,034 - INFO - Extracción exitosa.
2026-04-11 21:40:18,036 - INFO - Iniciando transformación de datos...
2026-04-11 21:40:18,039 - INFO - Transformación completada (5 registros procesados).
2026-04-11 21:40:18,039 - INFO - Iniciando carga en la base de datos crypto_data.db...
2026-04-11 21:40:18,044 - INFO - Carga exitosa. Datos persistidos.
2026-04-11 22:39:22,231 - INFO - Iniciando extracción (Intento 1/3)...
2026-04-11 22:39:22,437 - INFO - Extracción exitosa.
2026-04-11 22:39:22,438 - INFO - Iniciando transformación de datos...
2026-04-11 22:39:22,441 - INFO - Transformación completada (5 registros procesados).
2026-04-11 22:39:22,441 - INFO - Iniciando carga en la base de datos crypto_data.db...
2026-04-11 22:39:22,446 - INFO - Carga exitosa. Datos persistidos.
2026-04-11 23:41:43,282 - INFO - Iniciando extracción (Intento 1/3)...
2026-04-11 23:41:43,509 - INFO - Extracción exitosa.
2026-04-11 23:41:43,510 - INFO - Iniciando transformación de datos...
2026-04-11 23:41:43,513 - INFO - Transformación completada (5 registros procesados).
2026-04-11 23:41:43,513 - INFO - Iniciando carga en la base de datos crypto_data.db...
2026-04-11 23:41:44,292 - INFO - Carga exitosa. Datos persistidos.
2026-04-12 03:28:23,818 - INFO - Iniciando extracción (Intento 1/3)...
2026-04-12 03:28:23,939 - INFO - Extracción exitosa.
2026-04-12 03:28:23,940 - INFO - Iniciando transformación de datos...
2026-04-12 03:28:23,943 - INFO - Transformación completada (5 registros procesados).
2026-04-12 03:28:23,943 - INFO - Iniciando carga en la base de datos crypto_data.db...
2026-04-12 03:28:23,948 - INFO - Carga exitosa. Datos persistidos.
2026-04-12 05:58:12,580 - INFO - Iniciando extracción (Intento 1/3)...
2026-04-12 05:58:12,790 - INFO - Extracción exitosa.
2026-04-12 05:58:12,792 - INFO - Iniciando transformación de datos...
2026-04-12 05:58:12,795 - INFO - Transformación completada (5 registros procesados).
2026-04-12 05:58:12,795 - INFO - Iniciando carga en la base de datos crypto_data.db...
2026-04-12 05:58:12,801 - INFO - Carga exitosa. Datos persistidos.
2026-04-12 07:39:08,813 - INFO - Iniciando extracción (Intento 1/3)...
2026-04-12 07:39:08,866 - WARNING - Error en el intento 1: 429 Client Error: Too Many Requests for url: https://api.coingecko.com/api/v3/coins/markets?vs_currency=usd&ids=bitcoin%2Cethereum%2Csolana%2Cbinancecoin%2Ccardano&order=market_cap_desc
2026-04-12 07:39:08,867 - INFO - Esperando antes de reintentar...
2026-04-12 07:39:10,869 - INFO - Iniciando extracción (Intento 2/3)...
2026-04-12 07:39:10,908 - WARNING - Error en el intento 2: 429 Client Error: Too Many Requests for url: https://api.coingecko.com/api/v3/coins/markets?vs_currency=usd&ids=bitcoin%2Cethereum%2Csolana%2Cbinancecoin%2Ccardano&order=market_cap_desc
2026-04-12 07:39:10,909 - INFO - Esperando antes de reintentar...
2026-04-12 07:39:14,913 - INFO - Iniciando extracción (Intento 3/3)...
2026-04-12 07:39:14,947 - WARNING - Error en el intento 3: 429 Client Error: Too Many Requests for url: https://api.coingecko.com/api/v3/coins/markets?vs_currency=usd&ids=bitcoin%2Cethereum%2Csolana%2Cbinancecoin%2Ccardano&order=market_cap_desc
2026-04-12 07:39:14,947 - ERROR - Se agotaron los reintentos de extracción.
2026-04-12 08:57:51,123 - INFO - Iniciando extracción (Intento 1/3)...
2026-04-12 08:57:51,252 - INFO - Extracción exitosa.
2026-04-12 08:57:51,253 - INFO - Iniciando transformación de datos...
2026-04-12 08:57:51,256 - INFO - Transformación completada (5 registros procesados).
2026-04-12 08:57:51,256 - INFO - Iniciando carga en la base de datos crypto_data.db...
2026-04-12 08:57:51,260 - INFO - Carga exitosa. Datos persistidos.
2026-04-12 09:54:39,223 - INFO - Iniciando extracción (Intento 1/3)...
2026-04-12 09:54:39,455 - INFO - Extracción exitosa.
2026-04-12 09:54:39,456 - INFO - Iniciando transformación de datos...
2026-04-12 09:54:39,459 - INFO - Transformación completada (5 registros procesados).
2026-04-12 09:54:39,459 - INFO - Iniciando carga en la base de datos crypto_data.db...
2026-04-12 09:54:39,463 - INFO - Carga exitosa. Datos persistidos.
2026-04-12 10:48:10,876 - INFO - Iniciando extracción (Intento 1/3)...
2026-04-12 10:48:11,026 - INFO - Extracción exitosa.
2026-04-12 10:48:11,027 - INFO - Iniciando transformación de datos...
2026-04-12 10:48:11,031 - INFO - Transformación completada (5 registros procesados).
2026-04-12 10:48:11,031 - INFO - Iniciando carga en la base de datos crypto_data.db...
2026-04-12 10:48:11,036 - INFO - Carga exitosa. Datos persistidos.
2026-04-12 11:39:10,012 - INFO - Iniciando extracción (Intento 1/3)...
2026-04-12 11:39:10,216 - INFO - Extracción exitosa.
2026-04-12 11:39:10,217 - INFO - Iniciando transformación de datos...
2026-04-12 11:39:10,219 - INFO - Transformación completada (5 registros procesados).
2026-04-12 11:39:10,220 - INFO - Iniciando carga en la base de datos crypto_data.db...
2026-04-12 11:39:10,223 - INFO - Carga exitosa. Datos persistidos.
2026-04-12 13:15:25,084 - INFO - Iniciando extracción (Intento 1/3)...
2026-04-12 13:15:25,214 - INFO - Extracción exitosa.
2026-04-12 13:15:25,215 - INFO - Iniciando transformación de datos...
2026-04-12 13:15:25,218 - INFO - Transformación completada (5 registros procesados).
2026-04-12 13:15:25,218 - INFO - Iniciando carga en la base de datos crypto_data.db...
2026-04-12 13:15:25,223 - INFO - Carga exitosa. Datos persistidos.
2026-04-12 14:47:43,323 - INFO - Iniciando extracción (Intento 1/3)...
2026-04-12 14:47:43,551 - INFO - Extracción exitosa.
2026-04-12 14:47:43,552 - INFO - Iniciando transformación de datos...
2026-04-12 14:47:43,555 - INFO - Transformación completada (5 registros procesados).
2026-04-12 14:47:43,555 - INFO - Iniciando carga en la base de datos crypto_data.db...
2026-04-12 14:47:43,559 - INFO - Carga exitosa. Datos persistidos.
2026-04-12 15:41:52,934 - INFO - Iniciando extracción (Intento 1/3)...
2026-04-12 15:41:53,123 - INFO - Extracción exitosa.
2026-04-12 15:41:53,124 - INFO - Iniciando transformación de datos...
2026-04-12 15:41:53,129 - INFO - Transformación completada (5 registros procesados).
2026-04-12 15:41:53,129 - INFO - Iniciando carga en la base de datos crypto_data.db...
2026-04-12 15:41:53,136 - INFO - Carga exitosa. Datos persistidos.
2026-04-12 16:49:35,479 - INFO - Iniciando extracción (Intento 1/3)...
2026-04-12 16:49:35,598 - INFO - Extracción exitosa.
2026-04-12 16:49:35,599 - INFO - Iniciando transformación de datos...
2026-04-12 16:49:35,602 - INFO - Transformación completada (5 registros procesados).
2026-04-12 16:49:35,602 - INFO - Iniciando carga en la base de datos crypto_data.db...
2026-04-12 16:49:35,606 - INFO - Carga exitosa. Datos persistidos.
2026-04-12 17:41:30,165 - INFO - Iniciando extracción (Intento 1/3)...
2026-04-12 17:41:30,311 - INFO - Extracción exitosa.
2026-04-12 17:41:30,312 - INFO - Iniciando transformación de datos...
2026-04-12 17:41:30,315 - INFO - Transformación completada (5 registros procesados).
2026-04-12 17:41:30,315 - INFO - Iniciando carga en la base de datos crypto_data.db...
2026-04-12 17:41:30,319 - INFO - Carga exitosa. Datos persistidos.
2026-04-12 18:59:43,253 - INFO - Iniciando extracción (Intento 1/3)...
2026-04-12 18:59:43,454 - INFO - Extracción exitosa.
2026-04-12 18:59:43,455 - INFO - Iniciando transformación de datos...
2026-04-12 18:59:43,459 - INFO - Transformación completada (5 registros procesados).
2026-04-12 18:59:43,459 - INFO - Iniciando carga en la base de datos crypto_data.db...
2026-04-12 18:59:43,464 - INFO - Carga exitosa. Datos persistidos.
2026-04-12 19:48:05,403 - INFO - Iniciando extracción (Intento 1/3)...
2026-04-12 19:48:05,646 - INFO - Extracción exitosa.
2026-04-12 19:48:05,647 - INFO - Iniciando transformación de datos...
2026-04-12 19:48:05,650 - INFO - Transformación completada (5 registros procesados).
2026-04-12 19:48:05,650 - INFO - Iniciando carga en la base de datos crypto_data.db...
2026-04-12 19:48:05,654 - INFO - Carga exitosa. Datos persistidos.
2026-04-12 20:44:34,496 - INFO - Iniciando extracción (Intento 1/3)...
2026-04-12 20:44:34,658 - INFO - Extracción exitosa.
2026-04-12 20:44:34,659 - INFO - Iniciando transformación de datos...
2026-04-12 20:44:34,662 - INFO - Transformación completada (5 registros procesados).
2026-04-12 20:44:34,662 - INFO - Iniciando carga en la base de datos crypto_data.db...
2026-04-12 20:44:34,667 - INFO - Carga exitosa. Datos persistidos.
2026-04-12 21:41:42,024 - INFO - Iniciando extracción (Intento 1/3)...
2026-04-12 21:41:42,166 - INFO - Extracción exitosa.
2026-04-12 21:41:42,167 - INFO - Iniciando transformación de datos...
2026-04-12 21:41:42,170 - INFO - Transformación completada (5 registros procesados).
2026-04-12 21:41:42,170 - INFO - Iniciando carga en la base de datos crypto_data.db...
2026-04-12 21:41:42,174 - INFO - Carga exitosa. Datos persistidos.
2026-04-12 22:41:51,212 - INFO - Iniciando extracción (Intento 1/3)...
2026-04-12 22:41:51,455 - INFO - Extracción exitosa.
2026-04-12 22:41:51,456 - INFO - Iniciando transformación de datos...
2026-04-12 22:41:51,460 - INFO - Transformación completada (5 registros procesados).
2026-04-12 22:41:51,460 - INFO - Iniciando carga en la base de datos crypto_data.db...
2026-04-12 22:41:51,464 - INFO - Carga exitosa. Datos persistidos.
2026-04-12 23:42:28,673 - INFO - Iniciando extracción (Intento 1/3)...
2026-04-12 23:42:28,915 - INFO - Extracción exitosa.
2026-04-12 23:42:28,916 - INFO - Iniciando transformación de datos...
2026-04-12 23:42:28,918 - INFO - Transformación completada (5 registros procesados).
2026-04-12 23:42:28,918 - INFO - Iniciando carga en la base de datos crypto_data.db...
2026-04-12 23:42:28,923 - INFO - Carga exitosa. Datos persistidos.
2026-04-13 03:35:00,226 - INFO - Iniciando extracción (Intento 1/3)...
2026-04-13 03:35:00,426 - INFO - Extracción exitosa.
2026-04-13 03:35:00,427 - INFO - Iniciando transformación de datos...
2026-04-13 03:35:00,430 - INFO - Transformación completada (5 registros procesados).
2026-04-13 03:35:00,430 - INFO - Iniciando carga en la base de datos crypto_data.db...
2026-04-13 03:35:00,434 - INFO - Carga exitosa. Datos persistidos.
2026-04-13 06:21:33,370 - INFO - Iniciando extracción (Intento 1/3)...
2026-04-13 06:21:33,586 - INFO - Extracción exitosa.
2026-04-13 06:21:33,587 - INFO - Iniciando transformación de datos...
2026-04-13 06:21:33,591 - INFO - Transformación completada (5 registros procesados).
2026-04-13 06:21:33,591 - INFO - Iniciando carga en la base de datos crypto_data.db...
2026-04-13 06:21:33,597 - INFO - Carga exitosa. Datos persistidos.
2026-04-13 09:04:45,823 - INFO - Iniciando extracción (Intento 1/3)...
2026-04-13 09:04:46,064 - INFO - Extracción exitosa.
2026-04-13 09:04:46,065 - INFO - Iniciando transformación de datos...
2026-04-13 09:04:46,068 - INFO - Transformación completada (5 registros procesados).
2026-04-13 09:04:46,068 - INFO - Iniciando carga en la base de datos crypto_data.db...
2026-04-13 09:04:46,072 - INFO - Carga exitosa. Datos persistidos.
2026-04-13 11:21:40,644 - INFO - Iniciando extracción (Intento 1/3)...
2026-04-13 11:21:40,759 - INFO - Extracción exitosa.
2026-04-13 11:21:40,761 - INFO - Iniciando transformación de datos...
2026-04-13 11:21:40,763 - INFO - Transformación completada (5 registros procesados).
2026-04-13 11:21:40,764 - INFO - Iniciando carga en la base de datos crypto_data.db...
2026-04-13 11:21:40,769 - INFO - Carga exitosa. Datos persistidos.
2026-04-13 13:56:23,288 - INFO - Iniciando extracción (Intento 1/3)...
2026-04-13 13:56:23,448 - INFO - Extracción exitosa.
2026-04-13 13:56:23,449 - INFO - Iniciando transformación de datos...
2026-04-13 13:56:23,452 - INFO - Transformación completada (5 registros procesados).
2026-04-13 13:56:23,452 - INFO - Iniciando carga en la base de datos crypto_data.db...
2026-04-13 13:56:23,457 - INFO - Carga exitosa. Datos persistidos.
2026-04-13 15:22:58,965 - INFO - Iniciando extracción (Intento 1/3)...
2026-04-13 15:22:59,238 - INFO - Extracción exitosa.
2026-04-13 15:22:59,239 - INFO - Iniciando transformación de datos...
2026-04-13 15:22:59,242 - INFO - Transformación completada (5 registros procesados).
2026-04-13 15:22:59,242 - INFO - Iniciando carga en la base de datos crypto_data.db...
2026-04-13 15:22:59,247 - INFO - Carga exitosa. Datos persistidos.
2026-04-13 17:12:34,161 - INFO - Iniciando extracción (Intento 1/3)...
2026-04-13 17:12:34,396 - INFO - Extracción exitosa.
2026-04-13 17:12:34,397 - INFO - Iniciando transformación de datos...
2026-04-13 17:12:34,400 - INFO - Transformación completada (5 registros procesados).
2026-04-13 17:12:34,401 - INFO - Iniciando carga en la base de datos crypto_data.db...
2026-04-13 17:12:34,405 - INFO - Carga exitosa. Datos persistidos.
2026-04-13 19:22:32,947 - INFO - Iniciando extracción (Intento 1/3)...
2026-04-13 19:22:33,137 - INFO - Extracción exitosa.
2026-04-13 19:22:33,138 - INFO - Iniciando transformación de datos...
2026-04-13 19:22:33,142 - INFO - Transformación completada (5 registros procesados).
2026-04-13 19:22:33,142 - INFO - Iniciando carga en la base de datos crypto_data.db...
2026-04-13 19:22:33,148 - INFO - Carga exitosa. Datos persistidos.
2026-04-13 21:02:30,624 - INFO - Iniciando extracción (Intento 1/3)...
2026-04-13 21:02:30,824 - INFO - Extracción exitosa.
2026-04-13 21:02:30,825 - INFO - Iniciando transformación de datos...
2026-04-13 21:02:30,828 - INFO - Transformación completada (5 registros procesados).
2026-04-13 21:02:30,828 - INFO - Iniciando carga en la base de datos crypto_data.db...
2026-04-13 21:02:30,832 - INFO - Carga exitosa. Datos persistidos.
2026-04-13 22:51:44,609 - INFO - Iniciando extracción (Intento 1/3)...
2026-04-13 22:51:44,734 - INFO - Extracción exitosa.
2026-04-13 22:51:44,735 - INFO - Iniciando transformación de datos...
2026-04-13 22:51:44,738 - INFO - Transformación completada (5 registros procesados).
2026-04-13 22:51:44,739 - INFO - Iniciando carga en la base de datos crypto_data.db...
2026-04-13 22:51:44,744 - INFO - Carga exitosa. Datos persistidos.
2026-04-13 23:52:14,895 - INFO - Iniciando extracción (Intento 1/3)...
2026-04-13 23:52:15,134 - INFO - Extracción exitosa.
2026-04-13 23:52:15,135 - INFO - Iniciando transformación de datos...
2026-04-13 23:52:15,138 - INFO - Transformación completada (5 registros procesados).
2026-04-13 23:52:15,138 - INFO - Iniciando carga en la base de datos crypto_data.db...
2026-04-13 23:52:15,142 - INFO - Carga exitosa. Datos persistidos.
2026-04-14 03:24:43,289 - INFO - Iniciando extracción (Intento 1/3)...
2026-04-14 03:24:43,389 - INFO - Extracción exitosa.
2026-04-14 03:24:43,390 - INFO - Iniciando transformación de datos...
2026-04-14 03:24:43,393 - INFO - Transformación completada (5 registros procesados).
2026-04-14 03:24:43,393 - INFO - Iniciando carga en la base de datos crypto_data.db...
2026-04-14 03:24:43,397 - INFO - Carga exitosa. Datos persistidos.
2026-04-14 06:04:33,829 - INFO - Iniciando extracción (Intento 1/3)...
2026-04-14 06:04:34,032 - INFO - Extracción exitosa.
2026-04-14 06:04:34,033 - INFO - Iniciando transformación de datos...
2026-04-14 06:04:34,036 - INFO - Transformación completada (5 registros procesados).
2026-04-14 06:04:34,036 - INFO - Iniciando carga en la base de datos crypto_data.db...
2026-04-14 06:04:34,044 - INFO - Carga exitosa. Datos persistidos.
2026-04-14 08:47:06,792 - INFO - Iniciando extracción (Intento 1/3)...
2026-04-14 08:47:06,949 - INFO - Extracción exitosa.
2026-04-14 08:47:06,950 - INFO - Iniciando transformación de datos...
2026-04-14 08:47:06,953 - INFO - Transformación completada (5 registros procesados).
2026-04-14 08:47:06,953 - INFO - Iniciando carga en la base de datos crypto_data.db...
2026-04-14 08:47:06,958 - INFO - Carga exitosa. Datos persistidos.
2026-04-14 10:20:34,285 - INFO - Iniciando extracción (Intento 1/3)...
2026-04-14 10:20:34,469 - INFO - Extracción exitosa.
2026-04-14 10:20:34,470 - INFO - Iniciando transformación de datos...
2026-04-14 10:20:34,473 - INFO - Transformación completada (5 registros procesados).
2026-04-14 10:20:34,473 - INFO - Iniciando carga en la base de datos crypto_data.db...
2026-04-14 10:20:34,479 - INFO - Carga exitosa. Datos persistidos.
2026-04-14 12:01:53,996 - INFO - Iniciando extracción (Intento 1/3)...
2026-04-14 12:01:54,113 - INFO - Extracción exitosa.
2026-04-14 12:01:54,114 - INFO - Iniciando transformación de datos...
2026-04-14 12:01:54,117 - INFO - Transformación completada (5 registros procesados).
2026-04-14 12:01:54,117 - INFO - Iniciando carga en la base de datos crypto_data.db...
2026-04-14 12:01:54,121 - INFO - Carga exitosa. Datos persistidos.
2026-04-14 14:53:38,277 - INFO - Iniciando extracción (Intento 1/3)...
2026-04-14 14:53:38,412 - INFO - Extracción exitosa.
2026-04-14 14:53:38,414 - INFO - Iniciando transformación de datos...
2026-04-14 14:53:38,417 - INFO - Transformación completada (5 registros procesados).
2026-04-14 14:53:38,417 - INFO - Iniciando carga en la base de datos crypto_data.db...
2026-04-14 14:53:38,609 - INFO - Carga exitosa. Datos persistidos.
2026-04-14 16:14:01,299 - INFO - Iniciando extracción (Intento 1/3)...
2026-04-14 16:14:01,444 - INFO - Extracción exitosa.
2026-04-14 16:14:01,446 - INFO - Iniciando transformación de datos...
2026-04-14 16:14:01,449 - INFO - Transformación completada (5 registros procesados).
2026-04-14 16:14:01,449 - INFO - Iniciando carga en la base de datos crypto_data.db...
2026-04-14 16:14:01,455 - INFO - Carga exitosa. Datos persistidos.
2026-04-14 18:10:30,570 - INFO - Iniciando extracción (Intento 1/3)...
2026-04-14 18:10:30,816 - INFO - Extracción exitosa.
2026-04-14 18:10:30,818 - INFO - Iniciando transformación de datos...
2026-04-14 18:10:30,821 - INFO - Transformación completada (5 registros procesados).
2026-04-14 18:10:30,821 - INFO - Iniciando carga en la base de datos crypto_data.db...
2026-04-14 18:10:30,825 - INFO - Carga exitosa. Datos persistidos.
2026-04-14 20:09:13,892 - INFO - Iniciando extracción (Intento 1/3)...
2026-04-14 20:09:14,014 - INFO - Extracción exitosa.
2026-04-14 20:09:14,017 - INFO - Iniciando transformación de datos...
2026-04-14 20:09:14,021 - INFO - Transformación completada (5 registros procesados).
2026-04-14 20:09:14,021 - INFO - Iniciando carga en la base de datos crypto_data.db...
2026-04-14 20:09:14,030 - INFO - Carga exitosa. Datos persistidos.
2026-04-14 21:56:38,972 - INFO - Iniciando extracción (Intento 1/3)...
2026-04-14 21:56:39,162 - INFO - Extracción exitosa.
2026-04-14 21:56:39,163 - INFO - Iniciando transformación de datos...
2026-04-14 21:56:39,166 - INFO - Transformación completada (5 registros procesados).
2026-04-14 21:56:39,166 - INFO - Iniciando carga en la base de datos crypto_data.db...
2026-04-14 21:56:39,176 - INFO - Carga exitosa. Datos persistidos.
2026-04-14 22:54:46,723 - INFO - Iniciando extracción (Intento 1/3)...
2026-04-14 22:54:46,884 - INFO - Extracción exitosa.
2026-04-14 22:54:46,886 - INFO - Iniciando transformación de datos...
2026-04-14 22:54:46,889 - INFO - Transformación completada (5 registros procesados).
2026-04-14 22:54:46,889 - INFO - Iniciando carga en la base de datos crypto_data.db...
2026-04-14 22:54:46,893 - INFO - Carga exitosa. Datos persistidos.
2026-04-14 23:50:53,764 - INFO - Iniciando extracción (Intento 1/3)...
2026-04-14 23:50:53,989 - INFO - Extracción exitosa.
2026-04-14 23:50:53,990 - INFO - Iniciando transformación de datos...
2026-04-14 23:50:53,993 - INFO - Transformación completada (5 registros procesados).
2026-04-14 23:50:53,993 - INFO - Iniciando carga en la base de datos crypto_data.db...
2026-04-14 23:50:53,997 - INFO - Carga exitosa. Datos persistidos.
2026-04-15 03:22:25,019 - INFO - Iniciando extracción (Intento 1/3)...
2026-04-15 03:22:25,140 - INFO - Extracción exitosa.
2026-04-15 03:22:25,141 - INFO - Iniciando transformación de datos...
2026-04-15 03:22:25,143 - INFO - Transformación completada (5 registros procesados).
2026-04-15 03:22:25,143 - INFO - Iniciando carga en la base de datos crypto_data.db...
2026-04-15 03:22:25,149 - INFO - Carga exitosa. Datos persistidos.
2026-04-15 06:04:13,664 - INFO - Iniciando extracción (Intento 1/3)...
2026-04-15 06:04:13,768 - INFO - Extracción exitosa.
2026-04-15 06:04:13,770 - INFO - Iniciando transformación de datos...
2026-04-15 06:04:13,774 - INFO - Transformación completada (5 registros procesados).
2026-04-15 06:04:13,774 - INFO - Iniciando carga en la base de datos crypto_data.db...
2026-04-15 06:04:13,778 - INFO - Carga exitosa. Datos persistidos.
2026-04-15 08:48:08,091 - INFO - Iniciando extracción (Intento 1/3)...
2026-04-15 08:48:08,282 - INFO - Extracción exitosa.
2026-04-15 08:48:08,283 - INFO - Iniciando transformación de datos...
2026-04-15 08:48:08,286 - INFO - Transformación completada (5 registros procesados).
2026-04-15 08:48:08,286 - INFO - Iniciando carga en la base de datos crypto_data.db...
2026-04-15 08:48:08,293 - INFO - Carga exitosa. Datos persistidos.
2026-04-15 10:21:20,299 - INFO - Iniciando extracción (Intento 1/3)...
2026-04-15 10:21:20,471 - INFO - Extracción exitosa.
2026-04-15 10:21:20,472 - INFO - Iniciando transformación de datos...
2026-04-15 10:21:20,475 - INFO - Transformación completada (5 registros procesados).
2026-04-15 10:21:20,475 - INFO - Iniciando carga en la base de datos crypto_data.db...
2026-04-15 10:21:20,479 - INFO - Carga exitosa. Datos persistidos.
2026-04-15 11:59:21,622 - INFO - Iniciando extracción (Intento 1/3)...
2026-04-15 11:59:21,699 - INFO - Extracción exitosa.
2026-04-15 11:59:21,700 - INFO - Iniciando transformación de datos...
2026-04-15 11:59:21,703 - INFO - Transformación completada (5 registros procesados).
2026-04-15 11:59:21,704 - INFO - Iniciando carga en la base de datos crypto_data.db...
2026-04-15 11:59:21,708 - INFO - Carga exitosa. Datos persistidos.
2026-04-15 13:59:55,655 - INFO - Iniciando extracción (Intento 1/3)...
2026-04-15 13:59:55,799 - INFO - Extracción exitosa.
2026-04-15 13:59:55,800 - INFO - Iniciando transformación de datos...
2026-04-15 13:59:55,803 - INFO - Transformación completada (5 registros procesados).
2026-04-15 13:59:55,803 - INFO - Iniciando carga en la base de datos crypto_data.db...
2026-04-15 13:59:55,807 - INFO - Carga exitosa. Datos persistidos.
2026-04-15 15:17:23,284 - INFO - Iniciando extracción (Intento 1/3)...
2026-04-15 15:17:23,416 - INFO - Extracción exitosa.
2026-04-15 15:17:23,418 - INFO - Iniciando transformación de datos...
2026-04-15 15:17:23,421 - INFO - Transformación completada (5 registros procesados).
2026-04-15 15:17:23,421 - INFO - Iniciando carga en la base de datos crypto_data.db...
2026-04-15 15:17:23,425 - INFO - Carga exitosa. Datos persistidos.
2026-04-15 17:13:46,571 - INFO - Iniciando extracción (Intento 1/3)...
2026-04-15 17:13:46,673 - INFO - Extracción exitosa.
2026-04-15 17:13:46,674 - INFO - Iniciando transformación de datos...
2026-04-15 17:13:46,677 - INFO - Transformación completada (5 registros procesados).
2026-04-15 17:13:46,677 - INFO - Iniciando carga en la base de datos crypto_data.db...
2026-04-15 17:13:46,681 - INFO - Carga exitosa. Datos persistidos.
2026-04-15 19:27:41,484 - INFO - Iniciando extracción (Intento 1/3)...
2026-04-15 19:27:41,635 - INFO - Extracción exitosa.
2026-04-15 19:27:41,636 - INFO - Iniciando transformación de datos...
2026-04-15 19:27:41,639 - INFO - Transformación completada (5 registros procesados).
2026-04-15 19:27:41,639 - INFO - Iniciando carga en la base de datos crypto_data.db...
2026-04-15 19:27:41,645 - INFO - Carga exitosa. Datos persistidos.
2026-04-15 20:59:14,639 - INFO - Iniciando extracción (Intento 1/3)...
2026-04-15 20:59:14,794 - INFO - Extracción exitosa.
2026-04-15 20:59:14,795 - INFO - Iniciando transformación de datos...
2026-04-15 20:59:14,798 - INFO - Transformación completada (5 registros procesados).
2026-04-15 20:59:14,798 - INFO - Iniciando carga en la base de datos crypto_data.db...
2026-04-15 20:59:14,804 - INFO - Carga exitosa. Datos persistidos.
2026-04-15 22:00:18,591 - INFO - Iniciando extracción (Intento 1/3)...
2026-04-15 22:00:18,669 - INFO - Extracción exitosa.
2026-04-15 22:00:18,670 - INFO - Iniciando transformación de datos...
2026-04-15 22:00:18,673 - INFO - Transformación completada (5 registros procesados).
2026-04-15 22:00:18,673 - INFO - Iniciando carga en la base de datos crypto_data.db...
2026-04-15 22:00:18,677 - INFO - Carga exitosa. Datos persistidos.
2026-04-15 23:51:23,325 - INFO - Iniciando extracción (Intento 1/3)...
2026-04-15 23:51:23,447 - INFO - Extracción exitosa.
2026-04-15 23:51:23,448 - INFO - Iniciando transformación de datos...
2026-04-15 23:51:23,451 - INFO - Transformación completada (5 registros procesados).
2026-04-15 23:51:23,451 - INFO - Iniciando carga en la base de datos crypto_data.db...
2026-04-15 23:51:23,648 - INFO - Carga exitosa. Datos persistidos.
2026-04-16 03:30:44,241 - INFO - Iniciando extracción (Intento 1/3)...
2026-04-16 03:30:44,382 - INFO - Extracción exitosa.
2026-04-16 03:30:44,383 - INFO - Iniciando transformación de datos...
2026-04-16 03:30:44,387 - INFO - Transformación completada (5 registros procesados).
2026-04-16 03:30:44,387 - INFO - Iniciando carga en la base de datos crypto_data.db...
2026-04-16 03:30:44,392 - INFO - Carga exitosa. Datos persistidos.
2026-04-16 06:06:53,876 - INFO - Iniciando extracción (Intento 1/3)...
2026-04-16 06:06:54,013 - INFO - Extracción exitosa.
2026-04-16 06:06:54,014 - INFO - Iniciando transformación de datos...
2026-04-16 06:06:54,017 - INFO - Transformación completada (5 registros procesados).
2026-04-16 06:06:54,017 - INFO - Iniciando carga en la base de datos crypto_data.db...
2026-04-16 06:06:54,022 - INFO - Carga exitosa. Datos persistidos.
2026-04-16 08:48:31,143 - INFO - Iniciando extracción (Intento 1/3)...
2026-04-16 08:48:31,299 - INFO - Extracción exitosa.
2026-04-16 08:48:31,301 - INFO - Iniciando transformación de datos...
2026-04-16 08:48:31,305 - INFO - Transformación completada (5 registros procesados).
2026-04-16 08:48:31,305 - INFO - Iniciando carga en la base de datos crypto_data.db...
2026-04-16 08:48:31,310 - INFO - Carga exitosa. Datos persistidos.
2026-04-16 10:20:45,971 - INFO - Iniciando extracción (Intento 1/3)...
2026-04-16 10:20:46,102 - INFO - Extracción exitosa.
2026-04-16 10:20:46,103 - INFO - Iniciando transformación de datos...
2026-04-16 10:20:46,106 - INFO - Transformación completada (5 registros procesados).
2026-04-16 10:20:46,106 - INFO - Iniciando carga en la base de datos crypto_data.db...
2026-04-16 10:20:46,111 - INFO - Carga exitosa. Datos persistidos.
2026-04-16 12:02:27,191 - INFO - Iniciando extracción (Intento 1/3)...
2026-04-16 12:02:27,284 - INFO - Extracción exitosa.
2026-04-16 12:02:27,285 - INFO - Iniciando transformación de datos...
2026-04-16 12:02:27,288 - INFO - Transformación completada (5 registros procesados).
2026-04-16 12:02:27,288 - INFO - Iniciando carga en la base de datos crypto_data.db...
2026-04-16 12:02:27,292 - INFO - Carga exitosa. Datos persistidos.
2026-04-16 15:01:28,379 - INFO - Iniciando extracción (Intento 1/3)...
2026-04-16 15:01:28,534 - INFO - Extracción exitosa.
2026-04-16 15:01:28,536 - INFO - Iniciando transformación de datos...
2026-04-16 15:01:28,539 - INFO - Transformación completada (5 registros procesados).
2026-04-16 15:01:28,539 - INFO - Iniciando carga en la base de datos crypto_data.db...
2026-04-16 15:01:28,543 - INFO - Carga exitosa. Datos persistidos.
2026-04-16 17:22:01,001 - INFO - Iniciando extracción (Intento 1/3)...
2026-04-16 17:22:01,174 - INFO - Extracción exitosa.
2026-04-16 17:22:01,176 - INFO - Iniciando transformación de datos...
2026-04-16 17:22:01,179 - INFO - Transformación completada (5 registros procesados).
2026-04-16 17:22:01,179 - INFO - Iniciando carga en la base de datos crypto_data.db...
2026-04-16 17:22:01,183 - INFO - Carga exitosa. Datos persistidos.
2026-04-16 19:24:52,736 - INFO - Iniciando extracción (Intento 1/3)...
2026-04-16 19:24:52,962 - INFO - Extracción exitosa.
2026-04-16 19:24:52,964 - INFO - Iniciando transformación de datos...
2026-04-16 19:24:52,967 - INFO - Transformación completada (5 registros procesados).
2026-04-16 19:24:52,967 - INFO - Iniciando carga en la base de datos crypto_data.db...
2026-04-16 19:24:52,972 - INFO - Carga exitosa. Datos persistidos.
2026-04-16 20:56:25,419 - INFO - Iniciando extracción (Intento 1/3)...
2026-04-16 20:56:25,656 - INFO - Extracción exitosa.
2026-04-16 20:56:25,658 - INFO - Iniciando transformación de datos...
2026-04-16 20:56:25,660 - INFO - Transformación completada (5 registros procesados).
2026-04-16 20:56:25,660 - INFO - Iniciando carga en la base de datos crypto_data.db...
2026-04-16 20:56:25,665 - INFO - Carga exitosa. Datos persistidos.
2026-04-16 21:53:08,809 - INFO - Iniciando extracción (Intento 1/3)...
2026-04-16 21:53:09,026 - INFO - Extracción exitosa.
2026-04-16 21:53:09,027 - INFO - Iniciando transformación de datos...
2026-04-16 21:53:09,030 - INFO - Transformación completada (5 registros procesados).
2026-04-16 21:53:09,030 - INFO - Iniciando carga en la base de datos crypto_data.db...
2026-04-16 21:53:09,034 - INFO - Carga exitosa. Datos persistidos.
2026-04-16 22:51:11,604 - INFO - Iniciando extracción (Intento 1/3)...
2026-04-16 22:51:11,762 - INFO - Extracción exitosa.
2026-04-16 22:51:11,763 - INFO - Iniciando transformación de datos...
2026-04-16 22:51:11,766 - INFO - Transformación completada (5 registros procesados).
2026-04-16 22:51:11,766 - INFO - Iniciando carga en la base de datos crypto_data.db...
2026-04-16 22:51:11,772 - INFO - Carga exitosa. Datos persistidos.
2026-04-16 23:50:27,096 - INFO - Iniciando extracción (Intento 1/3)...
2026-04-16 23:50:27,316 - INFO - Extracción exitosa.
2026-04-16 23:50:27,317 - INFO - Iniciando transformación de datos...
2026-04-16 23:50:27,320 - INFO - Transformación completada (5 registros procesados).
2026-04-16 23:50:27,320 - INFO - Iniciando carga en la base de datos crypto_data.db...
2026-04-16 23:50:27,324 - INFO - Carga exitosa. Datos persistidos.
2026-04-17 03:26:21,856 - INFO - Iniciando extracción (Intento 1/3)...
2026-04-17 03:26:22,056 - INFO - Extracción exitosa.
2026-04-17 03:26:22,057 - INFO - Iniciando transformación de datos...
2026-04-17 03:26:22,060 - INFO - Transformación completada (5 registros procesados).
2026-04-17 03:26:22,060 - INFO - Iniciando carga en la base de datos crypto_data.db...
2026-04-17 03:26:22,065 - INFO - Carga exitosa. Datos persistidos.
2026-04-17 06:07:51,261 - INFO - Iniciando extracción (Intento 1/3)...
2026-04-17 06:07:51,402 - INFO - Extracción exitosa.
2026-04-17 06:07:51,403 - INFO - Iniciando transformación de datos...
2026-04-17 06:07:51,406 - INFO - Transformación completada (5 registros procesados).
2026-04-17 06:07:51,406 - INFO - Iniciando carga en la base de datos crypto_data.db...
2026-04-17 06:07:51,412 - INFO - Carga exitosa. Datos persistidos.
2026-04-17 08:48:05,951 - INFO - Iniciando extracción (Intento 1/3)...
2026-04-17 08:48:06,171 - INFO - Extracción exitosa.
2026-04-17 08:48:06,173 - INFO - Iniciando transformación de datos...
2026-04-17 08:48:06,176 - INFO - Transformación completada (5 registros procesados).
2026-04-17 08:48:06,176 - INFO - Iniciando carga en la base de datos crypto_data.db...
2026-04-17 08:48:06,180 - INFO - Carga exitosa. Datos persistidos.
2026-04-17 10:18:06,565 - INFO - Iniciando extracción (Intento 1/3)...
2026-04-17 10:18:06,706 - INFO - Extracción exitosa.
2026-04-17 10:18:06,708 - INFO - Iniciando transformación de datos...
2026-04-17 10:18:06,711 - INFO - Transformación completada (5 registros procesados).
2026-04-17 10:18:06,711 - INFO - Iniciando carga en la base de datos crypto_data.db...
2026-04-17 10:18:06,715 - INFO - Carga exitosa. Datos persistidos.
2026-04-17 11:56:15,038 - INFO - Iniciando extracción (Intento 1/3)...
2026-04-17 11:56:15,221 - INFO - Extracción exitosa.
2026-04-17 11:56:15,223 - INFO - Iniciando transformación de datos...
2026-04-17 11:56:15,227 - INFO - Transformación completada (5 registros procesados).
2026-04-17 11:56:15,227 - INFO - Iniciando carga en la base de datos crypto_data.db...
2026-04-17 11:56:15,231 - INFO - Carga exitosa. Datos persistidos.
2026-04-17 13:49:56,109 - INFO - Iniciando extracción (Intento 1/3)...
2026-04-17 13:49:56,304 - INFO - Extracción exitosa.
2026-04-17 13:49:56,306 - INFO - Iniciando transformación de datos...
2026-04-17 13:49:56,309 - INFO - Transformación completada (5 registros procesados).
2026-04-17 13:49:56,309 - INFO - Iniciando carga en la base de datos crypto_data.db...
2026-04-17 13:49:56,314 - INFO - Carga exitosa. Datos persistidos.
2026-04-17 15:01:22,263 - INFO - Iniciando extracción (Intento 1/3)...
2026-04-17 15:01:22,364 - INFO - Extracción exitosa.
2026-04-17 15:01:22,365 - INFO - Iniciando transformación de datos...
2026-04-17 15:01:22,368 - INFO - Transformación completada (5 registros procesados).
2026-04-17 15:01:22,368 - INFO - Iniciando carga en la base de datos crypto_data.db...
2026-04-17 15:01:22,373 - INFO - Carga exitosa. Datos persistidos.
2026-04-17 16:59:39,006 - INFO - Iniciando extracción (Intento 1/3)...
2026-04-17 16:59:39,207 - INFO - Extracción exitosa.
2026-04-17 16:59:39,209 - INFO - Iniciando transformación de datos...
2026-04-17 16:59:39,212 - INFO - Transformación completada (5 registros procesados).
2026-04-17 16:59:39,212 - INFO - Iniciando carga en la base de datos crypto_data.db...
2026-04-17 16:59:39,217 - INFO - Carga exitosa. Datos persistidos.
2026-04-17 17:58:28,071 - INFO - Iniciando extracción (Intento 1/3)...
2026-04-17 17:58:28,233 - INFO - Extracción exitosa.
2026-04-17 17:58:28,235 - INFO - Iniciando transformación de datos...
2026-04-17 17:58:28,238 - INFO - Transformación completada (5 registros procesados).
2026-04-17 17:58:28,238 - INFO - Iniciando carga en la base de datos crypto_data.db...
2026-04-17 17:58:28,242 - INFO - Carga exitosa. Datos persistidos.
2026-04-17 19:15:10,331 - INFO - Iniciando extracción (Intento 1/3)...
2026-04-17 19:15:10,512 - INFO - Extracción exitosa.
2026-04-17 19:15:10,513 - INFO - Iniciando transformación de datos...
2026-04-17 19:15:10,516 - INFO - Transformación completada (5 registros procesados).
2026-04-17 19:15:10,516 - INFO - Iniciando carga en la base de datos crypto_data.db...
2026-04-17 19:15:10,521 - INFO - Carga exitosa. Datos persistidos.
2026-04-17 20:54:56,563 - INFO - Iniciando extracción (Intento 1/3)...
2026-04-17 20:54:56,714 - INFO - Extracción exitosa.
2026-04-17 20:54:56,715 - INFO - Iniciando transformación de datos...
2026-04-17 20:54:56,718 - INFO - Transformación completada (5 registros procesados).
2026-04-17 20:54:56,718 - INFO - Iniciando carga en la base de datos crypto_data.db...
2026-04-17 20:54:56,722 - INFO - Carga exitosa. Datos persistidos.
2026-04-17 21:52:20,205 - INFO - Iniciando extracción (Intento 1/3)...
2026-04-17 21:52:20,307 - INFO - Extracción exitosa.
2026-04-17 21:52:20,308 - INFO - Iniciando transformación de datos...
2026-04-17 21:52:20,311 - INFO - Transformación completada (5 registros procesados).
2026-04-17 21:52:20,312 - INFO - Iniciando carga en la base de datos crypto_data.db...
2026-04-17 21:52:20,316 - INFO - Carga exitosa. Datos persistidos.
2026-04-17 22:50:32,162 - INFO - Iniciando extracción (Intento 1/3)...
2026-04-17 22:50:32,355 - INFO - Extracción exitosa.
2026-04-17 22:50:32,356 - INFO - Iniciando transformación de datos...
2026-04-17 22:50:32,359 - INFO - Transformación completada (5 registros procesados).
2026-04-17 22:50:32,359 - INFO - Iniciando carga en la base de datos crypto_data.db...
2026-04-17 22:50:32,364 - INFO - Carga exitosa. Datos persistidos.
2026-04-17 23:48:54,427 - INFO - Iniciando extracción (Intento 1/3)...
2026-04-17 23:48:54,521 - INFO - Extracción exitosa.
2026-04-17 23:48:54,522 - INFO - Iniciando transformación de datos...
2026-04-17 23:48:54,525 - INFO - Transformación completada (5 registros procesados).
2026-04-17 23:48:54,525 - INFO - Iniciando carga en la base de datos crypto_data.db...
2026-04-17 23:48:54,532 - INFO - Carga exitosa. Datos persistidos.
2026-04-18 02:57:02,274 - INFO - Iniciando extracción (Intento 1/3)...
2026-04-18 02:57:02,529 - INFO - Extracción exitosa.
2026-04-18 02:57:02,530 - INFO - Iniciando transformación de datos...
2026-04-18 02:57:02,534 - INFO - Transformación completada (5 registros procesados).
2026-04-18 02:57:02,534 - INFO - Iniciando carga en la base de datos crypto_data.db...
2026-04-18 02:57:02,538 - INFO - Carga exitosa. Datos persistidos.
2026-04-18 05:14:37,989 - INFO - Iniciando extracción (Intento 1/3)...
2026-04-18 05:14:38,190 - INFO - Extracción exitosa.
2026-04-18 05:14:38,192 - INFO - Iniciando transformación de datos...
2026-04-18 05:14:38,195 - INFO - Transformación completada (5 registros procesados).
2026-04-18 05:14:38,195 - INFO - Iniciando carga en la base de datos crypto_data.db...
2026-04-18 05:14:38,200 - INFO - Carga exitosa. Datos persistidos.
2026-04-18 07:18:56,214 - INFO - Iniciando extracción (Intento 1/3)...
2026-04-18 07:18:56,416 - INFO - Extracción exitosa.
2026-04-18 07:18:56,417 - INFO - Iniciando transformación de datos...
2026-04-18 07:18:56,420 - INFO - Transformación completada (5 registros procesados).
2026-04-18 07:18:56,420 - INFO - Iniciando carga en la base de datos crypto_data.db...
2026-04-18 07:18:56,424 - INFO - Carga exitosa. Datos persistidos.
2026-04-18 08:59:07,092 - INFO - Iniciando extracción (Intento 1/3)...
2026-04-18 08:59:07,387 - INFO - Extracción exitosa.
2026-04-18 08:59:07,389 - INFO - Iniciando transformación de datos...
2026-04-18 08:59:07,392 - INFO - Transformación completada (5 registros procesados).
2026-04-18 08:59:07,392 - INFO - Iniciando carga en la base de datos crypto_data.db...
2026-04-18 08:59:07,396 - INFO - Carga exitosa. Datos persistidos.
2026-04-18 09:56:03,793 - INFO - Iniciando extracción (Intento 1/3)...
2026-04-18 09:56:03,980 - INFO - Extracción exitosa.
2026-04-18 09:56:03,981 - INFO - Iniciando transformación de datos...
2026-04-18 09:56:03,984 - INFO - Transformación completada (5 registros procesados).
2026-04-18 09:56:03,984 - INFO - Iniciando carga en la base de datos crypto_data.db...
2026-04-18 09:56:03,989 - INFO - Carga exitosa. Datos persistidos.
2026-04-18 10:52:03,539 - INFO - Iniciando extracción (Intento 1/3)...
2026-04-18 10:52:03,699 - INFO - Extracción exitosa.
2026-04-18 10:52:03,701 - INFO - Iniciando transformación de datos...
2026-04-18 10:52:03,704 - INFO - Transformación completada (5 registros procesados).
2026-04-18 10:52:03,704 - INFO - Iniciando carga en la base de datos crypto_data.db...
2026-04-18 10:52:03,708 - INFO - Carga exitosa. Datos persistidos.
2026-04-18 11:40:20,482 - INFO - Iniciando extracción (Intento 1/3)...
2026-04-18 11:40:20,609 - INFO - Extracción exitosa.
2026-04-18 11:40:20,610 - INFO - Iniciando transformación de datos...
2026-04-18 11:40:20,613 - INFO - Transformación completada (5 registros procesados).
2026-04-18 11:40:20,613 - INFO - Iniciando carga en la base de datos crypto_data.db...
2026-04-18 11:40:20,617 - INFO - Carga exitosa. Datos persistidos.
2026-04-18 13:16:00,710 - INFO - Iniciando extracción (Intento 1/3)...
2026-04-18 13:16:00,853 - INFO - Extracción exitosa.
2026-04-18 13:16:00,854 - INFO - Iniciando transformación de datos...
2026-04-18 13:16:00,857 - INFO - Transformación completada (5 registros procesados).
2026-04-18 13:16:00,857 - INFO - Iniciando carga en la base de datos crypto_data.db...
2026-04-18 13:16:00,863 - INFO - Carga exitosa. Datos persistidos.
2026-04-18 14:48:54,283 - INFO - Iniciando extracción (Intento 1/3)...
2026-04-18 14:48:54,509 - INFO - Extracción exitosa.
2026-04-18 14:48:54,510 - INFO - Iniciando transformación de datos...
2026-04-18 14:48:54,513 - INFO - Transformación completada (5 registros procesados).
2026-04-18 14:48:54,513 - INFO - Iniciando carga en la base de datos crypto_data.db...
2026-04-18 14:48:54,518 - INFO - Carga exitosa. Datos persistidos.
2026-04-18 15:43:30,006 - INFO - Iniciando extracción (Intento 1/3)...
2026-04-18 15:43:30,142 - INFO - Extracción exitosa.
2026-04-18 15:43:30,143 - INFO - Iniciando transformación de datos...
2026-04-18 15:43:30,146 - INFO - Transformación completada (5 registros procesados).
2026-04-18 15:43:30,146 - INFO - Iniciando carga en la base de datos crypto_data.db...
2026-04-18 15:43:30,152 - INFO - Carga exitosa. Datos persistidos.
2026-04-18 16:51:26,777 - INFO - Iniciando extracción (Intento 1/3)...
2026-04-18 16:51:26,893 - INFO - Extracción exitosa.
2026-04-18 16:51:26,894 - INFO - Iniciando transformación de datos...
2026-04-18 16:51:26,897 - INFO - Transformación completada (5 registros procesados).
2026-04-18 16:51:26,897 - INFO - Iniciando carga en la base de datos crypto_data.db...
2026-04-18 16:51:26,902 - INFO - Carga exitosa. Datos persistidos.
2026-04-18 17:42:03,045 - INFO - Iniciando extracción (Intento 1/3)...
2026-04-18 17:42:03,183 - INFO - Extracción exitosa.
2026-04-18 17:42:03,184 - INFO - Iniciando transformación de datos...
2026-04-18 17:42:03,187 - INFO - Transformación completada (5 registros procesados).
2026-04-18 17:42:03,187 - INFO - Iniciando carga en la base de datos crypto_data.db...
2026-04-18 17:42:03,192 - INFO - Carga exitosa. Datos persistidos.
2026-04-18 19:00:57,954 - INFO - Iniciando extracción (Intento 1/3)...
2026-04-18 19:00:58,119 - INFO - Extracción exitosa.
2026-04-18 19:00:58,121 - INFO - Iniciando transformación de datos...
2026-04-18 19:00:58,124 - INFO - Transformación completada (5 registros procesados).
2026-04-18 19:00:58,124 - INFO - Iniciando carga en la base de datos crypto_data.db...
2026-04-18 19:00:58,130 - INFO - Carga exitosa. Datos persistidos.
2026-04-18 20:44:55,349 - INFO - Iniciando extracción (Intento 1/3)...
2026-04-18 20:44:55,564 - INFO - Extracción exitosa.
2026-04-18 20:44:55,566 - INFO - Iniciando transformación de datos...
2026-04-18 20:44:55,570 - INFO - Transformación completada (5 registros procesados).
2026-04-18 20:44:55,570 - INFO - Iniciando carga en la base de datos crypto_data.db...
2026-04-18 20:44:55,574 - INFO - Carga exitosa. Datos persistidos.
2026-04-18 21:42:23,309 - INFO - Iniciando extracción (Intento 1/3)...
2026-04-18 21:42:23,439 - INFO - Extracción exitosa.
2026-04-18 21:42:23,441 - INFO - Iniciando transformación de datos...
2026-04-18 21:42:23,443 - INFO - Transformación completada (5 registros procesados).
2026-04-18 21:42:23,444 - INFO - Iniciando carga en la base de datos crypto_data.db...
2026-04-18 21:42:23,448 - INFO - Carga exitosa. Datos persistidos.
2026-04-18 22:41:44,655 - INFO - Iniciando extracción (Intento 1/3)...
2026-04-18 22:41:44,890 - INFO - Extracción exitosa.
2026-04-18 22:41:44,891 - INFO - Iniciando transformación de datos...
2026-04-18 22:41:44,894 - INFO - Transformación completada (5 registros procesados).
2026-04-18 22:41:44,894 - INFO - Iniciando carga en la base de datos crypto_data.db...
2026-04-18 22:41:44,899 - INFO - Carga exitosa. Datos persistidos.
2026-04-18 23:41:59,337 - INFO - Iniciando extracción (Intento 1/3)...
2026-04-18 23:41:59,519 - INFO - Extracción exitosa.
2026-04-18 23:41:59,520 - INFO - Iniciando transformación de datos...
2026-04-18 23:41:59,523 - INFO - Transformación completada (5 registros procesados).
2026-04-18 23:41:59,523 - INFO - Iniciando carga en la base de datos crypto_data.db...
2026-04-18 23:41:59,528 - INFO - Carga exitosa. Datos persistidos.
2026-04-19 03:33:18,626 - INFO - Iniciando extracción (Intento 1/3)...
2026-04-19 03:33:18,861 - INFO - Extracción exitosa.
2026-04-19 03:33:18,862 - INFO - Iniciando transformación de datos...
2026-04-19 03:33:18,865 - INFO - Transformación completada (5 registros procesados).
2026-04-19 03:33:18,865 - INFO - Iniciando carga en la base de datos crypto_data.db...
2026-04-19 03:33:18,870 - INFO - Carga exitosa. Datos persistidos.
2026-04-19 06:02:54,023 - INFO - Iniciando extracción (Intento 1/3)...
2026-04-19 06:02:54,167 - INFO - Extracción exitosa.
2026-04-19 06:02:54,169 - INFO - Iniciando transformación de datos...
2026-04-19 06:02:54,172 - INFO - Transformación completada (5 registros procesados).
2026-04-19 06:02:54,172 - INFO - Iniciando carga en la base de datos crypto_data.db...
2026-04-19 06:02:54,179 - INFO - Carga exitosa. Datos persistidos.
2026-04-19 08:09:33,972 - INFO - Iniciando extracción (Intento 1/3)...
2026-04-19 08:09:34,200 - INFO - Extracción exitosa.
2026-04-19 08:09:34,201 - INFO - Iniciando transformación de datos...
2026-04-19 08:09:34,204 - INFO - Transformación completada (5 registros procesados).
2026-04-19 08:09:34,204 - INFO - Iniciando carga en la base de datos crypto_data.db...
2026-04-19 08:09:34,209 - INFO - Carga exitosa. Datos persistidos.
2026-04-19 09:53:42,008 - INFO - Iniciando extracción (Intento 1/3)...
2026-04-19 09:53:42,189 - INFO - Extracción exitosa.
2026-04-19 09:53:42,191 - INFO - Iniciando transformación de datos...
2026-04-19 09:53:42,195 - INFO - Transformación completada (5 registros procesados).
2026-04-19 09:53:42,196 - INFO - Iniciando carga en la base de datos crypto_data.db...
2026-04-19 09:53:42,201 - INFO - Carga exitosa. Datos persistidos.
2026-04-19 10:49:14,052 - INFO - Iniciando extracción (Intento 1/3)...
2026-04-19 10:49:14,190 - INFO - Extracción exitosa.
2026-04-19 10:49:14,191 - INFO - Iniciando transformación de datos...
2026-04-19 10:49:14,194 - INFO - Transformación completada (5 registros procesados).
2026-04-19 10:49:14,194 - INFO - Iniciando carga en la base de datos crypto_data.db...
2026-04-19 10:49:14,328 - INFO - Carga exitosa. Datos persistidos.
2026-04-19 11:41:10,233 - INFO - Iniciando extracción (Intento 1/3)...
2026-04-19 11:41:10,413 - INFO - Extracción exitosa.
2026-04-19 11:41:10,415 - INFO - Iniciando transformación de datos...
2026-04-19 11:41:10,418 - INFO - Transformación completada (5 registros procesados).
2026-04-19 11:41:10,418 - INFO - Iniciando carga en la base de datos crypto_data.db...
2026-04-19 11:41:10,422 - INFO - Carga exitosa. Datos persistidos.
2026-04-19 13:16:07,686 - INFO - Iniciando extracción (Intento 1/3)...
2026-04-19 13:16:07,794 - INFO - Extracción exitosa.
2026-04-19 13:16:07,796 - INFO - Iniciando transformación de datos...
2026-04-19 13:16:07,799 - INFO - Transformación completada (5 registros procesados).
2026-04-19 13:16:07,799 - INFO - Iniciando carga en la base de datos crypto_data.db...
2026-04-19 13:16:07,803 - INFO - Carga exitosa. Datos persistidos.
2026-04-19 14:49:04,605 - INFO - Iniciando extracción (Intento 1/3)...
2026-04-19 14:49:04,745 - INFO - Extracción exitosa.
2026-04-19 14:49:04,746 - INFO - Iniciando transformación de datos...
2026-04-19 14:49:04,749 - INFO - Transformación completada (5 registros procesados).
2026-04-19 14:49:04,749 - INFO - Iniciando carga en la base de datos crypto_data.db...
2026-04-19 14:49:04,754 - INFO - Carga exitosa. Datos persistidos.
2026-04-19 15:43:46,340 - INFO - Iniciando extracción (Intento 1/3)...
2026-04-19 15:43:46,553 - INFO - Extracción exitosa.
2026-04-19 15:43:46,554 - INFO - Iniciando transformación de datos...
2026-04-19 15:43:46,557 - INFO - Transformación completada (5 registros procesados).
2026-04-19 15:43:46,557 - INFO - Iniciando carga en la base de datos crypto_data.db...
2026-04-19 15:43:46,562 - INFO - Carga exitosa. Datos persistidos.
2026-04-19 16:51:29,307 - INFO - Iniciando extracción (Intento 1/3)...
2026-04-19 16:51:29,424 - INFO - Extracción exitosa.
2026-04-19 16:51:29,426 - INFO - Iniciando transformación de datos...
2026-04-19 16:51:29,429 - INFO - Transformación completada (5 registros procesados).
2026-04-19 16:51:29,429 - INFO - Iniciando carga en la base de datos crypto_data.db...
2026-04-19 16:51:29,433 - INFO - Carga exitosa. Datos persistidos.
2026-04-19 17:41:16,177 - INFO - Iniciando extracción (Intento 1/3)...
2026-04-19 17:41:16,329 - INFO - Extracción exitosa.
2026-04-19 17:41:16,330 - INFO - Iniciando transformación de datos...
2026-04-19 17:41:16,333 - INFO - Transformación completada (5 registros procesados).
2026-04-19 17:41:16,333 - INFO - Iniciando carga en la base de datos crypto_data.db...
2026-04-19 17:41:16,338 - INFO - Carga exitosa. Datos persistidos.
2026-04-19 19:00:47,867 - INFO - Iniciando extracción (Intento 1/3)...
2026-04-19 19:00:47,988 - INFO - Extracción exitosa.
2026-04-19 19:00:47,990 - INFO - Iniciando transformación de datos...
2026-04-19 19:00:47,993 - INFO - Transformación completada (5 registros procesados).
2026-04-19 19:00:47,993 - INFO - Iniciando carga en la base de datos crypto_data.db...
2026-04-19 19:00:47,998 - INFO - Carga exitosa. Datos persistidos.
2026-04-19 20:46:36,343 - INFO - Iniciando extracción (Intento 1/3)...
2026-04-19 20:46:36,503 - INFO - Extracción exitosa.
2026-04-19 20:46:36,504 - INFO - Iniciando transformación de datos...
2026-04-19 20:46:36,507 - INFO - Transformación completada (5 registros procesados).
2026-04-19 20:46:36,507 - INFO - Iniciando carga en la base de datos crypto_data.db...
2026-04-19 20:46:36,513 - INFO - Carga exitosa. Datos persistidos.
2026-04-19 21:42:17,003 - INFO - Iniciando extracción (Intento 1/3)...
2026-04-19 21:42:17,128 - INFO - Extracción exitosa.
2026-04-19 21:42:17,129 - INFO - Iniciando transformación de datos...
2026-04-19 21:42:17,132 - INFO - Transformación completada (5 registros procesados).
2026-04-19 21:42:17,132 - INFO - Iniciando carga en la base de datos crypto_data.db...
2026-04-19 21:42:17,137 - INFO - Carga exitosa. Datos persistidos.
2026-04-19 22:42:50,352 - INFO - Iniciando extracción (Intento 1/3)...
2026-04-19 22:42:50,558 - INFO - Extracción exitosa.
2026-04-19 22:42:50,560 - INFO - Iniciando transformación de datos...
2026-04-19 22:42:50,562 - INFO - Transformación completada (5 registros procesados).
2026-04-19 22:42:50,562 - INFO - Iniciando carga en la base de datos crypto_data.db...
2026-04-19 22:42:50,567 - INFO - Carga exitosa. Datos persistidos.
2026-04-19 23:44:52,073 - INFO - Iniciando extracción (Intento 1/3)...
2026-04-19 23:44:52,318 - INFO - Extracción exitosa.
2026-04-19 23:44:52,319 - INFO - Iniciando transformación de datos...
2026-04-19 23:44:52,322 - INFO - Transformación completada (5 registros procesados).
2026-04-19 23:44:52,322 - INFO - Iniciando carga en la base de datos crypto_data.db...
2026-04-19 23:44:52,326 - INFO - Carga exitosa. Datos persistidos.
2026-04-20 03:35:08,003 - INFO - Iniciando extracción (Intento 1/3)...
2026-04-20 03:35:08,150 - INFO - Extracción exitosa.
2026-04-20 03:35:08,151 - INFO - Iniciando transformación de datos...
2026-04-20 03:35:08,154 - INFO - Transformación completada (5 registros procesados).
2026-04-20 03:35:08,154 - INFO - Iniciando carga en la base de datos crypto_data.db...
2026-04-20 03:35:08,159 - INFO - Carga exitosa. Datos persistidos.
2026-04-20 06:21:49,032 - INFO - Iniciando extracción (Intento 1/3)...
2026-04-20 06:21:49,163 - INFO - Extracción exitosa.
2026-04-20 06:21:49,164 - INFO - Iniciando transformación de datos...
2026-04-20 06:21:49,169 - INFO - Transformación completada (5 registros procesados).
2026-04-20 06:21:49,169 - INFO - Iniciando carga en la base de datos crypto_data.db...
2026-04-20 06:21:49,174 - INFO - Carga exitosa. Datos persistidos.
2026-04-20 09:11:00,095 - INFO - Iniciando extracción (Intento 1/3)...
2026-04-20 09:11:00,234 - INFO - Extracción exitosa.
2026-04-20 09:11:00,235 - INFO - Iniciando transformación de datos...
2026-04-20 09:11:00,238 - INFO - Transformación completada (5 registros procesados).
2026-04-20 09:11:00,238 - INFO - Iniciando carga en la base de datos crypto_data.db...
2026-04-20 09:11:00,374 - INFO - Carga exitosa. Datos persistidos.
2026-04-20 11:23:22,901 - INFO - Iniciando extracción (Intento 1/3)...
2026-04-20 11:23:23,008 - INFO - Extracción exitosa.
2026-04-20 11:23:23,009 - INFO - Iniciando transformación de datos...
2026-04-20 11:23:23,012 - INFO - Transformación completada (5 registros procesados).
2026-04-20 11:23:23,012 - INFO - Iniciando carga en la base de datos crypto_data.db...
2026-04-20 11:23:23,017 - INFO - Carga exitosa. Datos persistidos.
2026-04-20 13:58:54,277 - INFO - Iniciando extracción (Intento 1/3)...
2026-04-20 13:58:54,488 - INFO - Extracción exitosa.
2026-04-20 13:58:54,490 - INFO - Iniciando transformación de datos...
2026-04-20 13:58:54,492 - INFO - Transformación completada (5 registros procesados).
2026-04-20 13:58:54,492 - INFO - Iniciando carga en la base de datos crypto_data.db...
2026-04-20 13:58:54,497 - INFO - Carga exitosa. Datos persistidos.
2026-04-20 15:24:51,260 - INFO - Iniciando extracción (Intento 1/3)...
2026-04-20 15:24:51,360 - INFO - Extracción exitosa.
2026-04-20 15:24:51,361 - INFO - Iniciando transformación de datos...
2026-04-20 15:24:51,364 - INFO - Transformación completada (5 registros procesados).
2026-04-20 15:24:51,364 - INFO - Iniciando carga en la base de datos crypto_data.db...
2026-04-20 15:24:51,406 - INFO - Carga exitosa. Datos persistidos.
2026-04-20 17:13:06,573 - INFO - Iniciando extracción (Intento 1/3)...
2026-04-20 17:13:06,778 - INFO - Extracción exitosa.
2026-04-20 17:13:06,779 - INFO - Iniciando transformación de datos...
2026-04-20 17:13:06,783 - INFO - Transformación completada (5 registros procesados).
2026-04-20 17:13:06,783 - INFO - Iniciando carga en la base de datos crypto_data.db...
2026-04-20 17:13:06,787 - INFO - Carga exitosa. Datos persistidos.
2026-04-20 19:17:01,064 - INFO - Iniciando extracción (Intento 1/3)...
2026-04-20 19:17:01,281 - INFO - Extracción exitosa.
2026-04-20 19:17:01,282 - INFO - Iniciando transformación de datos...
2026-04-20 19:17:01,285 - INFO - Transformación completada (5 registros procesados).
2026-04-20 19:17:01,285 - INFO - Iniciando carga en la base de datos crypto_data.db...
2026-04-20 19:17:01,290 - INFO - Carga exitosa. Datos persistidos.
2026-04-20 20:56:34,353 - INFO - Iniciando extracción (Intento 1/3)...
2026-04-20 20:56:34,547 - INFO - Extracción exitosa.
2026-04-20 20:56:34,548 - INFO - Iniciando transformación de datos...
2026-04-20 20:56:34,551 - INFO - Transformación completada (5 registros procesados).
2026-04-20 20:56:34,551 - INFO - Iniciando carga en la base de datos crypto_data.db...
2026-04-20 20:56:34,556 - INFO - Carga exitosa. Datos persistidos.
2026-04-20 21:55:51,182 - INFO - Iniciando extracción (Intento 1/3)...
2026-04-20 21:55:51,462 - INFO - Extracción exitosa.
2026-04-20 21:55:51,463 - INFO - Iniciando transformación de datos...
2026-04-20 21:55:51,466 - INFO - Transformación completada (5 registros procesados).
2026-04-20 21:55:51,466 - INFO - Iniciando carga en la base de datos crypto_data.db...
2026-04-20 21:55:51,470 - INFO - Carga exitosa. Datos persistidos.
2026-04-20 22:54:45,464 - INFO - Iniciando extracción (Intento 1/3)...
2026-04-20 22:54:45,634 - INFO - Extracción exitosa.
2026-04-20 22:54:45,635 - INFO - Iniciando transformación de datos...
2026-04-20 22:54:45,638 - INFO - Transformación completada (5 registros procesados).
2026-04-20 22:54:45,638 - INFO - Iniciando carga en la base de datos crypto_data.db...
2026-04-20 22:54:45,642 - INFO - Carga exitosa. Datos persistidos.
2026-04-20 23:52:09,728 - INFO - Iniciando extracción (Intento 1/3)...
2026-04-20 23:52:09,873 - INFO - Extracción exitosa.
2026-04-20 23:52:09,874 - INFO - Iniciando transformación de datos...
2026-04-20 23:52:09,878 - INFO - Transformación completada (5 registros procesados).
2026-04-20 23:52:09,878 - INFO - Iniciando carga en la base de datos crypto_data.db...
2026-04-20 23:52:09,883 - INFO - Carga exitosa. Datos persistidos.
2026-04-21 03:27:13,086 - INFO - Iniciando extracción (Intento 1/3)...
2026-04-21 03:27:13,277 - INFO - Extracción exitosa.
2026-04-21 03:27:13,279 - INFO - Iniciando transformación de datos...
2026-04-21 03:27:13,283 - INFO - Transformación completada (5 registros procesados).
2026-04-21 03:27:13,283 - INFO - Iniciando carga en la base de datos crypto_data.db...
2026-04-21 03:27:13,287 - INFO - Carga exitosa. Datos persistidos.
2026-04-21 06:07:20,958 - INFO - Iniciando extracción (Intento 1/3)...
2026-04-21 06:07:21,099 - INFO - Extracción exitosa.
2026-04-21 06:07:21,100 - INFO - Iniciando transformación de datos...
2026-04-21 06:07:21,102 - INFO - Transformación completada (5 registros procesados).
2026-04-21 06:07:21,103 - INFO - Iniciando carga en la base de datos crypto_data.db...
2026-04-21 06:07:21,107 - INFO - Carga exitosa. Datos persistidos.
2026-04-21 08:56:12,077 - INFO - Iniciando extracción (Intento 1/3)...
2026-04-21 08:56:12,279 - INFO - Extracción exitosa.
2026-04-21 08:56:12,280 - INFO - Iniciando transformación de datos...
2026-04-21 08:56:12,284 - INFO - Transformación completada (5 registros procesados).
2026-04-21 08:56:12,284 - INFO - Iniciando carga en la base de datos crypto_data.db...
2026-04-21 08:56:12,288 - INFO - Carga exitosa. Datos persistidos.
2026-04-21 10:24:07,499 - INFO - Iniciando extracción (Intento 1/3)...
2026-04-21 10:24:07,653 - INFO - Extracción exitosa.
2026-04-21 10:24:07,654 - INFO - Iniciando transformación de datos...
2026-04-21 10:24:07,658 - INFO - Transformación completada (5 registros procesados).
2026-04-21 10:24:07,658 - INFO - Iniciando carga en la base de datos crypto_data.db...
2026-04-21 10:24:07,662 - INFO - Carga exitosa. Datos persistidos.
2026-04-21 12:03:21,234 - INFO - Iniciando extracción (Intento 1/3)...
2026-04-21 12:03:21,496 - INFO - Extracción exitosa.
2026-04-21 12:03:21,497 - INFO - Iniciando transformación de datos...
2026-04-21 12:03:21,500 - INFO - Transformación completada (5 registros procesados).
2026-04-21 12:03:21,500 - INFO - Iniciando carga en la base de datos crypto_data.db...
2026-04-21 12:03:21,505 - INFO - Carga exitosa. Datos persistidos.
2026-04-21 14:49:57,045 - INFO - Iniciando extracción (Intento 1/3)...
2026-04-21 14:49:57,213 - INFO - Extracción exitosa.
2026-04-21 14:49:57,214 - INFO - Iniciando transformación de datos...
2026-04-21 14:49:57,217 - INFO - Transformación completada (5 registros procesados).
2026-04-21 14:49:57,217 - INFO - Iniciando carga en la base de datos crypto_data.db...
2026-04-21 14:49:57,221 - INFO - Carga exitosa. Datos persistidos.
2026-04-21 16:15:05,317 - INFO - Iniciando extracción (Intento 1/3)...
2026-04-21 16:15:05,465 - INFO - Extracción exitosa.
2026-04-21 16:15:05,467 - INFO - Iniciando transformación de datos...
2026-04-21 16:15:05,470 - INFO - Transformación completada (5 registros procesados).
2026-04-21 16:15:05,470 - INFO - Iniciando carga en la base de datos crypto_data.db...
2026-04-21 16:15:05,474 - INFO - Carga exitosa. Datos persistidos.
2026-04-21 18:03:25,278 - INFO - Iniciando extracción (Intento 1/3)...
2026-04-21 18:03:25,436 - INFO - Extracción exitosa.
2026-04-21 18:03:25,438 - INFO - Iniciando transformación de datos...
2026-04-21 18:03:25,441 - INFO - Transformación completada (5 registros procesados).
2026-04-21 18:03:25,441 - INFO - Iniciando carga en la base de datos crypto_data.db...
2026-04-21 18:03:25,446 - INFO - Carga exitosa. Datos persistidos.
2026-04-21 20:07:27,150 - INFO - Iniciando extracción (Intento 1/3)...
2026-04-21 20:07:27,359 - INFO - Extracción exitosa.
2026-04-21 20:07:27,360 - INFO - Iniciando transformación de datos...
2026-04-21 20:07:27,363 - INFO - Transformación completada (5 registros procesados).
2026-04-21 20:07:27,363 - INFO - Iniciando carga en la base de datos crypto_data.db...
2026-04-21 20:07:27,367 - INFO - Carga exitosa. Datos persistidos.
2026-04-21 21:51:52,903 - INFO - Iniciando extracción (Intento 1/3)...
2026-04-21 21:51:53,067 - INFO - Extracción exitosa.
2026-04-21 21:51:53,068 - INFO - Iniciando transformación de datos...
2026-04-21 21:51:53,071 - INFO - Transformación completada (5 registros procesados).
2026-04-21 21:51:53,071 - INFO - Iniciando carga en la base de datos crypto_data.db...
2026-04-21 21:51:53,075 - INFO - Carga exitosa. Datos persistidos.
2026-04-21 22:44:59,990 - INFO - Iniciando extracción (Intento 1/3)...
2026-04-21 22:45:00,223 - INFO - Extracción exitosa.
2026-04-21 22:45:00,225 - INFO - Iniciando transformación de datos...
2026-04-21 22:45:00,228 - INFO - Transformación completada (5 registros procesados).
2026-04-21 22:45:00,228 - INFO - Iniciando carga en la base de datos crypto_data.db...
2026-04-21 22:45:00,232 - INFO - Carga exitosa. Datos persistidos.
2026-04-21 23:41:24,298 - INFO - Iniciando extracción (Intento 1/3)...
2026-04-21 23:41:24,596 - INFO - Extracción exitosa.
2026-04-21 23:41:24,597 - INFO - Iniciando transformación de datos...
2026-04-21 23:41:24,600 - INFO - Transformación completada (5 registros procesados).
2026-04-21 23:41:24,600 - INFO - Iniciando carga en la base de datos crypto_data.db...
2026-04-21 23:41:24,605 - INFO - Carga exitosa. Datos persistidos.
2026-04-22 03:25:23,785 - INFO - Iniciando extracción (Intento 1/3)...
2026-04-22 03:25:23,947 - INFO - Extracción exitosa.
2026-04-22 03:25:23,949 - INFO - Iniciando transformación de datos...
2026-04-22 03:25:23,952 - INFO - Transformación completada (5 registros procesados).
2026-04-22 03:25:23,952 - INFO - Iniciando carga en la base de datos crypto_data.db...
2026-04-22 03:25:23,956 - INFO - Carga exitosa. Datos persistidos.
2026-04-22 06:04:39,796 - INFO - Iniciando extracción (Intento 1/3)...
2026-04-22 06:04:40,001 - INFO - Extracción exitosa.
2026-04-22 06:04:40,002 - INFO - Iniciando transformación de datos...
2026-04-22 06:04:40,004 - INFO - Transformación completada (5 registros procesados).
2026-04-22 06:04:40,004 - INFO - Iniciando carga en la base de datos crypto_data.db...
2026-04-22 06:04:40,008 - INFO - Carga exitosa. Datos persistidos.
2026-04-22 08:51:20,252 - INFO - Iniciando extracción (Intento 1/3)...
2026-04-22 08:51:20,380 - INFO - Extracción exitosa.
2026-04-22 08:51:20,382 - INFO - Iniciando transformación de datos...
2026-04-22 08:51:20,385 - INFO - Transformación completada (5 registros procesados).
2026-04-22 08:51:20,385 - INFO - Iniciando carga en la base de datos crypto_data.db...
2026-04-22 08:51:20,389 - INFO - Carga exitosa. Datos persistidos.
2026-04-22 10:23:35,019 - INFO - Iniciando extracción (Intento 1/3)...
2026-04-22 10:23:35,162 - INFO - Extracción exitosa.
2026-04-22 10:23:35,163 - INFO - Iniciando transformación de datos...
2026-04-22 10:23:35,166 - INFO - Transformación completada (5 registros procesados).
2026-04-22 10:23:35,167 - INFO - Iniciando carga en la base de datos crypto_data.db...
2026-04-22 10:23:35,173 - INFO - Carga exitosa. Datos persistidos.
2026-04-22 12:02:16,365 - INFO - Iniciando extracción (Intento 1/3)...
2026-04-22 12:02:16,562 - INFO - Extracción exitosa.
2026-04-22 12:02:16,563 - INFO - Iniciando transformación de datos...
2026-04-22 12:02:16,566 - INFO - Transformación completada (5 registros procesados).
2026-04-22 12:02:16,566 - INFO - Iniciando carga en la base de datos crypto_data.db...
2026-04-22 12:02:16,571 - INFO - Carga exitosa. Datos persistidos.
2026-04-22 14:50:04,858 - INFO - Iniciando extracción (Intento 1/3)...
2026-04-22 14:50:05,020 - INFO - Extracción exitosa.
2026-04-22 14:50:05,021 - INFO - Iniciando transformación de datos...
2026-04-22 14:50:05,024 - INFO - Transformación completada (5 registros procesados).
2026-04-22 14:50:05,025 - INFO - Iniciando carga en la base de datos crypto_data.db...
2026-04-22 14:50:05,029 - INFO - Carga exitosa. Datos persistidos.
2026-04-22 16:13:28,102 - INFO - Iniciando extracción (Intento 1/3)...
2026-04-22 16:13:28,352 - INFO - Extracción exitosa.
2026-04-22 16:13:28,353 - INFO - Iniciando transformación de datos...
2026-04-22 16:13:28,356 - INFO - Transformación completada (5 registros procesados).
2026-04-22 16:13:28,356 - INFO - Iniciando carga en la base de datos crypto_data.db...
2026-04-22 16:13:28,895 - INFO - Carga exitosa. Datos persistidos.
2026-04-22 18:04:15,051 - INFO - Iniciando extracción (Intento 1/3)...
2026-04-22 18:04:15,241 - INFO - Extracción exitosa.
2026-04-22 18:04:15,242 - INFO - Iniciando transformación de datos...
2026-04-22 18:04:15,245 - INFO - Transformación completada (5 registros procesados).
2026-04-22 18:04:15,245 - INFO - Iniciando carga en la base de datos crypto_data.db...
2026-04-22 18:04:15,249 - INFO - Carga exitosa. Datos persistidos.
2026-04-22 20:09:40,088 - INFO - Iniciando extracción (Intento 1/3)...
2026-04-22 20:09:40,216 - INFO - Extracción exitosa.
2026-04-22 20:09:40,217 - INFO - Iniciando transformación de datos...
2026-04-22 20:09:40,221 - INFO - Transformación completada (5 registros procesados).
2026-04-22 20:09:40,221 - INFO - Iniciando carga en la base de datos crypto_data.db...
2026-04-22 20:09:40,226 - INFO - Carga exitosa. Datos persistidos.
2026-04-22 21:56:00,665 - INFO - Iniciando extracción (Intento 1/3)...
2026-04-22 21:56:00,766 - INFO - Extracción exitosa.
2026-04-22 21:56:00,767 - INFO - Iniciando transformación de datos...
2026-04-22 21:56:00,771 - INFO - Transformación completada (5 registros procesados).
2026-04-22 21:56:00,771 - INFO - Iniciando carga en la base de datos crypto_data.db...
2026-04-22 21:56:00,778 - INFO - Carga exitosa. Datos persistidos.
2026-04-22 22:55:27,374 - INFO - Iniciando extracción (Intento 1/3)...
2026-04-22 22:55:27,461 - INFO - Extracción exitosa.
2026-04-22 22:55:27,462 - INFO - Iniciando transformación de datos...
2026-04-22 22:55:27,465 - INFO - Transformación completada (5 registros procesados).
2026-04-22 22:55:27,465 - INFO - Iniciando carga en la base de datos crypto_data.db...
2026-04-22 22:55:27,470 - INFO - Carga exitosa. Datos persistidos.
2026-04-22 23:53:03,790 - INFO - Iniciando extracción (Intento 1/3)...
2026-04-22 23:53:03,926 - INFO - Extracción exitosa.
2026-04-22 23:53:03,927 - INFO - Iniciando transformación de datos...
2026-04-22 23:53:03,931 - INFO - Transformación completada (5 registros procesados).
2026-04-22 23:53:03,931 - INFO - Iniciando carga en la base de datos crypto_data.db...
2026-04-22 23:53:03,936 - INFO - Carga exitosa. Datos persistidos.
2026-04-23 03:29:07,898 - INFO - Iniciando extracción (Intento 1/3)...
2026-04-23 03:29:08,065 - INFO - Extracción exitosa.
2026-04-23 03:29:08,066 - INFO - Iniciando transformación de datos...
2026-04-23 03:29:08,069 - INFO - Transformación completada (5 registros procesados).
2026-04-23 03:29:08,069 - INFO - Iniciando carga en la base de datos crypto_data.db...
2026-04-23 03:29:08,074 - INFO - Carga exitosa. Datos persistidos.
2026-04-23 06:10:46,905 - INFO - Iniciando extracción (Intento 1/3)...
2026-04-23 06:10:47,205 - INFO - Extracción exitosa.
2026-04-23 06:10:47,206 - INFO - Iniciando transformación de datos...
2026-04-23 06:10:47,209 - INFO - Transformación completada (5 registros procesados).
2026-04-23 06:10:47,209 - INFO - Iniciando carga en la base de datos crypto_data.db...
2026-04-23 06:10:47,213 - INFO - Carga exitosa. Datos persistidos.
2026-04-23 08:57:23,075 - INFO - Iniciando extracción (Intento 1/3)...
2026-04-23 08:57:23,189 - INFO - Extracción exitosa.
2026-04-23 08:57:23,191 - INFO - Iniciando transformación de datos...
2026-04-23 08:57:23,193 - INFO - Transformación completada (5 registros procesados).
2026-04-23 08:57:23,194 - INFO - Iniciando carga en la base de datos crypto_data.db...
2026-04-23 08:57:23,198 - INFO - Carga exitosa. Datos persistidos.
2026-04-23 10:41:09,911 - INFO - Iniciando extracción (Intento 1/3)...
2026-04-23 10:41:10,096 - INFO - Extracción exitosa.
2026-04-23 10:41:10,097 - INFO - Iniciando transformación de datos...
2026-04-23 10:41:10,100 - INFO - Transformación completada (5 registros procesados).
2026-04-23 10:41:10,100 - INFO - Iniciando carga en la base de datos crypto_data.db...
2026-04-23 10:41:10,104 - INFO - Carga exitosa. Datos persistidos.
2026-04-23 12:02:36,302 - INFO - Iniciando extracción (Intento 1/3)...
2026-04-23 12:02:36,458 - INFO - Extracción exitosa.
2026-04-23 12:02:36,460 - INFO - Iniciando transformación de datos...
2026-04-23 12:02:36,463 - INFO - Transformación completada (5 registros procesados).
2026-04-23 12:02:36,463 - INFO - Iniciando carga en la base de datos crypto_data.db...
2026-04-23 12:02:36,468 - INFO - Carga exitosa. Datos persistidos.
2026-04-23 15:18:26,202 - INFO - Iniciando extracción (Intento 1/3)...
2026-04-23 15:18:26,339 - INFO - Extracción exitosa.
2026-04-23 15:18:26,340 - INFO - Iniciando transformación de datos...
2026-04-23 15:18:26,343 - INFO - Transformación completada (5 registros procesados).
2026-04-23 15:18:26,343 - INFO - Iniciando carga en la base de datos crypto_data.db...
2026-04-23 15:18:26,348 - INFO - Carga exitosa. Datos persistidos.
2026-04-23 17:26:28,035 - INFO - Iniciando extracción (Intento 1/3)...
2026-04-23 17:26:28,150 - INFO - Extracción exitosa.
2026-04-23 17:26:28,151 - INFO - Iniciando transformación de datos...
2026-04-23 17:26:28,154 - INFO - Transformación completada (5 registros procesados).
2026-04-23 17:26:28,154 - INFO - Iniciando carga en la base de datos crypto_data.db...
2026-04-23 17:26:28,158 - INFO - Carga exitosa. Datos persistidos.
2026-04-23 19:22:00,806 - INFO - Iniciando extracción (Intento 1/3)...
2026-04-23 19:22:00,998 - INFO - Extracción exitosa.
2026-04-23 19:22:00,999 - INFO - Iniciando transformación de datos...
2026-04-23 19:22:01,002 - INFO - Transformación completada (5 registros procesados).
2026-04-23 19:22:01,002 - INFO - Iniciando carga en la base de datos crypto_data.db...
2026-04-23 19:22:01,006 - INFO - Carga exitosa. Datos persistidos.
2026-04-23 21:02:31,763 - INFO - Iniciando extracción (Intento 1/3)...
2026-04-23 21:02:31,840 - INFO - Extracción exitosa.
2026-04-23 21:02:31,842 - INFO - Iniciando transformación de datos...
2026-04-23 21:02:31,845 - INFO - Transformación completada (5 registros procesados).
2026-04-23 21:02:31,845 - INFO - Iniciando carga en la base de datos crypto_data.db...
2026-04-23 21:02:31,849 - INFO - Carga exitosa. Datos persistidos.
2026-04-23 22:55:02,510 - INFO - Iniciando extracción (Intento 1/3)...
2026-04-23 22:55:02,695 - INFO - Extracción exitosa.
2026-04-23 22:55:02,696 - INFO - Iniciando transformación de datos...
2026-04-23 22:55:02,698 - INFO - Transformación completada (5 registros procesados).
2026-04-23 22:55:02,698 - INFO - Iniciando carga en la base de datos crypto_data.db...
2026-04-23 22:55:02,709 - INFO - Carga exitosa. Datos persistidos.
2026-04-23 23:54:21,244 - INFO - Iniciando extracción (Intento 1/3)...
2026-04-23 23:54:21,466 - INFO - Extracción exitosa.
2026-04-23 23:54:21,467 - INFO - Iniciando transformación de datos...
2026-04-23 23:54:21,470 - INFO - Transformación completada (5 registros procesados).
2026-04-23 23:54:21,470 - INFO - Iniciando carga en la base de datos crypto_data.db...
2026-04-23 23:54:21,475 - INFO - Carga exitosa. Datos persistidos.
2026-04-24 03:31:06,728 - INFO - Iniciando extracción (Intento 1/3)...
2026-04-24 03:31:06,880 - INFO - Extracción exitosa.
2026-04-24 03:31:06,881 - INFO - Iniciando transformación de datos...
2026-04-24 03:31:06,884 - INFO - Transformación completada (5 registros procesados).
2026-04-24 03:31:06,884 - INFO - Iniciando carga en la base de datos crypto_data.db...
2026-04-24 03:31:06,889 - INFO - Carga exitosa. Datos persistidos.
2026-04-24 06:13:43,503 - INFO - Iniciando extracción (Intento 1/3)...
2026-04-24 06:13:43,610 - INFO - Extracción exitosa.
2026-04-24 06:13:43,611 - INFO - Iniciando transformación de datos...
2026-04-24 06:13:43,614 - INFO - Transformación completada (5 registros procesados).
2026-04-24 06:13:43,615 - INFO - Iniciando carga en la base de datos crypto_data.db...
2026-04-24 06:13:43,620 - INFO - Carga exitosa. Datos persistidos.
2026-04-24 09:04:07,451 - INFO - Iniciando extracción (Intento 1/3)...
2026-04-24 09:04:07,650 - INFO - Extracción exitosa.
2026-04-24 09:04:07,651 - INFO - Iniciando transformación de datos...
2026-04-24 09:04:07,655 - INFO - Transformación completada (5 registros procesados).
2026-04-24 09:04:07,655 - INFO - Iniciando carga en la base de datos crypto_data.db...
2026-04-24 09:04:07,661 - INFO - Carga exitosa. Datos persistidos.
2026-04-24 11:12:08,132 - INFO - Iniciando extracción (Intento 1/3)...
2026-04-24 11:12:08,227 - INFO - Extracción exitosa.
2026-04-24 11:12:08,229 - INFO - Iniciando transformación de datos...
2026-04-24 11:12:08,232 - INFO - Transformación completada (5 registros procesados).
2026-04-24 11:12:08,232 - INFO - Iniciando carga en la base de datos crypto_data.db...
2026-04-24 11:12:08,236 - INFO - Carga exitosa. Datos persistidos.
2026-04-24 13:53:09,298 - INFO - Iniciando extracción (Intento 1/3)...
2026-04-24 13:53:09,463 - INFO - Extracción exitosa.
2026-04-24 13:53:09,463 - INFO - Iniciando transformación de datos...
2026-04-24 13:53:09,466 - INFO - Transformación completada (5 registros procesados).
2026-04-24 13:53:09,467 - INFO - Iniciando carga en la base de datos crypto_data.db...
2026-04-24 13:53:09,471 - INFO - Carga exitosa. Datos persistidos.
2026-04-24 15:14:03,157 - INFO - Iniciando extracción (Intento 1/3)...
2026-04-24 15:14:03,366 - INFO - Extracción exitosa.
2026-04-24 15:14:03,367 - INFO - Iniciando transformación de datos...
2026-04-24 15:14:03,370 - INFO - Transformación completada (5 registros procesados).
2026-04-24 15:14:03,370 - INFO - Iniciando carga en la base de datos crypto_data.db...
2026-04-24 15:14:03,374 - INFO - Carga exitosa. Datos persistidos.
2026-04-24 17:05:27,116 - INFO - Iniciando extracción (Intento 1/3)...
2026-04-24 17:05:27,319 - INFO - Extracción exitosa.
2026-04-24 17:05:27,320 - INFO - Iniciando transformación de datos...
2026-04-24 17:05:27,325 - INFO - Transformación completada (5 registros procesados).
2026-04-24 17:05:27,325 - INFO - Iniciando carga en la base de datos crypto_data.db...
2026-04-24 17:05:27,329 - INFO - Carga exitosa. Datos persistidos.
2026-04-24 19:03:02,710 - INFO - Iniciando extracción (Intento 1/3)...
2026-04-24 19:03:02,850 - INFO - Extracción exitosa.
2026-04-24 19:03:02,851 - INFO - Iniciando transformación de datos...
2026-04-24 19:03:02,854 - INFO - Transformación completada (5 registros procesados).
2026-04-24 19:03:02,854 - INFO - Iniciando carga en la base de datos crypto_data.db...
2026-04-24 19:03:02,858 - INFO - Carga exitosa. Datos persistidos.
2026-04-24 20:56:47,904 - INFO - Iniciando extracción (Intento 1/3)...
2026-04-24 20:56:48,123 - INFO - Extracción exitosa.
2026-04-24 20:56:48,124 - INFO - Iniciando transformación de datos...
2026-04-24 20:56:48,128 - INFO - Transformación completada (5 registros procesados).
2026-04-24 20:56:48,128 - INFO - Iniciando carga en la base de datos crypto_data.db...
2026-04-24 20:56:48,133 - INFO - Carga exitosa. Datos persistidos.
2026-04-24 21:55:02,311 - INFO - Iniciando extracción (Intento 1/3)...
2026-04-24 21:55:02,398 - INFO - Extracción exitosa.
2026-04-24 21:55:02,399 - INFO - Iniciando transformación de datos...
2026-04-24 21:55:02,401 - INFO - Transformación completada (5 registros procesados).
2026-04-24 21:55:02,402 - INFO - Iniciando carga en la base de datos crypto_data.db...
2026-04-24 21:55:02,414 - INFO - Carga exitosa. Datos persistidos.
2026-04-24 22:48:23,999 - INFO - Iniciando extracción (Intento 1/3)...
2026-04-24 22:48:24,142 - INFO - Extracción exitosa.
2026-04-24 22:48:24,143 - INFO - Iniciando transformación de datos...
2026-04-24 22:48:24,146 - INFO - Transformación completada (5 registros procesados).
2026-04-24 22:48:24,146 - INFO - Iniciando carga en la base de datos crypto_data.db...
2026-04-24 22:48:24,151 - INFO - Carga exitosa. Datos persistidos.
2026-04-24 23:48:46,783 - INFO - Iniciando extracción (Intento 1/3)...
2026-04-24 23:48:47,005 - INFO - Extracción exitosa.
2026-04-24 23:48:47,005 - INFO - Iniciando transformación de datos...
2026-04-24 23:48:47,008 - INFO - Transformación completada (5 registros procesados).
2026-04-24 23:48:47,008 - INFO - Iniciando carga en la base de datos crypto_data.db...
2026-04-24 23:48:47,013 - INFO - Carga exitosa. Datos persistidos.
2026-04-25 03:15:35,819 - INFO - Iniciando extracción (Intento 1/3)...
2026-04-25 03:15:35,902 - INFO - Extracción exitosa.
2026-04-25 03:15:35,903 - INFO - Iniciando transformación de datos...
2026-04-25 03:15:35,907 - INFO - Transformación completada (5 registros procesados).
2026-04-25 03:15:35,907 - INFO - Iniciando carga en la base de datos crypto_data.db...
2026-04-25 03:15:35,912 - INFO - Carga exitosa. Datos persistidos.
2026-04-25 05:51:50,988 - INFO - Iniciando extracción (Intento 1/3)...
2026-04-25 05:51:51,198 - INFO - Extracción exitosa.
2026-04-25 05:51:51,199 - INFO - Iniciando transformación de datos...
2026-04-25 05:51:51,202 - INFO - Transformación completada (5 registros procesados).
2026-04-25 05:51:51,202 - INFO - Iniciando carga en la base de datos crypto_data.db...
2026-04-25 05:51:51,430 - INFO - Carga exitosa. Datos persistidos.
2026-04-25 07:38:24,433 - INFO - Iniciando extracción (Intento 1/3)...
2026-04-25 07:38:24,568 - INFO - Extracción exitosa.
2026-04-25 07:38:24,570 - INFO - Iniciando transformación de datos...
2026-04-25 07:38:24,573 - INFO - Transformación completada (5 registros procesados).
2026-04-25 07:38:24,573 - INFO - Iniciando carga en la base de datos crypto_data.db...
2026-04-25 07:38:24,578 - INFO - Carga exitosa. Datos persistidos.
2026-04-25 09:01:46,130 - INFO - Iniciando extracción (Intento 1/3)...
2026-04-25 09:01:46,339 - INFO - Extracción exitosa.
2026-04-25 09:01:46,340 - INFO - Iniciando transformación de datos...
2026-04-25 09:01:46,343 - INFO - Transformación completada (5 registros procesados).
2026-04-25 09:01:46,343 - INFO - Iniciando carga en la base de datos crypto_data.db...
2026-04-25 09:01:46,348 - INFO - Carga exitosa. Datos persistidos.
2026-04-25 10:51:13,607 - INFO - Iniciando extracción (Intento 1/3)...
2026-04-25 10:51:13,760 - INFO - Extracción exitosa.
2026-04-25 10:51:13,762 - INFO - Iniciando transformación de datos...
2026-04-25 10:51:13,765 - INFO - Transformación completada (5 registros procesados).
2026-04-25 10:51:13,765 - INFO - Iniciando carga en la base de datos crypto_data.db...
2026-04-25 10:51:13,769 - INFO - Carga exitosa. Datos persistidos.
2026-04-25 11:43:00,554 - INFO - Iniciando extracción (Intento 1/3)...
2026-04-25 11:43:00,757 - INFO - Extracción exitosa.
2026-04-25 11:43:00,758 - INFO - Iniciando transformación de datos...
2026-04-25 11:43:00,761 - INFO - Transformación completada (5 registros procesados).
2026-04-25 11:43:00,761 - INFO - Iniciando carga en la base de datos crypto_data.db...
2026-04-25 11:43:00,765 - INFO - Carga exitosa. Datos persistidos.
2026-04-25 13:19:08,100 - INFO - Iniciando extracción (Intento 1/3)...
2026-04-25 13:19:08,285 - INFO - Extracción exitosa.
2026-04-25 13:19:08,286 - INFO - Iniciando transformación de datos...
2026-04-25 13:19:08,289 - INFO - Transformación completada (5 registros procesados).
2026-04-25 13:19:08,289 - INFO - Iniciando carga en la base de datos crypto_data.db...
2026-04-25 13:19:08,294 - INFO - Carga exitosa. Datos persistidos.
2026-04-25 14:50:48,516 - INFO - Iniciando extracción (Intento 1/3)...
2026-04-25 14:50:48,750 - INFO - Extracción exitosa.
2026-04-25 14:50:48,751 - INFO - Iniciando transformación de datos...
2026-04-25 14:50:48,754 - INFO - Transformación completada (5 registros procesados).
2026-04-25 14:50:48,754 - INFO - Iniciando carga en la base de datos crypto_data.db...
2026-04-25 14:50:48,760 - INFO - Carga exitosa. Datos persistidos.
2026-04-25 15:47:39,339 - INFO - Iniciando extracción (Intento 1/3)...
2026-04-25 15:47:39,457 - INFO - Extracción exitosa.
2026-04-25 15:47:39,458 - INFO - Iniciando transformación de datos...
2026-04-25 15:47:39,462 - INFO - Transformación completada (5 registros procesados).
2026-04-25 15:47:39,462 - INFO - Iniciando carga en la base de datos crypto_data.db...
2026-04-25 15:47:39,467 - INFO - Carga exitosa. Datos persistidos.
2026-04-25 16:52:52,290 - INFO - Iniciando extracción (Intento 1/3)...
2026-04-25 16:52:52,397 - INFO - Extracción exitosa.
2026-04-25 16:52:52,398 - INFO - Iniciando transformación de datos...
2026-04-25 16:52:52,401 - INFO - Transformación completada (5 registros procesados).
2026-04-25 16:52:52,401 - INFO - Iniciando carga en la base de datos crypto_data.db...
2026-04-25 16:52:52,406 - INFO - Carga exitosa. Datos persistidos.
2026-04-25 17:44:19,122 - INFO - Iniciando extracción (Intento 1/3)...
2026-04-25 17:44:19,332 - INFO - Extracción exitosa.
2026-04-25 17:44:19,333 - INFO - Iniciando transformación de datos...
2026-04-25 17:44:19,336 - INFO - Transformación completada (5 registros procesados).
2026-04-25 17:44:19,336 - INFO - Iniciando carga en la base de datos crypto_data.db...
2026-04-25 17:44:19,342 - INFO - Carga exitosa. Datos persistidos.
2026-04-25 19:02:55,156 - INFO - Iniciando extracción (Intento 1/3)...
2026-04-25 19:02:55,353 - INFO - Extracción exitosa.
2026-04-25 19:02:55,354 - INFO - Iniciando transformación de datos...
2026-04-25 19:02:55,358 - INFO - Transformación completada (5 registros procesados).
2026-04-25 19:02:55,358 - INFO - Iniciando carga en la base de datos crypto_data.db...
2026-04-25 19:02:55,362 - INFO - Carga exitosa. Datos persistidos.
2026-04-25 20:49:07,725 - INFO - Iniciando extracción (Intento 1/3)...
2026-04-25 20:49:07,861 - INFO - Extracción exitosa.
2026-04-25 20:49:07,862 - INFO - Iniciando transformación de datos...
2026-04-25 20:49:07,865 - INFO - Transformación completada (5 registros procesados).
2026-04-25 20:49:07,865 - INFO - Iniciando carga en la base de datos crypto_data.db...
2026-04-25 20:49:07,869 - INFO - Carga exitosa. Datos persistidos.
2026-04-25 21:42:35,487 - INFO - Iniciando extracción (Intento 1/3)...
2026-04-25 21:42:35,661 - INFO - Extracción exitosa.
2026-04-25 21:42:35,662 - INFO - Iniciando transformación de datos...
2026-04-25 21:42:35,665 - INFO - Transformación completada (5 registros procesados).
2026-04-25 21:42:35,665 - INFO - Iniciando carga en la base de datos crypto_data.db...
2026-04-25 21:42:35,669 - INFO - Carga exitosa. Datos persistidos.
2026-04-25 22:45:36,928 - INFO - Iniciando extracción (Intento 1/3)...
2026-04-25 22:45:37,080 - INFO - Extracción exitosa.
2026-04-25 22:45:37,081 - INFO - Iniciando transformación de datos...
2026-04-25 22:45:37,084 - INFO - Transformación completada (5 registros procesados).
2026-04-25 22:45:37,084 - INFO - Iniciando carga en la base de datos crypto_data.db...
2026-04-25 22:45:37,089 - INFO - Carga exitosa. Datos persistidos.
2026-04-25 23:46:53,811 - INFO - Iniciando extracción (Intento 1/3)...
2026-04-25 23:46:53,958 - INFO - Extracción exitosa.
2026-04-25 23:46:53,960 - INFO - Iniciando transformación de datos...
2026-04-25 23:46:53,964 - INFO - Transformación completada (5 registros procesados).
2026-04-25 23:46:53,964 - INFO - Iniciando carga en la base de datos crypto_data.db...
2026-04-25 23:46:53,970 - INFO - Carga exitosa. Datos persistidos.
2026-04-26 03:37:44,693 - INFO - Iniciando extracción (Intento 1/3)...
2026-04-26 03:37:44,910 - INFO - Extracción exitosa.
2026-04-26 03:37:44,911 - INFO - Iniciando transformación de datos...
2026-04-26 03:37:44,914 - INFO - Transformación completada (5 registros procesados).
2026-04-26 03:37:44,914 - INFO - Iniciando carga en la base de datos crypto_data.db...
2026-04-26 03:37:44,918 - INFO - Carga exitosa. Datos persistidos.
2026-04-26 06:11:51,405 - INFO - Iniciando extracción (Intento 1/3)...
2026-04-26 06:11:51,502 - INFO - Extracción exitosa.
2026-04-26 06:11:51,503 - INFO - Iniciando transformación de datos...
2026-04-26 06:11:51,506 - INFO - Transformación completada (5 registros procesados).
2026-04-26 06:11:51,507 - INFO - Iniciando carga en la base de datos crypto_data.db...
2026-04-26 06:11:51,511 - INFO - Carga exitosa. Datos persistidos.
2026-04-26 08:18:36,417 - INFO - Iniciando extracción (Intento 1/3)...
2026-04-26 08:18:36,570 - INFO - Extracción exitosa.
2026-04-26 08:18:36,571 - INFO - Iniciando transformación de datos...
2026-04-26 08:18:36,574 - INFO - Transformación completada (5 registros procesados).
2026-04-26 08:18:36,574 - INFO - Iniciando carga en la base de datos crypto_data.db...
2026-04-26 08:18:36,578 - INFO - Carga exitosa. Datos persistidos.
2026-04-26 09:58:54,918 - INFO - Iniciando extracción (Intento 1/3)...
2026-04-26 09:58:55,042 - INFO - Extracción exitosa.
2026-04-26 09:58:55,043 - INFO - Iniciando transformación de datos...
2026-04-26 09:58:55,046 - INFO - Transformación completada (5 registros procesados).
2026-04-26 09:58:55,046 - INFO - Iniciando carga en la base de datos crypto_data.db...
2026-04-26 09:58:55,050 - INFO - Carga exitosa. Datos persistidos.
2026-04-26 10:57:01,798 - INFO - Iniciando extracción (Intento 1/3)...
2026-04-26 10:57:01,926 - INFO - Extracción exitosa.
2026-04-26 10:57:01,927 - INFO - Iniciando transformación de datos...
2026-04-26 10:57:01,930 - INFO - Transformación completada (5 registros procesados).
2026-04-26 10:57:01,930 - INFO - Iniciando carga en la base de datos crypto_data.db...
2026-04-26 10:57:01,934 - INFO - Carga exitosa. Datos persistidos.
2026-04-26 11:48:33,922 - INFO - Iniciando extracción (Intento 1/3)...
2026-04-26 11:48:34,152 - INFO - Extracción exitosa.
2026-04-26 11:48:34,154 - INFO - Iniciando transformación de datos...
2026-04-26 11:48:34,156 - INFO - Transformación completada (5 registros procesados).
2026-04-26 11:48:34,157 - INFO - Iniciando carga en la base de datos crypto_data.db...
2026-04-26 11:48:34,161 - INFO - Carga exitosa. Datos persistidos.
2026-04-26 13:20:16,783 - INFO - Iniciando extracción (Intento 1/3)...
2026-04-26 13:20:16,942 - INFO - Extracción exitosa.
2026-04-26 13:20:16,943 - INFO - Iniciando transformación de datos...
2026-04-26 13:20:16,946 - INFO - Transformación completada (5 registros procesados).
2026-04-26 13:20:16,946 - INFO - Iniciando carga en la base de datos crypto_data.db...
2026-04-26 13:20:16,952 - INFO - Carga exitosa. Datos persistidos.
2026-04-26 14:53:06,550 - INFO - Iniciando extracción (Intento 1/3)...
2026-04-26 14:53:06,728 - INFO - Extracción exitosa.
2026-04-26 14:53:06,729 - INFO - Iniciando transformación de datos...
2026-04-26 14:53:06,732 - INFO - Transformación completada (5 registros procesados).
2026-04-26 14:53:06,732 - INFO - Iniciando carga en la base de datos crypto_data.db...
2026-04-26 14:53:06,737 - INFO - Carga exitosa. Datos persistidos.
2026-04-26 15:50:14,611 - INFO - Iniciando extracción (Intento 1/3)...
2026-04-26 15:50:14,835 - INFO - Extracción exitosa.
2026-04-26 15:50:14,836 - INFO - Iniciando transformación de datos...
2026-04-26 15:50:14,839 - INFO - Transformación completada (5 registros procesados).
2026-04-26 15:50:14,839 - INFO - Iniciando carga en la base de datos crypto_data.db...
2026-04-26 15:50:14,843 - INFO - Carga exitosa. Datos persistidos.
2026-04-26 16:53:40,029 - INFO - Iniciando extracción (Intento 1/3)...
2026-04-26 16:53:40,145 - INFO - Extracción exitosa.
2026-04-26 16:53:40,146 - INFO - Iniciando transformación de datos...
2026-04-26 16:53:40,151 - INFO - Transformación completada (5 registros procesados).
2026-04-26 16:53:40,151 - INFO - Iniciando carga en la base de datos crypto_data.db...
2026-04-26 16:53:40,156 - INFO - Carga exitosa. Datos persistidos.
2026-04-26 17:47:23,609 - INFO - Iniciando extracción (Intento 1/3)...
2026-04-26 17:47:23,836 - INFO - Extracción exitosa.
2026-04-26 17:47:23,837 - INFO - Iniciando transformación de datos...
2026-04-26 17:47:23,840 - INFO - Transformación completada (5 registros procesados).
2026-04-26 17:47:23,840 - INFO - Iniciando carga en la base de datos crypto_data.db...
2026-04-26 17:47:23,844 - INFO - Carga exitosa. Datos persistidos.
2026-04-26 19:04:48,233 - INFO - Iniciando extracción (Intento 1/3)...
2026-04-26 19:04:48,449 - INFO - Extracción exitosa.
2026-04-26 19:04:48,450 - INFO - Iniciando transformación de datos...
2026-04-26 19:04:48,453 - INFO - Transformación completada (5 registros procesados).
2026-04-26 19:04:48,453 - INFO - Iniciando carga en la base de datos crypto_data.db...
2026-04-26 19:04:48,457 - INFO - Carga exitosa. Datos persistidos.
2026-04-26 20:49:29,770 - INFO - Iniciando extracción (Intento 1/3)...
2026-04-26 20:49:29,914 - INFO - Extracción exitosa.
2026-04-26 20:49:29,915 - INFO - Iniciando transformación de datos...
2026-04-26 20:49:29,918 - INFO - Transformación completada (5 registros procesados).
2026-04-26 20:49:29,919 - INFO - Iniciando carga en la base de datos crypto_data.db...
2026-04-26 20:49:29,924 - INFO - Carga exitosa. Datos persistidos.
2026-04-26 21:46:34,950 - INFO - Iniciando extracción (Intento 1/3)...
2026-04-26 21:46:35,199 - INFO - Extracción exitosa.
2026-04-26 21:46:35,200 - INFO - Iniciando transformación de datos...
2026-04-26 21:46:35,203 - INFO - Transformación completada (5 registros procesados).
2026-04-26 21:46:35,204 - INFO - Iniciando carga en la base de datos crypto_data.db...
2026-04-26 21:46:35,209 - INFO - Carga exitosa. Datos persistidos.
2026-04-26 22:48:33,800 - INFO - Iniciando extracción (Intento 1/3)...
2026-04-26 22:48:33,890 - INFO - Extracción exitosa.
2026-04-26 22:48:33,891 - INFO - Iniciando transformación de datos...
2026-04-26 22:48:33,894 - INFO - Transformación completada (5 registros procesados).
2026-04-26 22:48:33,894 - INFO - Iniciando carga en la base de datos crypto_data.db...
2026-04-26 22:48:33,899 - INFO - Carga exitosa. Datos persistidos.
2026-04-26 23:48:26,706 - INFO - Iniciando extracción (Intento 1/3)...
2026-04-26 23:48:26,883 - INFO - Extracción exitosa.
2026-04-26 23:48:26,884 - INFO - Iniciando transformación de datos...
2026-04-26 23:48:26,887 - INFO - Transformación completada (5 registros procesados).
2026-04-26 23:48:26,887 - INFO - Iniciando carga en la base de datos crypto_data.db...
2026-04-26 23:48:26,891 - INFO - Carga exitosa. Datos persistidos.
2026-04-27 03:41:55,725 - INFO - Iniciando extracción (Intento 1/3)...
2026-04-27 03:41:55,946 - INFO - Extracción exitosa.
2026-04-27 03:41:55,948 - INFO - Iniciando transformación de datos...
2026-04-27 03:41:55,950 - INFO - Transformación completada (5 registros procesados).
2026-04-27 03:41:55,951 - INFO - Iniciando carga en la base de datos crypto_data.db...
2026-04-27 03:41:55,956 - INFO - Carga exitosa. Datos persistidos.
2026-04-27 06:34:01,064 - INFO - Iniciando extracción (Intento 1/3)...
2026-04-27 06:34:01,315 - INFO - Extracción exitosa.
2026-04-27 06:34:01,316 - INFO - Iniciando transformación de datos...
2026-04-27 06:34:01,319 - INFO - Transformación completada (5 registros procesados).
2026-04-27 06:34:01,319 - INFO - Iniciando carga en la base de datos crypto_data.db...
2026-04-27 06:34:01,323 - INFO - Carga exitosa. Datos persistidos.
2026-04-27 09:25:00,140 - INFO - Iniciando extracción (Intento 1/3)...
2026-04-27 09:25:00,335 - INFO - Extracción exitosa.
2026-04-27 09:25:00,336 - INFO - Iniciando transformación de datos...
2026-04-27 09:25:00,339 - INFO - Transformación completada (5 registros procesados).
2026-04-27 09:25:00,339 - INFO - Iniciando carga en la base de datos crypto_data.db...
2026-04-27 09:25:00,344 - INFO - Carga exitosa. Datos persistidos.
2026-04-27 11:50:08,155 - INFO - Iniciando extracción (Intento 1/3)...
2026-04-27 11:50:08,383 - INFO - Extracción exitosa.
2026-04-27 11:50:08,384 - INFO - Iniciando transformación de datos...
2026-04-27 11:50:08,387 - INFO - Transformación completada (5 registros procesados).
2026-04-27 11:50:08,387 - INFO - Iniciando carga en la base de datos crypto_data.db...
2026-04-27 11:50:08,391 - INFO - Carga exitosa. Datos persistidos.
2026-04-27 14:11:07,956 - INFO - Iniciando extracción (Intento 1/3)...
2026-04-27 14:11:08,182 - INFO - Extracción exitosa.
2026-04-27 14:11:08,183 - INFO - Iniciando transformación de datos...
2026-04-27 14:11:08,187 - INFO - Transformación completada (5 registros procesados).
2026-04-27 14:11:08,187 - INFO - Iniciando carga en la base de datos crypto_data.db...
2026-04-27 14:11:08,192 - INFO - Carga exitosa. Datos persistidos.
2026-04-27 16:46:26,844 - INFO - Iniciando extracción (Intento 1/3)...
2026-04-27 16:46:27,351 - INFO - Extracción exitosa.
2026-04-27 16:46:27,352 - INFO - Iniciando transformación de datos...
2026-04-27 16:46:27,355 - INFO - Transformación completada (5 registros procesados).
2026-04-27 16:46:27,355 - INFO - Iniciando carga en la base de datos crypto_data.db...
2026-04-27 16:46:27,360 - INFO - Carga exitosa. Datos persistidos.
2026-04-27 18:08:33,167 - INFO - Iniciando extracción (Intento 1/3)...
2026-04-27 18:08:33,293 - INFO - Extracción exitosa.
2026-04-27 18:08:33,294 - INFO - Iniciando transformación de datos...
2026-04-27 18:08:33,297 - INFO - Transformación completada (5 registros procesados).
2026-04-27 18:08:33,297 - INFO - Iniciando carga en la base de datos crypto_data.db...
2026-04-27 18:08:33,301 - INFO - Carga exitosa. Datos persistidos.
2026-04-27 20:12:55,058 - INFO - Iniciando extracción (Intento 1/3)...
2026-04-27 20:12:55,225 - INFO - Extracción exitosa.
2026-04-27 20:12:55,227 - INFO - Iniciando transformación de datos...
2026-04-27 20:12:55,230 - INFO - Transformación completada (5 registros procesados).
2026-04-27 20:12:55,230 - INFO - Iniciando carga en la base de datos crypto_data.db...
2026-04-27 20:12:55,237 - INFO - Carga exitosa. Datos persistidos.
2026-04-27 21:58:39,090 - INFO - Iniciando extracción (Intento 1/3)...
2026-04-27 21:58:39,218 - INFO - Extracción exitosa.
2026-04-27 21:58:39,220 - INFO - Iniciando transformación de datos...
2026-04-27 21:58:39,222 - INFO - Transformación completada (5 registros procesados).
2026-04-27 21:58:39,222 - INFO - Iniciando carga en la base de datos crypto_data.db...
2026-04-27 21:58:39,281 - INFO - Carga exitosa. Datos persistidos.
2026-04-27 23:02:28,667 - INFO - Iniciando extracción (Intento 1/3)...
2026-04-27 23:02:28,813 - INFO - Extracción exitosa.
2026-04-27 23:02:28,814 - INFO - Iniciando transformación de datos...
2026-04-27 23:02:28,817 - INFO - Transformación completada (5 registros procesados).
2026-04-27 23:02:28,817 - INFO - Iniciando carga en la base de datos crypto_data.db...
2026-04-27 23:02:28,822 - INFO - Carga exitosa. Datos persistidos.
2026-04-28 03:48:07,513 - INFO - Iniciando extracción (Intento 1/3)...
2026-04-28 03:48:07,637 - INFO - Extracción exitosa.
2026-04-28 03:48:07,638 - INFO - Iniciando transformación de datos...
2026-04-28 03:48:07,641 - INFO - Transformación completada (5 registros procesados).
2026-04-28 03:48:07,641 - INFO - Iniciando carga en la base de datos crypto_data.db...
2026-04-28 03:48:07,645 - INFO - Carga exitosa. Datos persistidos.
2026-04-28 06:34:36,619 - INFO - Iniciando extracción (Intento 1/3)...
2026-04-28 06:34:36,823 - INFO - Extracción exitosa.
2026-04-28 06:34:36,824 - INFO - Iniciando transformación de datos...
2026-04-28 06:34:36,827 - INFO - Transformación completada (5 registros procesados).
2026-04-28 06:34:36,828 - INFO - Iniciando carga en la base de datos crypto_data.db...
2026-04-28 06:34:36,832 - INFO - Carga exitosa. Datos persistidos.
2026-04-28 09:28:10,945 - INFO - Iniciando extracción (Intento 1/3)...
2026-04-28 09:28:11,053 - INFO - Extracción exitosa.
2026-04-28 09:28:11,054 - INFO - Iniciando transformación de datos...
2026-04-28 09:28:11,057 - INFO - Transformación completada (5 registros procesados).
2026-04-28 09:28:11,057 - INFO - Iniciando carga en la base de datos crypto_data.db...
2026-04-28 09:28:11,062 - INFO - Carga exitosa. Datos persistidos.
2026-04-28 11:50:46,267 - INFO - Iniciando extracción (Intento 1/3)...
2026-04-28 11:50:46,413 - INFO - Extracción exitosa.
2026-04-28 11:50:46,414 - INFO - Iniciando transformación de datos...
2026-04-28 11:50:46,417 - INFO - Transformación completada (5 registros procesados).
2026-04-28 11:50:46,417 - INFO - Iniciando carga en la base de datos crypto_data.db...
2026-04-28 11:50:46,423 - INFO - Carga exitosa. Datos persistidos.
2026-04-28 14:29:01,505 - INFO - Iniciando extracción (Intento 1/3)...
2026-04-28 14:29:01,679 - INFO - Extracción exitosa.
2026-04-28 14:29:01,680 - INFO - Iniciando transformación de datos...
2026-04-28 14:29:01,683 - INFO - Transformación completada (5 registros procesados).
2026-04-28 14:29:01,683 - INFO - Iniciando carga en la base de datos crypto_data.db...
2026-04-28 14:29:01,689 - INFO - Carga exitosa. Datos persistidos.
2026-04-28 16:57:53,533 - INFO - Iniciando extracción (Intento 1/3)...
2026-04-28 16:57:53,679 - INFO - Extracción exitosa.
2026-04-28 16:57:53,680 - INFO - Iniciando transformación de datos...
2026-04-28 16:57:53,683 - INFO - Transformación completada (5 registros procesados).
2026-04-28 16:57:53,683 - INFO - Iniciando carga en la base de datos crypto_data.db...
2026-04-28 16:57:53,687 - INFO - Carga exitosa. Datos persistidos.
2026-04-28 18:24:43,707 - INFO - Iniciando extracción (Intento 1/3)...
2026-04-28 18:24:43,873 - INFO - Extracción exitosa.
2026-04-28 18:24:43,874 - INFO - Iniciando transformación de datos...
2026-04-28 18:24:43,877 - INFO - Transformación completada (5 registros procesados).
2026-04-28 18:24:43,878 - INFO - Iniciando carga en la base de datos crypto_data.db...
2026-04-28 18:24:43,882 - INFO - Carga exitosa. Datos persistidos.
2026-04-28 20:21:44,164 - INFO - Iniciando extracción (Intento 1/3)...
2026-04-28 20:21:44,328 - INFO - Extracción exitosa.
2026-04-28 20:21:44,329 - INFO - Iniciando transformación de datos...
2026-04-28 20:21:44,332 - INFO - Transformación completada (5 registros procesados).
2026-04-28 20:21:44,332 - INFO - Iniciando carga en la base de datos crypto_data.db...
2026-04-28 20:21:44,336 - INFO - Carga exitosa. Datos persistidos.
2026-04-28 22:04:37,200 - INFO - Iniciando extracción (Intento 1/3)...
2026-04-28 22:04:37,358 - INFO - Extracción exitosa.
2026-04-28 22:04:37,359 - INFO - Iniciando transformación de datos...
2026-04-28 22:04:37,362 - INFO - Transformación completada (5 registros procesados).
2026-04-28 22:04:37,362 - INFO - Iniciando carga en la base de datos crypto_data.db...
2026-04-28 22:04:37,367 - INFO - Carga exitosa. Datos persistidos.
2026-04-28 23:59:29,257 - INFO - Iniciando extracción (Intento 1/3)...
2026-04-28 23:59:29,442 - INFO - Extracción exitosa.
2026-04-28 23:59:29,443 - INFO - Iniciando transformación de datos...
2026-04-28 23:59:29,447 - INFO - Transformación completada (5 registros procesados).
2026-04-28 23:59:29,447 - INFO - Iniciando carga en la base de datos crypto_data.db...
2026-04-28 23:59:29,484 - INFO - Carga exitosa. Datos persistidos.
2026-04-29 03:57:11,384 - INFO - Iniciando extracción (Intento 1/3)...
2026-04-29 03:57:11,629 - INFO - Extracción exitosa.
2026-04-29 03:57:11,630 - INFO - Iniciando transformación de datos...
2026-04-29 03:57:11,633 - INFO - Transformación completada (5 registros procesados).
2026-04-29 03:57:11,633 - INFO - Iniciando carga en la base de datos crypto_data.db...
2026-04-29 03:57:11,638 - INFO - Carga exitosa. Datos persistidos.
2026-04-29 06:31:32,740 - INFO - Iniciando extracción (Intento 1/3)...
2026-04-29 06:31:33,021 - INFO - Extracción exitosa.
2026-04-29 06:31:33,022 - INFO - Iniciando transformación de datos...
2026-04-29 06:31:33,025 - INFO - Transformación completada (5 registros procesados).
2026-04-29 06:31:33,025 - INFO - Iniciando carga en la base de datos crypto_data.db...
2026-04-29 06:31:33,032 - INFO - Carga exitosa. Datos persistidos.
2026-04-29 09:16:21,993 - INFO - Iniciando extracción (Intento 1/3)...
2026-04-29 09:16:22,195 - INFO - Extracción exitosa.
2026-04-29 09:16:22,197 - INFO - Iniciando transformación de datos...
2026-04-29 09:16:22,200 - INFO - Transformación completada (5 registros procesados).
2026-04-29 09:16:22,200 - INFO - Iniciando carga en la base de datos crypto_data.db...
2026-04-29 09:16:22,206 - INFO - Carga exitosa. Datos persistidos.
2026-04-29 11:43:59,260 - INFO - Iniciando extracción (Intento 1/3)...
2026-04-29 11:43:59,461 - INFO - Extracción exitosa.
2026-04-29 11:43:59,462 - INFO - Iniciando transformación de datos...
2026-04-29 11:43:59,466 - INFO - Transformación completada (5 registros procesados).
2026-04-29 11:43:59,466 - INFO - Iniciando carga en la base de datos crypto_data.db...
2026-04-29 11:43:59,470 - INFO - Carga exitosa. Datos persistidos.
2026-04-29 14:16:47,755 - INFO - Iniciando extracción (Intento 1/3)...
2026-04-29 14:16:47,946 - INFO - Extracción exitosa.
2026-04-29 14:16:47,947 - INFO - Iniciando transformación de datos...
2026-04-29 14:16:47,950 - INFO - Transformación completada (5 registros procesados).
2026-04-29 14:16:47,950 - INFO - Iniciando carga en la base de datos crypto_data.db...
2026-04-29 14:16:47,955 - INFO - Carga exitosa. Datos persistidos.
2026-04-29 16:46:45,624 - INFO - Iniciando extracción (Intento 1/3)...
2026-04-29 16:46:45,785 - INFO - Extracción exitosa.
2026-04-29 16:46:45,786 - INFO - Iniciando transformación de datos...
2026-04-29 16:46:45,789 - INFO - Transformación completada (5 registros procesados).
2026-04-29 16:46:45,789 - INFO - Iniciando carga en la base de datos crypto_data.db...
2026-04-29 16:46:45,794 - INFO - Carga exitosa. Datos persistidos.
2026-04-29 18:16:45,432 - INFO - Iniciando extracción (Intento 1/3)...
2026-04-29 18:16:45,654 - INFO - Extracción exitosa.
2026-04-29 18:16:45,655 - INFO - Iniciando transformación de datos...
2026-04-29 18:16:45,658 - INFO - Transformación completada (5 registros procesados).
2026-04-29 18:16:45,658 - INFO - Iniciando carga en la base de datos crypto_data.db...
2026-04-29 18:16:45,663 - INFO - Carga exitosa. Datos persistidos.
2026-04-29 20:15:06,874 - INFO - Iniciando extracción (Intento 1/3)...
2026-04-29 20:15:07,041 - INFO - Extracción exitosa.
2026-04-29 20:15:07,042 - INFO - Iniciando transformación de datos...
2026-04-29 20:15:07,045 - INFO - Transformación completada (5 registros procesados).
2026-04-29 20:15:07,045 - INFO - Iniciando carga en la base de datos crypto_data.db...
2026-04-29 20:15:07,049 - INFO - Carga exitosa. Datos persistidos.
2026-04-29 22:04:55,583 - INFO - Iniciando extracción (Intento 1/3)...
2026-04-29 22:04:55,747 - INFO - Extracción exitosa.
2026-04-29 22:04:55,748 - INFO - Iniciando transformación de datos...
2026-04-29 22:04:55,751 - INFO - Transformación completada (5 registros procesados).
2026-04-29 22:04:55,752 - INFO - Iniciando carga en la base de datos crypto_data.db...
2026-04-29 22:04:55,756 - INFO - Carga exitosa. Datos persistidos.
2026-04-30 00:00:28,212 - INFO - Iniciando extracción (Intento 1/3)...
2026-04-30 00:00:28,385 - INFO - Extracción exitosa.
2026-04-30 00:00:28,386 - INFO - Iniciando transformación de datos...
2026-04-30 00:00:28,389 - INFO - Transformación completada (5 registros procesados).
2026-04-30 00:00:28,389 - INFO - Iniciando carga en la base de datos crypto_data.db...
2026-04-30 00:00:28,393 - INFO - Carga exitosa. Datos persistidos.
2026-04-30 04:35:12,757 - INFO - Iniciando extracción (Intento 1/3)...
2026-04-30 04:35:12,997 - INFO - Extracción exitosa.
2026-04-30 04:35:12,998 - INFO - Iniciando transformación de datos...
2026-04-30 04:35:13,001 - INFO - Transformación completada (5 registros procesados).
2026-04-30 04:35:13,001 - INFO - Iniciando carga en la base de datos crypto_data.db...
2026-04-30 04:35:13,005 - INFO - Carga exitosa. Datos persistidos.
2026-04-30 07:31:06,993 - INFO - Iniciando extracción (Intento 1/3)...
2026-04-30 07:31:07,176 - INFO - Extracción exitosa.
2026-04-30 07:31:07,177 - INFO - Iniciando transformación de datos...
2026-04-30 07:31:07,180 - INFO - Transformación completada (5 registros procesados).
2026-04-30 07:31:07,180 - INFO - Iniciando carga en la base de datos crypto_data.db...
2026-04-30 07:31:07,184 - INFO - Carga exitosa. Datos persistidos.
2026-04-30 10:11:54,521 - INFO - Iniciando extracción (Intento 1/3)...
2026-04-30 10:11:54,736 - INFO - Extracción exitosa.
2026-04-30 10:11:54,737 - INFO - Iniciando transformación de datos...
2026-04-30 10:11:54,740 - INFO - Transformación completada (5 registros procesados).
2026-04-30 10:11:54,740 - INFO - Iniciando carga en la base de datos crypto_data.db...
2026-04-30 10:11:54,896 - INFO - Carga exitosa. Datos persistidos.
2026-04-30 12:17:45,565 - INFO - Iniciando extracción (Intento 1/3)...
2026-04-30 12:17:45,752 - INFO - Extracción exitosa.
2026-04-30 12:17:45,753 - INFO - Iniciando transformación de datos...
2026-04-30 12:17:45,756 - INFO - Transformación completada (5 registros procesados).
2026-04-30 12:17:45,756 - INFO - Iniciando carga en la base de datos crypto_data.db...
2026-04-30 12:17:45,761 - INFO - Carga exitosa. Datos persistidos.
2026-04-30 15:14:42,537 - INFO - Iniciando extracción (Intento 1/3)...
2026-04-30 15:14:42,627 - INFO - Extracción exitosa.
2026-04-30 15:14:42,628 - INFO - Iniciando transformación de datos...
2026-04-30 15:14:42,631 - INFO - Transformación completada (5 registros procesados).
2026-04-30 15:14:42,631 - INFO - Iniciando carga en la base de datos crypto_data.db...
2026-04-30 15:14:42,636 - INFO - Carga exitosa. Datos persistidos.
2026-04-30 17:26:28,789 - INFO - Iniciando extracción (Intento 1/3)...
2026-04-30 17:26:28,934 - INFO - Extracción exitosa.
2026-04-30 17:26:28,935 - INFO - Iniciando transformación de datos...
2026-04-30 17:26:28,937 - INFO - Transformación completada (5 registros procesados).
2026-04-30 17:26:28,937 - INFO - Iniciando carga en la base de datos crypto_data.db...
2026-04-30 17:26:28,953 - INFO - Carga exitosa. Datos persistidos.
2026-04-30 19:41:53,563 - INFO - Iniciando extracción (Intento 1/3)...
2026-04-30 19:41:53,858 - INFO - Extracción exitosa.
2026-04-30 19:41:53,859 - INFO - Iniciando transformación de datos...
2026-04-30 19:41:53,862 - INFO - Transformación completada (5 registros procesados).
2026-04-30 19:41:53,862 - INFO - Iniciando carga en la base de datos crypto_data.db...
2026-04-30 19:41:53,866 - INFO - Carga exitosa. Datos persistidos.
2026-04-30 21:06:51,057 - INFO - Iniciando extracción (Intento 1/3)...
2026-04-30 21:06:51,242 - INFO - Extracción exitosa.
2026-04-30 21:06:51,243 - INFO - Iniciando transformación de datos...
2026-04-30 21:06:51,247 - INFO - Transformación completada (5 registros procesados).
2026-04-30 21:06:51,247 - INFO - Iniciando carga en la base de datos crypto_data.db...
2026-04-30 21:06:51,251 - INFO - Carga exitosa. Datos persistidos.
2026-04-30 22:57:41,900 - INFO - Iniciando extracción (Intento 1/3)...
2026-04-30 22:57:42,100 - INFO - Extracción exitosa.
2026-04-30 22:57:42,101 - INFO - Iniciando transformación de datos...
2026-04-30 22:57:42,103 - INFO - Transformación completada (5 registros procesados).
2026-04-30 22:57:42,104 - INFO - Iniciando carga en la base de datos crypto_data.db...
2026-04-30 22:57:42,109 - INFO - Carga exitosa. Datos persistidos.
2026-04-30 23:59:07,986 - INFO - Iniciando extracción (Intento 1/3)...
2026-04-30 23:59:08,127 - INFO - Extracción exitosa.
2026-04-30 23:59:08,128 - INFO - Iniciando transformación de datos...
2026-04-30 23:59:08,131 - INFO - Transformación completada (5 registros procesados).
2026-04-30 23:59:08,131 - INFO - Iniciando carga en la base de datos crypto_data.db...
2026-04-30 23:59:08,136 - INFO - Carga exitosa. Datos persistidos.
2026-05-01 04:10:37,103 - INFO - Iniciando extracción (Intento 1/3)...
2026-05-01 04:10:37,526 - INFO - Extracción exitosa.
2026-05-01 04:10:37,527 - INFO - Iniciando transformación de datos...
2026-05-01 04:10:37,530 - INFO - Transformación completada (5 registros procesados).
2026-05-01 04:10:37,530 - INFO - Iniciando carga en la base de datos crypto_data.db...
2026-05-01 04:10:37,609 - INFO - Carga exitosa. Datos persistidos.
2026-05-01 07:28:29,713 - INFO - Iniciando extracción (Intento 1/3)...
2026-05-01 07:28:29,889 - INFO - Extracción exitosa.
2026-05-01 07:28:29,890 - INFO - Iniciando transformación de datos...
2026-05-01 07:28:29,894 - INFO - Transformación completada (5 registros procesados).
2026-05-01 07:28:29,894 - INFO - Iniciando carga en la base de datos crypto_data.db...
2026-05-01 07:28:29,901 - INFO - Carga exitosa. Datos persistidos.
2026-05-01 09:52:16,117 - INFO - Iniciando extracción (Intento 1/3)...
2026-05-01 09:52:16,234 - INFO - Extracción exitosa.
2026-05-01 09:52:16,236 - INFO - Iniciando transformación de datos...
2026-05-01 09:52:16,239 - INFO - Transformación completada (5 registros procesados).
2026-05-01 09:52:16,239 - INFO - Iniciando carga en la base de datos crypto_data.db...
2026-05-01 09:52:16,243 - INFO - Carga exitosa. Datos persistidos.
2026-05-01 11:12:53,080 - INFO - Iniciando extracción (Intento 1/3)...
2026-05-01 11:12:53,215 - INFO - Extracción exitosa.
2026-05-01 11:12:53,216 - INFO - Iniciando transformación de datos...
2026-05-01 11:12:53,218 - INFO - Transformación completada (5 registros procesados).
2026-05-01 11:12:53,218 - INFO - Iniciando carga en la base de datos crypto_data.db...
2026-05-01 11:12:53,223 - INFO - Carga exitosa. Datos persistidos.
2026-05-01 13:41:30,193 - INFO - Iniciando extracción (Intento 1/3)...
2026-05-01 13:41:30,431 - INFO - Extracción exitosa.
2026-05-01 13:41:30,432 - INFO - Iniciando transformación de datos...
2026-05-01 13:41:30,435 - INFO - Transformación completada (5 registros procesados).
2026-05-01 13:41:30,435 - INFO - Iniciando carga en la base de datos crypto_data.db...
2026-05-01 13:41:30,439 - INFO - Carga exitosa. Datos persistidos.
2026-05-01 15:02:20,337 - INFO - Iniciando extracción (Intento 1/3)...
2026-05-01 15:02:20,535 - INFO - Extracción exitosa.
2026-05-01 15:02:20,536 - INFO - Iniciando transformación de datos...
2026-05-01 15:02:20,539 - INFO - Transformación completada (5 registros procesados).
2026-05-01 15:02:20,539 - INFO - Iniciando carga en la base de datos crypto_data.db...
2026-05-01 15:02:20,544 - INFO - Carga exitosa. Datos persistidos.
2026-05-01 17:03:53,189 - INFO - Iniciando extracción (Intento 1/3)...
2026-05-01 17:03:53,327 - INFO - Extracción exitosa.
2026-05-01 17:03:53,328 - INFO - Iniciando transformación de datos...
2026-05-01 17:03:53,331 - INFO - Transformación completada (5 registros procesados).
2026-05-01 17:03:53,331 - INFO - Iniciando carga en la base de datos crypto_data.db...
2026-05-01 17:03:53,335 - INFO - Carga exitosa. Datos persistidos.
2026-05-01 19:20:31,336 - INFO - Iniciando extracción (Intento 1/3)...
2026-05-01 19:20:31,549 - INFO - Extracción exitosa.
2026-05-01 19:20:31,550 - INFO - Iniciando transformación de datos...
2026-05-01 19:20:31,553 - INFO - Transformación completada (5 registros procesados).
2026-05-01 19:20:31,553 - INFO - Iniciando carga en la base de datos crypto_data.db...
2026-05-01 19:20:31,558 - INFO - Carga exitosa. Datos persistidos.
2026-05-01 21:00:07,611 - INFO - Iniciando extracción (Intento 1/3)...
2026-05-01 21:00:07,762 - INFO - Extracción exitosa.
2026-05-01 21:00:07,763 - INFO - Iniciando transformación de datos...
2026-05-01 21:00:07,766 - INFO - Transformación completada (5 registros procesados).
2026-05-01 21:00:07,766 - INFO - Iniciando carga en la base de datos crypto_data.db...
2026-05-01 21:00:07,769 - INFO - Carga exitosa. Datos persistidos.
2026-05-01 22:00:22,351 - INFO - Iniciando extracción (Intento 1/3)...
2026-05-01 22:00:22,418 - INFO - Extracción exitosa.
2026-05-01 22:00:22,419 - INFO - Iniciando transformación de datos...
2026-05-01 22:00:22,422 - INFO - Transformación completada (5 registros procesados).
2026-05-01 22:00:22,422 - INFO - Iniciando carga en la base de datos crypto_data.db...
2026-05-01 22:00:22,434 - INFO - Carga exitosa. Datos persistidos.
2026-05-01 23:56:18,356 - INFO - Iniciando extracción (Intento 1/3)...
2026-05-01 23:56:18,479 - INFO - Extracción exitosa.
2026-05-01 23:56:18,480 - INFO - Iniciando transformación de datos...
2026-05-01 23:56:18,484 - INFO - Transformación completada (5 registros procesados).
2026-05-01 23:56:18,484 - INFO - Iniciando carga en la base de datos crypto_data.db...
2026-05-01 23:56:18,501 - INFO - Carga exitosa. Datos persistidos.
2026-05-02 03:39:27,058 - INFO - Iniciando extracción (Intento 1/3)...
2026-05-02 03:39:27,293 - INFO - Extracción exitosa.
2026-05-02 03:39:27,294 - INFO - Iniciando transformación de datos...
2026-05-02 03:39:27,296 - INFO - Transformación completada (5 registros procesados).
2026-05-02 03:39:27,296 - INFO - Iniciando carga en la base de datos crypto_data.db...
2026-05-02 03:39:27,301 - INFO - Carga exitosa. Datos persistidos.
2026-05-02 06:13:11,478 - INFO - Iniciando extracción (Intento 1/3)...
2026-05-02 06:13:11,604 - INFO - Extracción exitosa.
2026-05-02 06:13:11,605 - INFO - Iniciando transformación de datos...
2026-05-02 06:13:11,607 - INFO - Transformación completada (5 registros procesados).
2026-05-02 06:13:11,608 - INFO - Iniciando carga en la base de datos crypto_data.db...
2026-05-02 06:13:11,612 - INFO - Carga exitosa. Datos persistidos.
2026-05-02 08:24:25,439 - INFO - Iniciando extracción (Intento 1/3)...
2026-05-02 08:24:25,576 - INFO - Extracción exitosa.
2026-05-02 08:24:25,578 - INFO - Iniciando transformación de datos...
2026-05-02 08:24:25,582 - INFO - Transformación completada (5 registros procesados).
2026-05-02 08:24:25,582 - INFO - Iniciando carga en la base de datos crypto_data.db...
2026-05-02 08:24:25,587 - INFO - Carga exitosa. Datos persistidos.
2026-05-02 10:03:44,996 - INFO - Iniciando extracción (Intento 1/3)...
2026-05-02 10:03:45,191 - INFO - Extracción exitosa.
2026-05-02 10:03:45,192 - INFO - Iniciando transformación de datos...
2026-05-02 10:03:45,196 - INFO - Transformación completada (5 registros procesados).
2026-05-02 10:03:45,196 - INFO - Iniciando carga en la base de datos crypto_data.db...
2026-05-02 10:03:45,202 - INFO - Carga exitosa. Datos persistidos.
2026-05-02 11:51:51,928 - INFO - Iniciando extracción (Intento 1/3)...
2026-05-02 11:51:52,055 - INFO - Extracción exitosa.
2026-05-02 11:51:52,056 - INFO - Iniciando transformación de datos...
2026-05-02 11:51:52,059 - INFO - Transformación completada (5 registros procesados).
2026-05-02 11:51:52,059 - INFO - Iniciando carga en la base de datos crypto_data.db...
2026-05-02 11:51:52,063 - INFO - Carga exitosa. Datos persistidos.
2026-05-02 13:25:31,902 - INFO - Iniciando extracción (Intento 1/3)...
2026-05-02 13:25:32,107 - INFO - Extracción exitosa.
2026-05-02 13:25:32,108 - INFO - Iniciando transformación de datos...
2026-05-02 13:25:32,112 - INFO - Transformación completada (5 registros procesados).
2026-05-02 13:25:32,112 - INFO - Iniciando carga en la base de datos crypto_data.db...
2026-05-02 13:25:32,116 - INFO - Carga exitosa. Datos persistidos.
2026-05-02 14:55:07,501 - INFO - Iniciando extracción (Intento 1/3)...
2026-05-02 14:55:07,665 - INFO - Extracción exitosa.
2026-05-02 14:55:07,666 - INFO - Iniciando transformación de datos...
2026-05-02 14:55:07,669 - INFO - Transformación completada (5 registros procesados).
2026-05-02 14:55:07,669 - INFO - Iniciando carga en la base de datos crypto_data.db...
2026-05-02 14:55:07,674 - INFO - Carga exitosa. Datos persistidos.
2026-05-02 15:54:14,620 - INFO - Iniciando extracción (Intento 1/3)...
2026-05-02 15:54:14,795 - INFO - Extracción exitosa.
2026-05-02 15:54:14,796 - INFO - Iniciando transformación de datos...
2026-05-02 15:54:14,799 - INFO - Transformación completada (5 registros procesados).
2026-05-02 15:54:14,799 - INFO - Iniciando carga en la base de datos crypto_data.db...
2026-05-02 15:54:14,804 - INFO - Carga exitosa. Datos persistidos.
2026-05-02 16:57:44,304 - INFO - Iniciando extracción (Intento 1/3)...
2026-05-02 16:57:44,519 - INFO - Extracción exitosa.
2026-05-02 16:57:44,520 - INFO - Iniciando transformación de datos...
2026-05-02 16:57:44,523 - INFO - Transformación completada (5 registros procesados).
2026-05-02 16:57:44,523 - INFO - Iniciando carga en la base de datos crypto_data.db...
2026-05-02 16:57:44,528 - INFO - Carga exitosa. Datos persistidos.
2026-05-02 17:55:09,413 - INFO - Iniciando extracción (Intento 1/3)...
2026-05-02 17:55:09,532 - INFO - Extracción exitosa.
2026-05-02 17:55:09,533 - INFO - Iniciando transformación de datos...
2026-05-02 17:55:09,536 - INFO - Transformación completada (5 registros procesados).
2026-05-02 17:55:09,536 - INFO - Iniciando carga en la base de datos crypto_data.db...
2026-05-02 17:55:09,540 - INFO - Carga exitosa. Datos persistidos.
2026-05-02 19:10:12,716 - INFO - Iniciando extracción (Intento 1/3)...
2026-05-02 19:10:12,808 - INFO - Extracción exitosa.
2026-05-02 19:10:12,809 - INFO - Iniciando transformación de datos...
2026-05-02 19:10:12,812 - INFO - Transformación completada (5 registros procesados).
2026-05-02 19:10:12,812 - INFO - Iniciando carga en la base de datos crypto_data.db...
2026-05-02 19:10:12,816 - INFO - Carga exitosa. Datos persistidos.
2026-05-02 20:51:33,592 - INFO - Iniciando extracción (Intento 1/3)...
2026-05-02 20:51:33,891 - INFO - Extracción exitosa.
2026-05-02 20:51:33,892 - INFO - Iniciando transformación de datos...
2026-05-02 20:51:33,895 - INFO - Transformación completada (5 registros procesados).
2026-05-02 20:51:33,895 - INFO - Iniciando carga en la base de datos crypto_data.db...
2026-05-02 20:51:33,899 - INFO - Carga exitosa. Datos persistidos.
2026-05-02 21:51:13,650 - INFO - Iniciando extracción (Intento 1/3)...
2026-05-02 21:51:13,774 - INFO - Extracción exitosa.
2026-05-02 21:51:13,775 - INFO - Iniciando transformación de datos...
2026-05-02 21:51:13,778 - INFO - Transformación completada (5 registros procesados).
2026-05-02 21:51:13,778 - INFO - Iniciando carga en la base de datos crypto_data.db...
2026-05-02 21:51:13,784 - INFO - Carga exitosa. Datos persistidos.
2026-05-02 22:52:03,826 - INFO - Iniciando extracción (Intento 1/3)...
2026-05-02 22:52:03,979 - INFO - Extracción exitosa.
2026-05-02 22:52:03,980 - INFO - Iniciando transformación de datos...
2026-05-02 22:52:03,983 - INFO - Transformación completada (5 registros procesados).
2026-05-02 22:52:03,983 - INFO - Iniciando carga en la base de datos crypto_data.db...
2026-05-02 22:52:03,988 - INFO - Carga exitosa. Datos persistidos.
2026-05-02 23:53:17,729 - INFO - Iniciando extracción (Intento 1/3)...
2026-05-02 23:53:17,821 - INFO - Extracción exitosa.
2026-05-02 23:53:17,821 - INFO - Iniciando transformación de datos...
2026-05-02 23:53:17,824 - INFO - Transformación completada (5 registros procesados).
2026-05-02 23:53:17,825 - INFO - Iniciando carga en la base de datos crypto_data.db...
2026-05-02 23:53:17,829 - INFO - Carga exitosa. Datos persistidos.
2026-05-03 03:52:53,245 - INFO - Iniciando extracción (Intento 1/3)...
2026-05-03 03:52:53,490 - INFO - Extracción exitosa.
2026-05-03 03:52:53,491 - INFO - Iniciando transformación de datos...
2026-05-03 03:52:53,495 - INFO - Transformación completada (5 registros procesados).
2026-05-03 03:52:53,495 - INFO - Iniciando carga en la base de datos crypto_data.db...
2026-05-03 03:52:53,502 - INFO - Carga exitosa. Datos persistidos.
2026-05-03 06:31:37,336 - INFO - Iniciando extracción (Intento 1/3)...
2026-05-03 06:31:37,438 - INFO - Extracción exitosa.
2026-05-03 06:31:37,440 - INFO - Iniciando transformación de datos...
2026-05-03 06:31:37,442 - INFO - Transformación completada (5 registros procesados).
2026-05-03 06:31:37,442 - INFO - Iniciando carga en la base de datos crypto_data.db...
2026-05-03 06:31:37,447 - INFO - Carga exitosa. Datos persistidos.
2026-05-03 08:51:12,964 - INFO - Iniciando extracción (Intento 1/3)...
2026-05-03 08:51:13,084 - INFO - Extracción exitosa.
2026-05-03 08:51:13,085 - INFO - Iniciando transformación de datos...
2026-05-03 08:51:13,089 - INFO - Transformación completada (5 registros procesados).
2026-05-03 08:51:13,089 - INFO - Iniciando carga en la base de datos crypto_data.db...
2026-05-03 08:51:13,094 - INFO - Carga exitosa. Datos persistidos.
2026-05-03 10:11:21,002 - INFO - Iniciando extracción (Intento 1/3)...
2026-05-03 10:11:21,194 - INFO - Extracción exitosa.
2026-05-03 10:11:21,195 - INFO - Iniciando transformación de datos...
2026-05-03 10:11:21,198 - INFO - Transformación completada (5 registros procesados).
2026-05-03 10:11:21,198 - INFO - Iniciando carga en la base de datos crypto_data.db...
2026-05-03 10:11:21,203 - INFO - Carga exitosa. Datos persistidos.
2026-05-03 11:50:44,136 - INFO - Iniciando extracción (Intento 1/3)...
2026-05-03 11:50:44,231 - INFO - Extracción exitosa.
2026-05-03 11:50:44,232 - INFO - Iniciando transformación de datos...
2026-05-03 11:50:44,235 - INFO - Transformación completada (5 registros procesados).
2026-05-03 11:50:44,235 - INFO - Iniciando carga en la base de datos crypto_data.db...
2026-05-03 11:50:44,239 - INFO - Carga exitosa. Datos persistidos.
2026-05-03 13:25:30,799 - INFO - Iniciando extracción (Intento 1/3)...
2026-05-03 13:25:30,969 - INFO - Extracción exitosa.
2026-05-03 13:25:30,971 - INFO - Iniciando transformación de datos...
2026-05-03 13:25:30,974 - INFO - Transformación completada (5 registros procesados).
2026-05-03 13:25:30,974 - INFO - Iniciando carga en la base de datos crypto_data.db...
2026-05-03 13:25:30,979 - INFO - Carga exitosa. Datos persistidos.
2026-05-03 14:54:58,213 - INFO - Iniciando extracción (Intento 1/3)...
2026-05-03 14:54:58,309 - INFO - Extracción exitosa.
2026-05-03 14:54:58,310 - INFO - Iniciando transformación de datos...
2026-05-03 14:54:58,313 - INFO - Transformación completada (5 registros procesados).
2026-05-03 14:54:58,313 - INFO - Iniciando carga en la base de datos crypto_data.db...
2026-05-03 14:54:58,326 - INFO - Carga exitosa. Datos persistidos.
2026-05-03 15:54:19,760 - INFO - Iniciando extracción (Intento 1/3)...
2026-05-03 15:54:19,855 - INFO - Extracción exitosa.
2026-05-03 15:54:19,856 - INFO - Iniciando transformación de datos...
2026-05-03 15:54:19,859 - INFO - Transformación completada (5 registros procesados).
2026-05-03 15:54:19,859 - INFO - Iniciando carga en la base de datos crypto_data.db...
2026-05-03 15:54:19,939 - INFO - Carga exitosa. Datos persistidos.
2026-05-03 16:59:12,196 - INFO - Iniciando extracción (Intento 1/3)...
2026-05-03 16:59:12,321 - INFO - Extracción exitosa.
2026-05-03 16:59:12,322 - INFO - Iniciando transformación de datos...
2026-05-03 16:59:12,325 - INFO - Transformación completada (5 registros procesados).
2026-05-03 16:59:12,325 - INFO - Iniciando carga en la base de datos crypto_data.db...
2026-05-03 16:59:12,330 - INFO - Carga exitosa. Datos persistidos.
2026-05-03 17:55:42,511 - INFO - Iniciando extracción (Intento 1/3)...
2026-05-03 17:55:42,715 - INFO - Extracción exitosa.
2026-05-03 17:55:42,716 - INFO - Iniciando transformación de datos...
2026-05-03 17:55:42,719 - INFO - Transformación completada (5 registros procesados).
2026-05-03 17:55:42,719 - INFO - Iniciando carga en la base de datos crypto_data.db...
2026-05-03 17:55:42,724 - INFO - Carga exitosa. Datos persistidos.
2026-05-03 19:10:48,372 - INFO - Iniciando extracción (Intento 1/3)...
2026-05-03 19:10:48,595 - INFO - Extracción exitosa.
2026-05-03 19:10:48,596 - INFO - Iniciando transformación de datos...
2026-05-03 19:10:48,601 - INFO - Transformación completada (5 registros procesados).
2026-05-03 19:10:48,601 - INFO - Iniciando carga en la base de datos crypto_data.db...
2026-05-03 19:10:48,606 - INFO - Carga exitosa. Datos persistidos.
2026-05-03 20:54:03,776 - INFO - Iniciando extracción (Intento 1/3)...
2026-05-03 20:54:04,000 - INFO - Extracción exitosa.
2026-05-03 20:54:04,001 - INFO - Iniciando transformación de datos...
2026-05-03 20:54:04,004 - INFO - Transformación completada (5 registros procesados).
2026-05-03 20:54:04,004 - INFO - Iniciando carga en la base de datos crypto_data.db...
2026-05-03 20:54:04,008 - INFO - Carga exitosa. Datos persistidos.
2026-05-03 21:52:11,156 - INFO - Iniciando extracción (Intento 1/3)...
2026-05-03 21:52:11,357 - INFO - Extracción exitosa.
2026-05-03 21:52:11,358 - INFO - Iniciando transformación de datos...
2026-05-03 21:52:11,361 - INFO - Transformación completada (5 registros procesados).
2026-05-03 21:52:11,361 - INFO - Iniciando carga en la base de datos crypto_data.db...
2026-05-03 21:52:11,370 - INFO - Carga exitosa. Datos persistidos.
2026-05-03 22:52:34,008 - INFO - Iniciando extracción (Intento 1/3)...
2026-05-03 22:52:34,101 - INFO - Extracción exitosa.
2026-05-03 22:52:34,103 - INFO - Iniciando transformación de datos...
2026-05-03 22:52:34,106 - INFO - Transformación completada (5 registros procesados).
2026-05-03 22:52:34,106 - INFO - Iniciando carga en la base de datos crypto_data.db...
2026-05-03 22:52:34,110 - INFO - Carga exitosa. Datos persistidos.
2026-05-03 23:55:19,793 - INFO - Iniciando extracción (Intento 1/3)...
2026-05-03 23:55:20,052 - INFO - Extracción exitosa.
2026-05-03 23:55:20,053 - INFO - Iniciando transformación de datos...
2026-05-03 23:55:20,056 - INFO - Transformación completada (5 registros procesados).
2026-05-03 23:55:20,057 - INFO - Iniciando carga en la base de datos crypto_data.db...
2026-05-03 23:55:20,061 - INFO - Carga exitosa. Datos persistidos.
2026-05-04 03:50:25,725 - INFO - Iniciando extracción (Intento 1/3)...
2026-05-04 03:50:25,935 - INFO - Extracción exitosa.
2026-05-04 03:50:25,936 - INFO - Iniciando transformación de datos...
2026-05-04 03:50:25,939 - INFO - Transformación completada (5 registros procesados).
2026-05-04 03:50:25,940 - INFO - Iniciando carga en la base de datos crypto_data.db...
2026-05-04 03:50:25,944 - INFO - Carga exitosa. Datos persistidos.
2026-05-04 06:45:49,675 - INFO - Iniciando extracción (Intento 1/3)...
2026-05-04 06:45:49,849 - INFO - Extracción exitosa.
2026-05-04 06:45:49,850 - INFO - Iniciando transformación de datos...
2026-05-04 06:45:49,855 - INFO - Transformación completada (5 registros procesados).
2026-05-04 06:45:49,855 - INFO - Iniciando carga en la base de datos crypto_data.db...
2026-05-04 06:45:49,860 - INFO - Carga exitosa. Datos persistidos.
2026-05-04 09:26:45,665 - INFO - Iniciando extracción (Intento 1/3)...
2026-05-04 09:26:45,885 - INFO - Extracción exitosa.
2026-05-04 09:26:45,886 - INFO - Iniciando transformación de datos...
2026-05-04 09:26:45,889 - INFO - Transformación completada (5 registros procesados).
2026-05-04 09:26:45,889 - INFO - Iniciando carga en la base de datos crypto_data.db...
2026-05-04 09:26:45,894 - INFO - Carga exitosa. Datos persistidos.
2026-05-04 11:55:59,110 - INFO - Iniciando extracción (Intento 1/3)...
2026-05-04 11:55:59,329 - INFO - Extracción exitosa.
2026-05-04 11:55:59,330 - INFO - Iniciando transformación de datos...
2026-05-04 11:55:59,332 - INFO - Transformación completada (5 registros procesados).
2026-05-04 11:55:59,333 - INFO - Iniciando carga en la base de datos crypto_data.db...
2026-05-04 11:55:59,337 - INFO - Carga exitosa. Datos persistidos.
2026-05-04 14:23:39,452 - INFO - Iniciando extracción (Intento 1/3)...
2026-05-04 14:23:39,606 - INFO - Extracción exitosa.
2026-05-04 14:23:39,607 - INFO - Iniciando transformación de datos...
2026-05-04 14:23:39,610 - INFO - Transformación completada (5 registros procesados).
2026-05-04 14:23:39,610 - INFO - Iniciando carga en la base de datos crypto_data.db...
2026-05-04 14:23:39,615 - INFO - Carga exitosa. Datos persistidos.
2026-05-04 16:53:08,573 - INFO - Iniciando extracción (Intento 1/3)...
2026-05-04 16:53:08,815 - INFO - Extracción exitosa.
2026-05-04 16:53:08,816 - INFO - Iniciando transformación de datos...
2026-05-04 16:53:08,819 - INFO - Transformación completada (5 registros procesados).
2026-05-04 16:53:08,819 - INFO - Iniciando carga en la base de datos crypto_data.db...
2026-05-04 16:53:08,824 - INFO - Carga exitosa. Datos persistidos.
2026-05-04 18:20:23,016 - INFO - Iniciando extracción (Intento 1/3)...
2026-05-04 18:20:23,177 - INFO - Extracción exitosa.
2026-05-04 18:20:23,178 - INFO - Iniciando transformación de datos...
2026-05-04 18:20:23,182 - INFO - Transformación completada (5 registros procesados).
2026-05-04 18:20:23,182 - INFO - Iniciando carga en la base de datos crypto_data.db...
2026-05-04 18:20:23,189 - INFO - Carga exitosa. Datos persistidos.
2026-05-04 20:21:14,622 - INFO - Iniciando extracción (Intento 1/3)...
2026-05-04 20:21:14,835 - INFO - Extracción exitosa.
2026-05-04 20:21:14,837 - INFO - Iniciando transformación de datos...
2026-05-04 20:21:14,839 - INFO - Transformación completada (5 registros procesados).
2026-05-04 20:21:14,840 - INFO - Iniciando carga en la base de datos crypto_data.db...
2026-05-04 20:21:14,844 - INFO - Carga exitosa. Datos persistidos.
2026-05-04 22:08:32,133 - INFO - Iniciando extracción (Intento 1/3)...
2026-05-04 22:08:32,397 - INFO - Extracción exitosa.
2026-05-04 22:08:32,398 - INFO - Iniciando transformación de datos...
2026-05-04 22:08:32,401 - INFO - Transformación completada (5 registros procesados).
2026-05-04 22:08:32,401 - INFO - Iniciando carga en la base de datos crypto_data.db...
2026-05-04 22:08:32,488 - INFO - Carga exitosa. Datos persistidos.
2026-05-04 23:59:54,836 - INFO - Iniciando extracción (Intento 1/3)...
2026-05-04 23:59:54,922 - INFO - Extracción exitosa.
2026-05-04 23:59:54,922 - INFO - Iniciando transformación de datos...
2026-05-04 23:59:54,925 - INFO - Transformación completada (5 registros procesados).
2026-05-04 23:59:54,925 - INFO - Iniciando carga en la base de datos crypto_data.db...
2026-05-04 23:59:54,929 - INFO - Carga exitosa. Datos persistidos.
2026-05-05 03:44:29,891 - INFO - Iniciando extracción (Intento 1/3)...
2026-05-05 03:44:29,980 - INFO - Extracción exitosa.
2026-05-05 03:44:29,981 - INFO - Iniciando transformación de datos...
2026-05-05 03:44:29,984 - INFO - Transformación completada (5 registros procesados).
2026-05-05 03:44:29,984 - INFO - Iniciando carga en la base de datos crypto_data.db...
2026-05-05 03:44:29,998 - INFO - Carga exitosa. Datos persistidos.
2026-05-05 06:23:33,235 - INFO - Iniciando extracción (Intento 1/3)...
2026-05-05 06:23:33,429 - INFO - Extracción exitosa.
2026-05-05 06:23:33,431 - INFO - Iniciando transformación de datos...
2026-05-05 06:23:33,434 - INFO - Transformación completada (5 registros procesados).
2026-05-05 06:23:33,434 - INFO - Iniciando carga en la base de datos crypto_data.db...
2026-05-05 06:23:33,439 - INFO - Carga exitosa. Datos persistidos.
2026-05-05 09:11:35,552 - INFO - Iniciando extracción (Intento 1/3)...
2026-05-05 09:11:35,715 - INFO - Extracción exitosa.
2026-05-05 09:11:35,716 - INFO - Iniciando transformación de datos...
2026-05-05 09:11:35,719 - INFO - Transformación completada (5 registros procesados).
2026-05-05 09:11:35,719 - INFO - Iniciando carga en la base de datos crypto_data.db...
2026-05-05 09:11:35,723 - INFO - Carga exitosa. Datos persistidos.
2026-05-05 11:20:22,812 - INFO - Iniciando extracción (Intento 1/3)...
2026-05-05 11:20:22,955 - INFO - Extracción exitosa.
2026-05-05 11:20:22,956 - INFO - Iniciando transformación de datos...
2026-05-05 11:20:22,960 - INFO - Transformación completada (5 registros procesados).
2026-05-05 11:20:22,960 - INFO - Iniciando carga en la base de datos crypto_data.db...
2026-05-05 11:20:22,967 - INFO - Carga exitosa. Datos persistidos.
2026-05-05 14:11:44,864 - INFO - Iniciando extracción (Intento 1/3)...
2026-05-05 14:11:45,096 - INFO - Extracción exitosa.
2026-05-05 14:11:45,098 - INFO - Iniciando transformación de datos...
2026-05-05 14:11:45,101 - INFO - Transformación completada (5 registros procesados).
2026-05-05 14:11:45,101 - INFO - Iniciando carga en la base de datos crypto_data.db...
2026-05-05 14:11:45,105 - INFO - Carga exitosa. Datos persistidos.
2026-05-05 16:46:06,672 - INFO - Iniciando extracción (Intento 1/3)...
2026-05-05 16:46:06,879 - INFO - Extracción exitosa.
2026-05-05 16:46:06,880 - INFO - Iniciando transformación de datos...
2026-05-05 16:46:06,883 - INFO - Transformación completada (5 registros procesados).
2026-05-05 16:46:06,883 - INFO - Iniciando carga en la base de datos crypto_data.db...
2026-05-05 16:46:06,887 - INFO - Carga exitosa. Datos persistidos.
2026-05-05 18:15:41,682 - INFO - Iniciando extracción (Intento 1/3)...
2026-05-05 18:15:41,822 - INFO - Extracción exitosa.
2026-05-05 18:15:41,824 - INFO - Iniciando transformación de datos...
2026-05-05 18:15:41,828 - INFO - Transformación completada (5 registros procesados).
2026-05-05 18:15:41,828 - INFO - Iniciando carga en la base de datos crypto_data.db...
2026-05-05 18:15:41,833 - INFO - Carga exitosa. Datos persistidos.
2026-05-05 20:12:04,554 - INFO - Iniciando extracción (Intento 1/3)...
2026-05-05 20:12:04,691 - INFO - Extracción exitosa.
2026-05-05 20:12:04,692 - INFO - Iniciando transformación de datos...
2026-05-05 20:12:04,695 - INFO - Transformación completada (5 registros procesados).
2026-05-05 20:12:04,695 - INFO - Iniciando carga en la base de datos crypto_data.db...
2026-05-05 20:12:04,700 - INFO - Carga exitosa. Datos persistidos.
2026-05-05 22:05:46,773 - INFO - Iniciando extracción (Intento 1/3)...
2026-05-05 22:05:46,914 - INFO - Extracción exitosa.
2026-05-05 22:05:46,916 - INFO - Iniciando transformación de datos...
2026-05-05 22:05:46,921 - INFO - Transformación completada (5 registros procesados).
2026-05-05 22:05:46,921 - INFO - Iniciando carga en la base de datos crypto_data.db...
2026-05-05 22:05:46,926 - INFO - Carga exitosa. Datos persistidos.
2026-05-05 23:55:30,086 - INFO - Iniciando extracción (Intento 1/3)...
2026-05-05 23:55:30,314 - INFO - Extracción exitosa.
2026-05-05 23:55:30,315 - INFO - Iniciando transformación de datos...
2026-05-05 23:55:30,318 - INFO - Transformación completada (5 registros procesados).
2026-05-05 23:55:30,318 - INFO - Iniciando carga en la base de datos crypto_data.db...
2026-05-05 23:55:30,323 - INFO - Carga exitosa. Datos persistidos.
2026-05-06 03:49:02,890 - INFO - Iniciando extracción (Intento 1/3)...
2026-05-06 03:49:03,049 - INFO - Extracción exitosa.
2026-05-06 03:49:03,050 - INFO - Iniciando transformación de datos...
2026-05-06 03:49:03,053 - INFO - Transformación completada (5 registros procesados).
2026-05-06 03:49:03,053 - INFO - Iniciando carga en la base de datos crypto_data.db...
2026-05-06 03:49:03,059 - INFO - Carga exitosa. Datos persistidos.
2026-05-06 06:35:37,970 - INFO - Iniciando extracción (Intento 1/3)...
2026-05-06 06:35:38,085 - INFO - Extracción exitosa.
2026-05-06 06:35:38,086 - INFO - Iniciando transformación de datos...
2026-05-06 06:35:38,089 - INFO - Transformación completada (5 registros procesados).
2026-05-06 06:35:38,089 - INFO - Iniciando carga en la base de datos crypto_data.db...
2026-05-06 06:35:38,093 - INFO - Carga exitosa. Datos persistidos.
2026-05-06 09:29:41,275 - INFO - Iniciando extracción (Intento 1/3)...
2026-05-06 09:29:41,437 - INFO - Extracción exitosa.
2026-05-06 09:29:41,438 - INFO - Iniciando transformación de datos...
2026-05-06 09:29:41,441 - INFO - Transformación completada (5 registros procesados).
2026-05-06 09:29:41,441 - INFO - Iniciando carga en la base de datos crypto_data.db...
2026-05-06 09:29:41,445 - INFO - Carga exitosa. Datos persistidos.
2026-05-06 11:53:54,096 - INFO - Iniciando extracción (Intento 1/3)...
2026-05-06 11:53:54,260 - INFO - Extracción exitosa.
2026-05-06 11:53:54,260 - INFO - Iniciando transformación de datos...
2026-05-06 11:53:54,263 - INFO - Transformación completada (5 registros procesados).
2026-05-06 11:53:54,263 - INFO - Iniciando carga en la base de datos crypto_data.db...
2026-05-06 11:53:54,268 - INFO - Carga exitosa. Datos persistidos.
2026-05-06 14:30:33,509 - INFO - Iniciando extracción (Intento 1/3)...
2026-05-06 14:30:33,661 - INFO - Extracción exitosa.
2026-05-06 14:30:33,662 - INFO - Iniciando transformación de datos...
2026-05-06 14:30:33,665 - INFO - Transformación completada (5 registros procesados).
2026-05-06 14:30:33,665 - INFO - Iniciando carga en la base de datos crypto_data.db...
2026-05-06 14:30:33,670 - INFO - Carga exitosa. Datos persistidos.
2026-05-06 16:47:34,788 - INFO - Iniciando extracción (Intento 1/3)...
2026-05-06 16:47:34,953 - INFO - Extracción exitosa.
2026-05-06 16:47:34,955 - INFO - Iniciando transformación de datos...
2026-05-06 16:47:34,958 - INFO - Transformación completada (5 registros procesados).
2026-05-06 16:47:34,958 - INFO - Iniciando carga en la base de datos crypto_data.db...
2026-05-06 16:47:34,962 - INFO - Carga exitosa. Datos persistidos.
2026-05-06 18:23:02,884 - INFO - Iniciando extracción (Intento 1/3)...
2026-05-06 18:23:03,140 - INFO - Extracción exitosa.
2026-05-06 18:23:03,142 - INFO - Iniciando transformación de datos...
2026-05-06 18:23:03,145 - INFO - Transformación completada (5 registros procesados).
2026-05-06 18:23:03,145 - INFO - Iniciando carga en la base de datos crypto_data.db...
2026-05-06 18:23:03,151 - INFO - Carga exitosa. Datos persistidos.
2026-05-06 20:42:58,708 - INFO - Iniciando extracción (Intento 1/3)...
2026-05-06 20:42:58,880 - INFO - Extracción exitosa.
2026-05-06 20:42:58,881 - INFO - Iniciando transformación de datos...
2026-05-06 20:42:58,884 - INFO - Transformación completada (5 registros procesados).
2026-05-06 20:42:58,884 - INFO - Iniciando carga en la base de datos crypto_data.db...
2026-05-06 20:42:58,888 - INFO - Carga exitosa. Datos persistidos.
2026-05-06 22:02:22,416 - INFO - Iniciando extracción (Intento 1/3)...
2026-05-06 22:02:22,633 - INFO - Extracción exitosa.
2026-05-06 22:02:22,634 - INFO - Iniciando transformación de datos...
2026-05-06 22:02:22,637 - INFO - Transformación completada (5 registros procesados).
2026-05-06 22:02:22,637 - INFO - Iniciando carga en la base de datos crypto_data.db...
2026-05-06 22:02:22,642 - INFO - Carga exitosa. Datos persistidos.
2026-05-06 23:55:59,318 - INFO - Iniciando extracción (Intento 1/3)...
2026-05-06 23:55:59,516 - INFO - Extracción exitosa.
2026-05-06 23:55:59,517 - INFO - Iniciando transformación de datos...
2026-05-06 23:55:59,520 - INFO - Transformación completada (5 registros procesados).
2026-05-06 23:55:59,520 - INFO - Iniciando carga en la base de datos crypto_data.db...
2026-05-06 23:55:59,525 - INFO - Carga exitosa. Datos persistidos.
2026-05-07 03:54:06,542 - INFO - Iniciando extracción (Intento 1/3)...
2026-05-07 03:54:06,636 - INFO - Extracción exitosa.
2026-05-07 03:54:06,638 - INFO - Iniciando transformación de datos...
2026-05-07 03:54:06,641 - INFO - Transformación completada (5 registros procesados).
2026-05-07 03:54:06,641 - INFO - Iniciando carga en la base de datos crypto_data.db...
2026-05-07 03:54:06,645 - INFO - Carga exitosa. Datos persistidos.
2026-05-07 06:43:39,946 - INFO - Iniciando extracción (Intento 1/3)...
2026-05-07 06:43:40,102 - INFO - Extracción exitosa.
2026-05-07 06:43:40,103 - INFO - Iniciando transformación de datos...
2026-05-07 06:43:40,106 - INFO - Transformación completada (5 registros procesados).
2026-05-07 06:43:40,106 - INFO - Iniciando carga en la base de datos crypto_data.db...
2026-05-07 06:43:40,110 - INFO - Carga exitosa. Datos persistidos.
2026-05-07 09:40:05,679 - INFO - Iniciando extracción (Intento 1/3)...
2026-05-07 09:40:05,840 - INFO - Extracción exitosa.
2026-05-07 09:40:05,841 - INFO - Iniciando transformación de datos...
2026-05-07 09:40:05,844 - INFO - Transformación completada (5 registros procesados).
2026-05-07 09:40:05,844 - INFO - Iniciando carga en la base de datos crypto_data.db...
2026-05-07 09:40:05,849 - INFO - Carga exitosa. Datos persistidos.
2026-05-07 11:53:42,616 - INFO - Iniciando extracción (Intento 1/3)...
2026-05-07 11:53:42,709 - INFO - Extracción exitosa.
2026-05-07 11:53:42,710 - INFO - Iniciando transformación de datos...
2026-05-07 11:53:42,713 - INFO - Transformación completada (5 registros procesados).
2026-05-07 11:53:42,713 - INFO - Iniciando carga en la base de datos crypto_data.db...
2026-05-07 11:53:42,718 - INFO - Carga exitosa. Datos persistidos.
2026-05-07 14:31:58,934 - INFO - Iniciando extracción (Intento 1/3)...
2026-05-07 14:31:59,031 - INFO - Extracción exitosa.
2026-05-07 14:31:59,032 - INFO - Iniciando transformación de datos...
2026-05-07 14:31:59,035 - INFO - Transformación completada (5 registros procesados).
2026-05-07 14:31:59,035 - INFO - Iniciando carga en la base de datos crypto_data.db...
2026-05-07 14:31:59,040 - INFO - Carga exitosa. Datos persistidos.
2026-05-07 16:57:06,780 - INFO - Iniciando extracción (Intento 1/3)...
2026-05-07 16:57:07,028 - INFO - Extracción exitosa.
2026-05-07 16:57:07,029 - INFO - Iniciando transformación de datos...
2026-05-07 16:57:07,031 - INFO - Transformación completada (5 registros procesados).
2026-05-07 16:57:07,031 - INFO - Iniciando carga en la base de datos crypto_data.db...
2026-05-07 16:57:07,035 - INFO - Carga exitosa. Datos persistidos.
2026-05-07 18:50:49,047 - INFO - Iniciando extracción (Intento 1/3)...
2026-05-07 18:50:49,185 - INFO - Extracción exitosa.
2026-05-07 18:50:49,187 - INFO - Iniciando transformación de datos...
2026-05-07 18:50:49,191 - INFO - Transformación completada (5 registros procesados).
2026-05-07 18:50:49,191 - INFO - Iniciando carga en la base de datos crypto_data.db...
2026-05-07 18:50:49,197 - INFO - Carga exitosa. Datos persistidos.
2026-05-07 20:19:24,213 - INFO - Iniciando extracción (Intento 1/3)...
2026-05-07 20:19:24,586 - INFO - Extracción exitosa.
2026-05-07 20:19:24,587 - INFO - Iniciando transformación de datos...
2026-05-07 20:19:24,590 - INFO - Transformación completada (5 registros procesados).
2026-05-07 20:19:24,590 - INFO - Iniciando carga en la base de datos crypto_data.db...
2026-05-07 20:19:24,595 - INFO - Carga exitosa. Datos persistidos.
2026-05-07 22:07:10,137 - INFO - Iniciando extracción (Intento 1/3)...
2026-05-07 22:07:10,272 - INFO - Extracción exitosa.
2026-05-07 22:07:10,273 - INFO - Iniciando transformación de datos...
2026-05-07 22:07:10,276 - INFO - Transformación completada (5 registros procesados).
2026-05-07 22:07:10,276 - INFO - Iniciando carga en la base de datos crypto_data.db...
2026-05-07 22:07:10,281 - INFO - Carga exitosa. Datos persistidos.
2026-05-07 23:59:18,338 - INFO - Iniciando extracción (Intento 1/3)...
2026-05-07 23:59:18,499 - INFO - Extracción exitosa.
2026-05-07 23:59:18,500 - INFO - Iniciando transformación de datos...
2026-05-07 23:59:18,503 - INFO - Transformación completada (5 registros procesados).
2026-05-07 23:59:18,503 - INFO - Iniciando carga en la base de datos crypto_data.db...
2026-05-07 23:59:18,508 - INFO - Carga exitosa. Datos persistidos.
2026-05-08 03:48:25,697 - INFO - Iniciando extracción (Intento 1/3)...
2026-05-08 03:48:25,808 - INFO - Extracción exitosa.
2026-05-08 03:48:25,809 - INFO - Iniciando transformación de datos...
2026-05-08 03:48:25,812 - INFO - Transformación completada (5 registros procesados).
2026-05-08 03:48:25,812 - INFO - Iniciando carga en la base de datos crypto_data.db...
2026-05-08 03:48:25,823 - INFO - Carga exitosa. Datos persistidos.
2026-05-08 06:03:18,749 - INFO - Iniciando extracción (Intento 1/3)...
2026-05-08 06:03:18,961 - INFO - Extracción exitosa.
2026-05-08 06:03:18,962 - INFO - Iniciando transformación de datos...
2026-05-08 06:03:18,965 - INFO - Transformación completada (5 registros procesados).
2026-05-08 06:03:18,965 - INFO - Iniciando carga en la base de datos crypto_data.db...
2026-05-08 06:03:18,971 - INFO - Carga exitosa. Datos persistidos.
2026-05-08 08:24:36,091 - INFO - Iniciando extracción (Intento 1/3)...
2026-05-08 08:24:36,267 - INFO - Extracción exitosa.
2026-05-08 08:24:36,269 - INFO - Iniciando transformación de datos...
2026-05-08 08:24:36,272 - INFO - Transformación completada (5 registros procesados).
2026-05-08 08:24:36,272 - INFO - Iniciando carga en la base de datos crypto_data.db...
2026-05-08 08:24:36,276 - INFO - Carga exitosa. Datos persistidos.
2026-05-08 10:43:20,721 - INFO - Iniciando extracción (Intento 1/3)...
2026-05-08 10:43:20,865 - INFO - Extracción exitosa.
2026-05-08 10:43:20,866 - INFO - Iniciando transformación de datos...
2026-05-08 10:43:20,869 - INFO - Transformación completada (5 registros procesados).
2026-05-08 10:43:20,869 - INFO - Iniciando carga en la base de datos crypto_data.db...
2026-05-08 10:43:20,874 - INFO - Carga exitosa. Datos persistidos.
2026-05-08 12:12:55,267 - INFO - Iniciando extracción (Intento 1/3)...
2026-05-08 12:12:55,378 - INFO - Extracción exitosa.
2026-05-08 12:12:55,380 - INFO - Iniciando transformación de datos...
2026-05-08 12:12:55,384 - INFO - Transformación completada (5 registros procesados).
2026-05-08 12:12:55,384 - INFO - Iniciando carga en la base de datos crypto_data.db...
2026-05-08 12:12:55,389 - INFO - Carga exitosa. Datos persistidos.
2026-05-08 14:57:00,214 - INFO - Iniciando extracción (Intento 1/3)...
2026-05-08 14:57:00,357 - INFO - Extracción exitosa.
2026-05-08 14:57:00,358 - INFO - Iniciando transformación de datos...
2026-05-08 14:57:00,361 - INFO - Transformación completada (5 registros procesados).
2026-05-08 14:57:00,362 - INFO - Iniciando carga en la base de datos crypto_data.db...
2026-05-08 14:57:00,366 - INFO - Carga exitosa. Datos persistidos.
2026-05-08 16:21:50,031 - INFO - Iniciando extracción (Intento 1/3)...
2026-05-08 16:21:50,174 - INFO - Extracción exitosa.
2026-05-08 16:21:50,174 - INFO - Iniciando transformación de datos...
2026-05-08 16:21:50,177 - INFO - Transformación completada (5 registros procesados).
2026-05-08 16:21:50,177 - INFO - Iniciando carga en la base de datos crypto_data.db...
2026-05-08 16:21:50,182 - INFO - Carga exitosa. Datos persistidos.
2026-05-08 18:14:24,985 - INFO - Iniciando extracción (Intento 1/3)...
2026-05-08 18:14:25,090 - INFO - Extracción exitosa.
2026-05-08 18:14:25,091 - INFO - Iniciando transformación de datos...
2026-05-08 18:14:25,094 - INFO - Transformación completada (5 registros procesados).
2026-05-08 18:14:25,094 - INFO - Iniciando carga en la base de datos crypto_data.db...
2026-05-08 18:14:25,099 - INFO - Carga exitosa. Datos persistidos.
2026-05-08 20:10:01,489 - INFO - Iniciando extracción (Intento 1/3)...
2026-05-08 20:10:01,701 - INFO - Extracción exitosa.
2026-05-08 20:10:01,702 - INFO - Iniciando transformación de datos...
2026-05-08 20:10:01,706 - INFO - Transformación completada (5 registros procesados).
2026-05-08 20:10:01,706 - INFO - Iniciando carga en la base de datos crypto_data.db...
2026-05-08 20:10:01,711 - INFO - Carga exitosa. Datos persistidos.
2026-05-08 22:03:29,804 - INFO - Iniciando extracción (Intento 1/3)...
2026-05-08 22:03:30,040 - INFO - Extracción exitosa.
2026-05-08 22:03:30,042 - INFO - Iniciando transformación de datos...
2026-05-08 22:03:30,045 - INFO - Transformación completada (5 registros procesados).
2026-05-08 22:03:30,045 - INFO - Iniciando carga en la base de datos crypto_data.db...
2026-05-08 22:03:30,048 - INFO - Carga exitosa. Datos persistidos.
2026-05-09 00:00:44,678 - INFO - Iniciando extracción (Intento 1/3)...
2026-05-09 00:00:44,809 - INFO - Extracción exitosa.
2026-05-09 00:00:44,810 - INFO - Iniciando transformación de datos...
2026-05-09 00:00:44,813 - INFO - Transformación completada (5 registros procesados).
2026-05-09 00:00:44,813 - INFO - Iniciando carga en la base de datos crypto_data.db...
2026-05-09 00:00:44,818 - INFO - Carga exitosa. Datos persistidos.
2026-05-09 04:27:08,006 - INFO - Iniciando extracción (Intento 1/3)...
2026-05-09 04:27:08,148 - INFO - Extracción exitosa.
2026-05-09 04:27:08,150 - INFO - Iniciando transformación de datos...
2026-05-09 04:27:08,153 - INFO - Transformación completada (5 registros procesados).
2026-05-09 04:27:08,153 - INFO - Iniciando carga en la base de datos crypto_data.db...
2026-05-09 04:27:08,157 - INFO - Carga exitosa. Datos persistidos.
2026-05-09 07:11:44,437 - INFO - Iniciando extracción (Intento 1/3)...
2026-05-09 07:11:44,558 - INFO - Extracción exitosa.
2026-05-09 07:11:44,559 - INFO - Iniciando transformación de datos...
2026-05-09 07:11:44,562 - INFO - Transformación completada (5 registros procesados).
2026-05-09 07:11:44,562 - INFO - Iniciando carga en la base de datos crypto_data.db...
2026-05-09 07:11:44,568 - INFO - Carga exitosa. Datos persistidos.
2026-05-09 09:25:10,335 - INFO - Iniciando extracción (Intento 1/3)...
2026-05-09 09:25:10,502 - INFO - Extracción exitosa.
2026-05-09 09:25:10,504 - INFO - Iniciando transformación de datos...
2026-05-09 09:25:10,507 - INFO - Transformación completada (5 registros procesados).
2026-05-09 09:25:10,507 - INFO - Iniciando carga en la base de datos crypto_data.db...
2026-05-09 09:25:10,512 - INFO - Carga exitosa. Datos persistidos.
2026-05-09 11:02:09,429 - INFO - Iniciando extracción (Intento 1/3)...
2026-05-09 11:02:09,570 - INFO - Extracción exitosa.
2026-05-09 11:02:09,572 - INFO - Iniciando transformación de datos...
2026-05-09 11:02:09,575 - INFO - Transformación completada (5 registros procesados).
2026-05-09 11:02:09,576 - INFO - Iniciando carga en la base de datos crypto_data.db...
2026-05-09 11:02:09,580 - INFO - Carga exitosa. Datos persistidos.
2026-05-09 13:39:54,711 - INFO - Iniciando extracción (Intento 1/3)...
2026-05-09 13:39:54,854 - INFO - Extracción exitosa.
2026-05-09 13:39:54,855 - INFO - Iniciando transformación de datos...
2026-05-09 13:39:54,858 - INFO - Transformación completada (5 registros procesados).
2026-05-09 13:39:54,858 - INFO - Iniciando carga en la base de datos crypto_data.db...
2026-05-09 13:39:54,865 - INFO - Carga exitosa. Datos persistidos.
2026-05-09 14:58:48,112 - INFO - Iniciando extracción (Intento 1/3)...
2026-05-09 14:58:48,309 - INFO - Extracción exitosa.
2026-05-09 14:58:48,310 - INFO - Iniciando transformación de datos...
2026-05-09 14:58:48,313 - INFO - Transformación completada (5 registros procesados).
2026-05-09 14:58:48,313 - INFO - Iniciando carga en la base de datos crypto_data.db...
2026-05-09 14:58:48,318 - INFO - Carga exitosa. Datos persistidos.
2026-05-09 16:01:51,962 - INFO - Iniciando extracción (Intento 1/3)...
2026-05-09 16:01:52,116 - INFO - Extracción exitosa.
2026-05-09 16:01:52,117 - INFO - Iniciando transformación de datos...
2026-05-09 16:01:52,120 - INFO - Transformación completada (5 registros procesados).
2026-05-09 16:01:52,121 - INFO - Iniciando carga en la base de datos crypto_data.db...
2026-05-09 16:01:52,125 - INFO - Carga exitosa. Datos persistidos.
2026-05-09 17:54:31,343 - INFO - Iniciando extracción (Intento 1/3)...
2026-05-09 17:54:31,511 - INFO - Extracción exitosa.
2026-05-09 17:54:31,512 - INFO - Iniciando transformación de datos...
2026-05-09 17:54:31,514 - INFO - Transformación completada (5 registros procesados).
2026-05-09 17:54:31,515 - INFO - Iniciando carga en la base de datos crypto_data.db...
2026-05-09 17:54:31,519 - INFO - Carga exitosa. Datos persistidos.
2026-05-09 19:12:35,426 - INFO - Iniciando extracción (Intento 1/3)...
2026-05-09 19:12:35,528 - INFO - Extracción exitosa.
2026-05-09 19:12:35,530 - INFO - Iniciando transformación de datos...
2026-05-09 19:12:35,533 - INFO - Transformación completada (5 registros procesados).
2026-05-09 19:12:35,533 - INFO - Iniciando carga en la base de datos crypto_data.db...
2026-05-09 19:12:35,537 - INFO - Carga exitosa. Datos persistidos.
2026-05-09 20:53:14,003 - INFO - Iniciando extracción (Intento 1/3)...
2026-05-09 20:53:14,117 - INFO - Extracción exitosa.
2026-05-09 20:53:14,118 - INFO - Iniciando transformación de datos...
2026-05-09 20:53:14,121 - INFO - Transformación completada (5 registros procesados).
2026-05-09 20:53:14,121 - INFO - Iniciando carga en la base de datos crypto_data.db...
2026-05-09 20:53:14,125 - INFO - Carga exitosa. Datos persistidos.
2026-05-09 21:53:14,758 - INFO - Iniciando extracción (Intento 1/3)...
2026-05-09 21:53:14,870 - INFO - Extracción exitosa.
2026-05-09 21:53:14,871 - INFO - Iniciando transformación de datos...
2026-05-09 21:53:14,875 - INFO - Transformación completada (5 registros procesados).
2026-05-09 21:53:14,875 - INFO - Iniciando carga en la base de datos crypto_data.db...
2026-05-09 21:53:14,880 - INFO - Carga exitosa. Datos persistidos.
2026-05-09 22:54:17,139 - INFO - Iniciando extracción (Intento 1/3)...
2026-05-09 22:54:17,359 - INFO - Extracción exitosa.
2026-05-09 22:54:17,360 - INFO - Iniciando transformación de datos...
2026-05-09 22:54:17,363 - INFO - Transformación completada (5 registros procesados).
2026-05-09 22:54:17,363 - INFO - Iniciando carga en la base de datos crypto_data.db...
2026-05-09 22:54:17,368 - INFO - Carga exitosa. Datos persistidos.
2026-05-09 23:55:49,255 - INFO - Iniciando extracción (Intento 1/3)...
2026-05-09 23:55:49,348 - INFO - Extracción exitosa.
2026-05-09 23:55:49,349 - INFO - Iniciando transformación de datos...
2026-05-09 23:55:49,352 - INFO - Transformación completada (5 registros procesados).
2026-05-09 23:55:49,352 - INFO - Iniciando carga en la base de datos crypto_data.db...
2026-05-09 23:55:49,357 - INFO - Carga exitosa. Datos persistidos.
2026-05-10 04:01:25,542 - INFO - Iniciando extracción (Intento 1/3)...
2026-05-10 04:01:25,722 - INFO - Extracción exitosa.
2026-05-10 04:01:25,723 - INFO - Iniciando transformación de datos...
2026-05-10 04:01:25,726 - INFO - Transformación completada (5 registros procesados).
2026-05-10 04:01:25,726 - INFO - Iniciando carga en la base de datos crypto_data.db...
2026-05-10 04:01:25,731 - INFO - Carga exitosa. Datos persistidos.
2026-05-10 07:27:46,403 - INFO - Iniciando extracción (Intento 1/3)...
2026-05-10 07:27:46,520 - INFO - Extracción exitosa.
2026-05-10 07:27:46,522 - INFO - Iniciando transformación de datos...
2026-05-10 07:27:46,525 - INFO - Transformación completada (5 registros procesados).
2026-05-10 07:27:46,525 - INFO - Iniciando carga en la base de datos crypto_data.db...
2026-05-10 07:27:46,529 - INFO - Carga exitosa. Datos persistidos.
2026-05-10 09:42:35,597 - INFO - Iniciando extracción (Intento 1/3)...
2026-05-10 09:42:35,751 - INFO - Extracción exitosa.
2026-05-10 09:42:35,752 - INFO - Iniciando transformación de datos...
2026-05-10 09:42:35,754 - INFO - Transformación completada (5 registros procesados).
2026-05-10 09:42:35,755 - INFO - Iniciando carga en la base de datos crypto_data.db...
2026-05-10 09:42:35,760 - INFO - Carga exitosa. Datos persistidos.
2026-05-10 11:03:40,262 - INFO - Iniciando extracción (Intento 1/3)...
2026-05-10 11:03:40,405 - INFO - Extracción exitosa.
2026-05-10 11:03:40,406 - INFO - Iniciando transformación de datos...
2026-05-10 11:03:40,409 - INFO - Transformación completada (5 registros procesados).
2026-05-10 11:03:40,409 - INFO - Iniciando carga en la base de datos crypto_data.db...
2026-05-10 11:03:40,413 - INFO - Carga exitosa. Datos persistidos.
2026-05-10 13:42:11,877 - INFO - Iniciando extracción (Intento 1/3)...
2026-05-10 13:42:12,096 - INFO - Extracción exitosa.
2026-05-10 13:42:12,098 - INFO - Iniciando transformación de datos...
2026-05-10 13:42:12,101 - INFO - Transformación completada (5 registros procesados).
2026-05-10 13:42:12,101 - INFO - Iniciando carga en la base de datos crypto_data.db...
2026-05-10 13:42:12,106 - INFO - Carga exitosa. Datos persistidos.
2026-05-10 14:59:21,865 - INFO - Iniciando extracción (Intento 1/3)...
2026-05-10 14:59:22,012 - INFO - Extracción exitosa.
2026-05-10 14:59:22,013 - INFO - Iniciando transformación de datos...
2026-05-10 14:59:22,016 - INFO - Transformación completada (5 registros procesados).
2026-05-10 14:59:22,016 - INFO - Iniciando carga en la base de datos crypto_data.db...
2026-05-10 14:59:22,029 - INFO - Carga exitosa. Datos persistidos.
2026-05-10 16:03:52,727 - INFO - Iniciando extracción (Intento 1/3)...
2026-05-10 16:03:52,968 - INFO - Extracción exitosa.
2026-05-10 16:03:52,969 - INFO - Iniciando transformación de datos...
2026-05-10 16:03:52,972 - INFO - Transformación completada (5 registros procesados).
2026-05-10 16:03:52,973 - INFO - Iniciando carga en la base de datos crypto_data.db...
2026-05-10 16:03:52,977 - INFO - Carga exitosa. Datos persistidos.
2026-05-10 17:55:58,225 - INFO - Iniciando extracción (Intento 1/3)...
2026-05-10 17:55:58,416 - INFO - Extracción exitosa.
2026-05-10 17:55:58,417 - INFO - Iniciando transformación de datos...
2026-05-10 17:55:58,420 - INFO - Transformación completada (5 registros procesados).
2026-05-10 17:55:58,420 - INFO - Iniciando carga en la base de datos crypto_data.db...
2026-05-10 17:55:58,425 - INFO - Carga exitosa. Datos persistidos.
2026-05-10 19:16:22,485 - INFO - Iniciando extracción (Intento 1/3)...
2026-05-10 19:16:22,680 - INFO - Extracción exitosa.
2026-05-10 19:16:22,681 - INFO - Iniciando transformación de datos...
2026-05-10 19:16:22,684 - INFO - Transformación completada (5 registros procesados).
2026-05-10 19:16:22,684 - INFO - Iniciando carga en la base de datos crypto_data.db...
2026-05-10 19:16:22,689 - INFO - Carga exitosa. Datos persistidos.
2026-05-10 20:56:26,896 - INFO - Iniciando extracción (Intento 1/3)...
2026-05-10 20:56:27,051 - INFO - Extracción exitosa.
2026-05-10 20:56:27,052 - INFO - Iniciando transformación de datos...
2026-05-10 20:56:27,055 - INFO - Transformación completada (5 registros procesados).
2026-05-10 20:56:27,055 - INFO - Iniciando carga en la base de datos crypto_data.db...
2026-05-10 20:56:27,061 - INFO - Carga exitosa. Datos persistidos.
2026-05-10 21:56:05,230 - INFO - Iniciando extracción (Intento 1/3)...
2026-05-10 21:56:05,340 - INFO - Extracción exitosa.
2026-05-10 21:56:05,341 - INFO - Iniciando transformación de datos...
2026-05-10 21:56:05,344 - INFO - Transformación completada (5 registros procesados).
2026-05-10 21:56:05,344 - INFO - Iniciando carga en la base de datos crypto_data.db...
2026-05-10 21:56:05,348 - INFO - Carga exitosa. Datos persistidos.
2026-05-10 22:56:58,579 - INFO - Iniciando extracción (Intento 1/3)...
2026-05-10 22:56:58,797 - INFO - Extracción exitosa.
2026-05-10 22:56:58,798 - INFO - Iniciando transformación de datos...
2026-05-10 22:56:58,801 - INFO - Transformación completada (5 registros procesados).
2026-05-10 22:56:58,801 - INFO - Iniciando carga en la base de datos crypto_data.db...
2026-05-10 22:56:58,806 - INFO - Carga exitosa. Datos persistidos.
2026-05-11 00:00:36,339 - INFO - Iniciando extracción (Intento 1/3)...
2026-05-11 00:00:36,436 - INFO - Extracción exitosa.
2026-05-11 00:00:36,438 - INFO - Iniciando transformación de datos...
2026-05-11 00:00:36,441 - INFO - Transformación completada (5 registros procesados).
2026-05-11 00:00:36,441 - INFO - Iniciando carga en la base de datos crypto_data.db...
2026-05-11 00:00:36,445 - INFO - Carga exitosa. Datos persistidos.
2026-05-11 05:00:42,639 - INFO - Iniciando extracción (Intento 1/3)...
2026-05-11 05:00:42,849 - INFO - Extracción exitosa.
2026-05-11 05:00:42,850 - INFO - Iniciando transformación de datos...
2026-05-11 05:00:42,852 - INFO - Transformación completada (5 registros procesados).
2026-05-11 05:00:42,853 - INFO - Iniciando carga en la base de datos crypto_data.db...
2026-05-11 05:00:42,857 - INFO - Carga exitosa. Datos persistidos.
2026-05-11 09:52:44,640 - INFO - Iniciando extracción (Intento 1/3)...
2026-05-11 09:52:44,782 - INFO - Extracción exitosa.
2026-05-11 09:52:44,783 - INFO - Iniciando transformación de datos...
2026-05-11 09:52:44,786 - INFO - Transformación completada (5 registros procesados).
2026-05-11 09:52:44,786 - INFO - Iniciando carga en la base de datos crypto_data.db...
2026-05-11 09:52:44,790 - INFO - Carga exitosa. Datos persistidos.
2026-05-11 12:42:26,817 - INFO - Iniciando extracción (Intento 1/3)...
2026-05-11 12:42:27,365 - INFO - Extracción exitosa.
2026-05-11 12:42:27,367 - INFO - Iniciando transformación de datos...
2026-05-11 12:42:27,370 - INFO - Transformación completada (5 registros procesados).
2026-05-11 12:42:27,370 - INFO - Iniciando carga en la base de datos crypto_data.db...
2026-05-11 12:42:27,375 - INFO - Carga exitosa. Datos persistidos.
2026-05-11 16:06:31,453 - INFO - Iniciando extracción (Intento 1/3)...
2026-05-11 16:06:31,645 - INFO - Extracción exitosa.
2026-05-11 16:06:31,646 - INFO - Iniciando transformación de datos...
2026-05-11 16:06:31,649 - INFO - Transformación completada (5 registros procesados).
2026-05-11 16:06:31,649 - INFO - Iniciando carga en la base de datos crypto_data.db...
2026-05-11 16:06:31,654 - INFO - Carga exitosa. Datos persistidos.
2026-05-11 19:01:04,312 - INFO - Iniciando extracción (Intento 1/3)...
2026-05-11 19:01:04,574 - INFO - Extracción exitosa.
2026-05-11 19:01:04,575 - INFO - Iniciando transformación de datos...
2026-05-11 19:01:04,578 - INFO - Transformación completada (5 registros procesados).
2026-05-11 19:01:04,579 - INFO - Iniciando carga en la base de datos crypto_data.db...
2026-05-11 19:01:04,583 - INFO - Carga exitosa. Datos persistidos.
2026-05-11 21:22:14,291 - INFO - Iniciando extracción (Intento 1/3)...
2026-05-11 21:22:14,388 - INFO - Extracción exitosa.
2026-05-11 21:22:14,390 - INFO - Iniciando transformación de datos...
2026-05-11 21:22:14,393 - INFO - Transformación completada (5 registros procesados).
2026-05-11 21:22:14,393 - INFO - Iniciando carga en la base de datos crypto_data.db...
2026-05-11 21:22:14,397 - INFO - Carga exitosa. Datos persistidos.
2026-05-11 23:00:20,440 - INFO - Iniciando extracción (Intento 1/3)...
2026-05-11 23:00:20,653 - INFO - Extracción exitosa.
2026-05-11 23:00:20,654 - INFO - Iniciando transformación de datos...
2026-05-11 23:00:20,657 - INFO - Transformación completada (5 registros procesados).
2026-05-11 23:00:20,657 - INFO - Iniciando carga en la base de datos crypto_data.db...
2026-05-11 23:00:20,661 - INFO - Carga exitosa. Datos persistidos.
2026-05-12 03:49:21,807 - INFO - Iniciando extracción (Intento 1/3)...
2026-05-12 03:49:22,059 - INFO - Extracción exitosa.
2026-05-12 03:49:22,060 - INFO - Iniciando transformación de datos...
2026-05-12 03:49:22,062 - INFO - Transformación completada (5 registros procesados).
2026-05-12 03:49:22,062 - INFO - Iniciando carga en la base de datos crypto_data.db...
2026-05-12 03:49:22,067 - INFO - Carga exitosa. Datos persistidos.
2026-05-12 06:41:13,537 - INFO - Iniciando extracción (Intento 1/3)...
2026-05-12 06:41:13,680 - INFO - Extracción exitosa.
2026-05-12 06:41:13,681 - INFO - Iniciando transformación de datos...
2026-05-12 06:41:13,684 - INFO - Transformación completada (5 registros procesados).
2026-05-12 06:41:13,684 - INFO - Iniciando carga en la base de datos crypto_data.db...
2026-05-12 06:41:13,688 - INFO - Carga exitosa. Datos persistidos.
2026-05-12 09:44:20,235 - INFO - Iniciando extracción (Intento 1/3)...
2026-05-12 09:44:20,372 - INFO - Extracción exitosa.
2026-05-12 09:44:20,373 - INFO - Iniciando transformación de datos...
2026-05-12 09:44:20,376 - INFO - Transformación completada (5 registros procesados).
2026-05-12 09:44:20,376 - INFO - Iniciando carga en la base de datos crypto_data.db...
2026-05-12 09:44:20,382 - INFO - Carga exitosa. Datos persistidos.
2026-05-12 12:00:50,861 - INFO - Iniciando extracción (Intento 1/3)...
2026-05-12 12:00:50,995 - INFO - Extracción exitosa.
2026-05-12 12:00:50,996 - INFO - Iniciando transformación de datos...
2026-05-12 12:00:50,999 - INFO - Transformación completada (5 registros procesados).
2026-05-12 12:00:50,999 - INFO - Iniciando carga en la base de datos crypto_data.db...
2026-05-12 12:00:51,003 - INFO - Carga exitosa. Datos persistidos.
2026-05-12 15:41:33,499 - INFO - Iniciando extracción (Intento 1/3)...
2026-05-12 15:41:33,598 - INFO - Extracción exitosa.
2026-05-12 15:41:33,599 - INFO - Iniciando transformación de datos...
2026-05-12 15:41:33,602 - INFO - Transformación completada (5 registros procesados).
2026-05-12 15:41:33,603 - INFO - Iniciando carga en la base de datos crypto_data.db...
2026-05-12 15:41:33,608 - INFO - Carga exitosa. Datos persistidos.
2026-05-12 18:05:00,988 - INFO - Iniciando extracción (Intento 1/3)...
2026-05-12 18:05:01,158 - INFO - Extracción exitosa.
2026-05-12 18:05:01,159 - INFO - Iniciando transformación de datos...
2026-05-12 18:05:01,162 - INFO - Transformación completada (5 registros procesados).
2026-05-12 18:05:01,162 - INFO - Iniciando carga en la base de datos crypto_data.db...
2026-05-12 18:05:01,169 - INFO - Carga exitosa. Datos persistidos.
2026-05-12 20:43:15,603 - INFO - Iniciando extracción (Intento 1/3)...
2026-05-12 20:43:15,817 - INFO - Extracción exitosa.
2026-05-12 20:43:15,818 - INFO - Iniciando transformación de datos...
2026-05-12 20:43:15,821 - INFO - Transformación completada (5 registros procesados).
2026-05-12 20:43:15,822 - INFO - Iniciando carga en la base de datos crypto_data.db...
2026-05-12 20:43:15,825 - INFO - Carga exitosa. Datos persistidos.
2026-05-12 22:16:18,382 - INFO - Iniciando extracción (Intento 1/3)...
2026-05-12 22:16:18,519 - INFO - Extracción exitosa.
2026-05-12 22:16:18,520 - INFO - Iniciando transformación de datos...
2026-05-12 22:16:18,523 - INFO - Transformación completada (5 registros procesados).
2026-05-12 22:16:18,523 - INFO - Iniciando carga en la base de datos crypto_data.db...
2026-05-12 22:16:18,527 - INFO - Carga exitosa. Datos persistidos.
2026-05-13 00:06:03,468 - INFO - Iniciando extracción (Intento 1/3)...
2026-05-13 00:06:03,620 - INFO - Extracción exitosa.
2026-05-13 00:06:03,621 - INFO - Iniciando transformación de datos...
2026-05-13 00:06:03,624 - INFO - Transformación completada (5 registros procesados).
2026-05-13 00:06:03,624 - INFO - Iniciando carga en la base de datos crypto_data.db...
2026-05-13 00:06:03,630 - INFO - Carga exitosa. Datos persistidos.
2026-05-13 04:51:58,918 - INFO - Iniciando extracción (Intento 1/3)...
2026-05-13 04:51:59,052 - INFO - Extracción exitosa.
2026-05-13 04:51:59,053 - INFO - Iniciando transformación de datos...
2026-05-13 04:51:59,055 - INFO - Transformación completada (5 registros procesados).
2026-05-13 04:51:59,055 - INFO - Iniciando carga en la base de datos crypto_data.db...
2026-05-13 04:51:59,060 - INFO - Carga exitosa. Datos persistidos.
2026-05-13 07:53:44,039 - INFO - Iniciando extracción (Intento 1/3)...
2026-05-13 07:53:44,239 - INFO - Extracción exitosa.
2026-05-13 07:53:44,240 - INFO - Iniciando transformación de datos...
2026-05-13 07:53:44,243 - INFO - Transformación completada (5 registros procesados).
2026-05-13 07:53:44,243 - INFO - Iniciando carga en la base de datos crypto_data.db...
2026-05-13 07:53:44,247 - INFO - Carga exitosa. Datos persistidos.
2026-05-13 10:35:33,851 - INFO - Iniciando extracción (Intento 1/3)...
2026-05-13 10:35:34,042 - INFO - Extracción exitosa.
2026-05-13 10:35:34,043 - INFO - Iniciando transformación de datos...
2026-05-13 10:35:34,046 - INFO - Transformación completada (5 registros procesados).
2026-05-13 10:35:34,046 - INFO - Iniciando carga en la base de datos crypto_data.db...
2026-05-13 10:35:34,050 - INFO - Carga exitosa. Datos persistidos.
2026-05-13 13:20:29,156 - INFO - Iniciando extracción (Intento 1/3)...
2026-05-13 13:20:29,369 - INFO - Extracción exitosa.
2026-05-13 13:20:29,370 - INFO - Iniciando transformación de datos...
2026-05-13 13:20:29,374 - INFO - Transformación completada (5 registros procesados).
2026-05-13 13:20:29,374 - INFO - Iniciando carga en la base de datos crypto_data.db...
2026-05-13 13:20:29,379 - INFO - Carga exitosa. Datos persistidos.
2026-05-13 16:25:18,812 - INFO - Iniciando extracción (Intento 1/3)...
2026-05-13 16:25:19,004 - INFO - Extracción exitosa.
2026-05-13 16:25:19,005 - INFO - Iniciando transformación de datos...
2026-05-13 16:25:19,008 - INFO - Transformación completada (5 registros procesados).
2026-05-13 16:25:19,008 - INFO - Iniciando carga en la base de datos crypto_data.db...
2026-05-13 16:25:19,013 - INFO - Carga exitosa. Datos persistidos.
2026-05-13 18:59:57,918 - INFO - Iniciando extracción (Intento 1/3)...
2026-05-13 18:59:58,073 - INFO - Extracción exitosa.
2026-05-13 18:59:58,075 - INFO - Iniciando transformación de datos...
2026-05-13 18:59:58,078 - INFO - Transformación completada (5 registros procesados).
2026-05-13 18:59:58,078 - INFO - Iniciando carga en la base de datos crypto_data.db...
2026-05-13 18:59:58,082 - INFO - Carga exitosa. Datos persistidos.
2026-05-13 20:52:37,722 - INFO - Iniciando extracción (Intento 1/3)...
2026-05-13 20:52:37,860 - INFO - Extracción exitosa.
2026-05-13 20:52:37,861 - INFO - Iniciando transformación de datos...
2026-05-13 20:52:37,865 - INFO - Transformación completada (5 registros procesados).
2026-05-13 20:52:37,865 - INFO - Iniciando carga en la base de datos crypto_data.db...
2026-05-13 20:52:37,869 - INFO - Carga exitosa. Datos persistidos.
2026-05-13 22:19:15,264 - INFO - Iniciando extracción (Intento 1/3)...
2026-05-13 22:19:15,394 - INFO - Extracción exitosa.
2026-05-13 22:19:15,395 - INFO - Iniciando transformación de datos...
2026-05-13 22:19:15,398 - INFO - Transformación completada (5 registros procesados).
2026-05-13 22:19:15,398 - INFO - Iniciando carga en la base de datos crypto_data.db...
2026-05-13 22:19:15,783 - INFO - Carga exitosa. Datos persistidos.
2026-05-14 00:08:11,006 - INFO - Iniciando extracción (Intento 1/3)...
2026-05-14 00:08:11,192 - INFO - Extracción exitosa.
2026-05-14 00:08:11,193 - INFO - Iniciando transformación de datos...
2026-05-14 00:08:11,196 - INFO - Transformación completada (5 registros procesados).
2026-05-14 00:08:11,196 - INFO - Iniciando carga en la base de datos crypto_data.db...
2026-05-14 00:08:11,200 - INFO - Carga exitosa. Datos persistidos.
2026-05-14 04:51:08,756 - INFO - Iniciando extracción (Intento 1/3)...
2026-05-14 04:51:08,854 - INFO - Extracción exitosa.
2026-05-14 04:51:08,855 - INFO - Iniciando transformación de datos...
2026-05-14 04:51:08,858 - INFO - Transformación completada (5 registros procesados).
2026-05-14 04:51:08,858 - INFO - Iniciando carga en la base de datos crypto_data.db...
2026-05-14 04:51:08,863 - INFO - Carga exitosa. Datos persistidos.
2026-05-14 07:47:38,702 - INFO - Iniciando extracción (Intento 1/3)...
2026-05-14 07:47:38,860 - INFO - Extracción exitosa.
2026-05-14 07:47:38,861 - INFO - Iniciando transformación de datos...
2026-05-14 07:47:38,864 - INFO - Transformación completada (5 registros procesados).
2026-05-14 07:47:38,864 - INFO - Iniciando carga en la base de datos crypto_data.db...
2026-05-14 07:47:38,869 - INFO - Carga exitosa. Datos persistidos.
2026-05-14 10:25:56,490 - INFO - Iniciando extracción (Intento 1/3)...
2026-05-14 10:25:56,581 - INFO - Extracción exitosa.
2026-05-14 10:25:56,582 - INFO - Iniciando transformación de datos...
2026-05-14 10:25:56,587 - INFO - Transformación completada (5 registros procesados).
2026-05-14 10:25:56,587 - INFO - Iniciando carga en la base de datos crypto_data.db...
2026-05-14 10:25:56,592 - INFO - Carga exitosa. Datos persistidos.
2026-05-14 12:56:52,286 - INFO - Iniciando extracción (Intento 1/3)...
2026-05-14 12:56:52,497 - INFO - Extracción exitosa.
2026-05-14 12:56:52,498 - INFO - Iniciando transformación de datos...
2026-05-14 12:56:52,501 - INFO - Transformación completada (5 registros procesados).
2026-05-14 12:56:52,501 - INFO - Iniciando carga en la base de datos crypto_data.db...
2026-05-14 12:56:52,505 - INFO - Carga exitosa. Datos persistidos.
2026-05-14 15:25:39,388 - INFO - Iniciando extracción (Intento 1/3)...
2026-05-14 15:25:39,575 - INFO - Extracción exitosa.
2026-05-14 15:25:39,576 - INFO - Iniciando transformación de datos...
2026-05-14 15:25:39,579 - INFO - Transformación completada (5 registros procesados).
2026-05-14 15:25:39,579 - INFO - Iniciando carga en la base de datos crypto_data.db...
2026-05-14 15:25:39,584 - INFO - Carga exitosa. Datos persistidos.
2026-05-14 17:59:24,275 - INFO - Iniciando extracción (Intento 1/3)...
2026-05-14 17:59:24,498 - INFO - Extracción exitosa.
2026-05-14 17:59:24,499 - INFO - Iniciando transformación de datos...
2026-05-14 17:59:24,502 - INFO - Transformación completada (5 registros procesados).
2026-05-14 17:59:24,502 - INFO - Iniciando carga en la base de datos crypto_data.db...
2026-05-14 17:59:24,507 - INFO - Carga exitosa. Datos persistidos.
2026-05-14 19:58:42,011 - INFO - Iniciando extracción (Intento 1/3)...
2026-05-14 19:58:42,257 - INFO - Extracción exitosa.
2026-05-14 19:58:42,258 - INFO - Iniciando transformación de datos...
2026-05-14 19:58:42,262 - INFO - Transformación completada (5 registros procesados).
2026-05-14 19:58:42,262 - INFO - Iniciando carga en la base de datos crypto_data.db...
2026-05-14 19:58:42,267 - INFO - Carga exitosa. Datos persistidos.
2026-05-14 21:19:06,875 - INFO - Iniciando extracción (Intento 1/3)...
2026-05-14 21:19:07,227 - INFO - Extracción exitosa.
2026-05-14 21:19:07,229 - INFO - Iniciando transformación de datos...
2026-05-14 21:19:07,231 - INFO - Transformación completada (5 registros procesados).
2026-05-14 21:19:07,231 - INFO - Iniciando carga en la base de datos crypto_data.db...
2026-05-14 21:19:07,236 - INFO - Carga exitosa. Datos persistidos.
2026-05-14 23:02:40,514 - INFO - Iniciando extracción (Intento 1/3)...
2026-05-14 23:02:40,653 - INFO - Extracción exitosa.
2026-05-14 23:02:40,655 - INFO - Iniciando transformación de datos...
2026-05-14 23:02:40,658 - INFO - Transformación completada (5 registros procesados).
2026-05-14 23:02:40,658 - INFO - Iniciando carga en la base de datos crypto_data.db...
2026-05-14 23:02:40,663 - INFO - Carga exitosa. Datos persistidos.
2026-05-15 04:01:26,254 - INFO - Iniciando extracción (Intento 1/3)...
2026-05-15 04:01:26,429 - INFO - Extracción exitosa.
2026-05-15 04:01:26,430 - INFO - Iniciando transformación de datos...
2026-05-15 04:01:26,433 - INFO - Transformación completada (5 registros procesados).
2026-05-15 04:01:26,433 - INFO - Iniciando carga en la base de datos crypto_data.db...
2026-05-15 04:01:26,437 - INFO - Carga exitosa. Datos persistidos.
2026-05-15 10:34:19,440 - INFO - Iniciando extracción (Intento 1/3)...
2026-05-15 10:34:19,572 - INFO - Extracción exitosa.
2026-05-15 10:34:19,573 - INFO - Iniciando transformación de datos...
2026-05-15 10:34:19,577 - INFO - Transformación completada (5 registros procesados).
2026-05-15 10:34:19,577 - INFO - Iniciando carga en la base de datos crypto_data.db...
2026-05-15 10:34:19,582 - INFO - Carga exitosa. Datos persistidos.
2026-05-15 12:58:34,145 - INFO - Iniciando extracción (Intento 1/3)...
2026-05-15 12:58:34,358 - INFO - Extracción exitosa.
2026-05-15 12:58:34,359 - INFO - Iniciando transformación de datos...
2026-05-15 12:58:34,362 - INFO - Transformación completada (5 registros procesados).
2026-05-15 12:58:34,362 - INFO - Iniciando carga en la base de datos crypto_data.db...
2026-05-15 12:58:34,367 - INFO - Carga exitosa. Datos persistidos.
2026-05-15 15:24:35,799 - INFO - Iniciando extracción (Intento 1/3)...
2026-05-15 15:24:35,933 - INFO - Extracción exitosa.
2026-05-15 15:24:35,934 - INFO - Iniciando transformación de datos...
2026-05-15 15:24:35,937 - INFO - Transformación completada (5 registros procesados).
2026-05-15 15:24:35,937 - INFO - Iniciando carga en la base de datos crypto_data.db...
2026-05-15 15:24:35,942 - INFO - Carga exitosa. Datos persistidos.
2026-05-15 17:47:07,255 - INFO - Iniciando extracción (Intento 1/3)...
2026-05-15 17:47:07,615 - INFO - Extracción exitosa.
2026-05-15 17:47:07,616 - INFO - Iniciando transformación de datos...
2026-05-15 17:47:07,619 - INFO - Transformación completada (5 registros procesados).
2026-05-15 17:47:07,619 - INFO - Iniciando carga en la base de datos crypto_data.db...
2026-05-15 17:47:07,623 - INFO - Carga exitosa. Datos persistidos.
2026-05-15 19:46:46,925 - INFO - Iniciando extracción (Intento 1/3)...
2026-05-15 19:46:47,034 - INFO - Extracción exitosa.
2026-05-15 19:46:47,034 - INFO - Iniciando transformación de datos...
2026-05-15 19:46:47,037 - INFO - Transformación completada (5 registros procesados).
2026-05-15 19:46:47,037 - INFO - Iniciando carga en la base de datos crypto_data.db...
2026-05-15 19:46:47,042 - INFO - Carga exitosa. Datos persistidos.
2026-05-15 21:12:30,778 - INFO - Iniciando extracción (Intento 1/3)...
2026-05-15 21:12:30,917 - INFO - Extracción exitosa.
2026-05-15 21:12:30,918 - INFO - Iniciando transformación de datos...
2026-05-15 21:12:30,921 - INFO - Transformación completada (5 registros procesados).
2026-05-15 21:12:30,921 - INFO - Iniciando carga en la base de datos crypto_data.db...
2026-05-15 21:12:30,926 - INFO - Carga exitosa. Datos persistidos.
2026-05-15 23:01:00,608 - INFO - Iniciando extracción (Intento 1/3)...
2026-05-15 23:01:00,833 - INFO - Extracción exitosa.
2026-05-15 23:01:00,835 - INFO - Iniciando transformación de datos...
2026-05-15 23:01:00,838 - INFO - Transformación completada (5 registros procesados).
2026-05-15 23:01:00,838 - INFO - Iniciando carga en la base de datos crypto_data.db...
2026-05-15 23:01:00,842 - INFO - Carga exitosa. Datos persistidos.
2026-05-16 03:42:19,897 - INFO - Iniciando extracción (Intento 1/3)...
2026-05-16 03:42:20,156 - INFO - Extracción exitosa.
2026-05-16 03:42:20,157 - INFO - Iniciando transformación de datos...
2026-05-16 03:42:20,160 - INFO - Transformación completada (5 registros procesados).
2026-05-16 03:42:20,160 - INFO - Iniciando carga en la base de datos crypto_data.db...
2026-05-16 03:42:20,166 - INFO - Carga exitosa. Datos persistidos.
2026-05-16 06:26:28,395 - INFO - Iniciando extracción (Intento 1/3)...
2026-05-16 06:26:28,608 - INFO - Extracción exitosa.
2026-05-16 06:26:28,609 - INFO - Iniciando transformación de datos...
2026-05-16 06:26:28,612 - INFO - Transformación completada (5 registros procesados).
2026-05-16 06:26:28,612 - INFO - Iniciando carga en la base de datos crypto_data.db...
2026-05-16 06:26:28,617 - INFO - Carga exitosa. Datos persistidos.
2026-05-16 08:51:47,461 - INFO - Iniciando extracción (Intento 1/3)...
2026-05-16 08:51:47,687 - INFO - Extracción exitosa.
2026-05-16 08:51:47,688 - INFO - Iniciando transformación de datos...
2026-05-16 08:51:47,691 - INFO - Transformación completada (5 registros procesados).
2026-05-16 08:51:47,691 - INFO - Iniciando carga en la base de datos crypto_data.db...
2026-05-16 08:51:47,695 - INFO - Carga exitosa. Datos persistidos.
2026-05-16 10:20:39,633 - INFO - Iniciando extracción (Intento 1/3)...
2026-05-16 10:20:39,960 - INFO - Extracción exitosa.
2026-05-16 10:20:39,961 - INFO - Iniciando transformación de datos...
2026-05-16 10:20:39,964 - INFO - Transformación completada (5 registros procesados).
2026-05-16 10:20:39,964 - INFO - Iniciando carga en la base de datos crypto_data.db...
2026-05-16 10:20:39,969 - INFO - Carga exitosa. Datos persistidos.
2026-05-16 11:56:02,944 - INFO - Iniciando extracción (Intento 1/3)...
2026-05-16 11:56:03,058 - INFO - Extracción exitosa.
2026-05-16 11:56:03,060 - INFO - Iniciando transformación de datos...
2026-05-16 11:56:03,064 - INFO - Transformación completada (5 registros procesados).
2026-05-16 11:56:03,064 - INFO - Iniciando carga en la base de datos crypto_data.db...
2026-05-16 11:56:03,070 - INFO - Carga exitosa. Datos persistidos.
2026-05-16 13:49:50,464 - INFO - Iniciando extracción (Intento 1/3)...
2026-05-16 13:49:50,594 - INFO - Extracción exitosa.
2026-05-16 13:49:50,596 - INFO - Iniciando transformación de datos...
2026-05-16 13:49:50,599 - INFO - Transformación completada (5 registros procesados).
2026-05-16 13:49:50,599 - INFO - Iniciando carga en la base de datos crypto_data.db...
2026-05-16 13:49:50,604 - INFO - Carga exitosa. Datos persistidos.
2026-05-16 15:02:16,900 - INFO - Iniciando extracción (Intento 1/3)...
2026-05-16 15:02:17,143 - INFO - Extracción exitosa.
2026-05-16 15:02:17,144 - INFO - Iniciando transformación de datos...
2026-05-16 15:02:17,147 - INFO - Transformación completada (5 registros procesados).
2026-05-16 15:02:17,147 - INFO - Iniciando carga en la base de datos crypto_data.db...
2026-05-16 15:02:17,152 - INFO - Carga exitosa. Datos persistidos.
2026-05-16 17:05:05,631 - INFO - Iniciando extracción (Intento 1/3)...
2026-05-16 17:05:05,717 - INFO - Extracción exitosa.
2026-05-16 17:05:05,718 - INFO - Iniciando transformación de datos...
2026-05-16 17:05:05,721 - INFO - Transformación completada (5 registros procesados).
2026-05-16 17:05:05,721 - INFO - Iniciando carga en la base de datos crypto_data.db...
2026-05-16 17:05:05,726 - INFO - Carga exitosa. Datos persistidos.
2026-05-16 19:14:26,586 - INFO - Iniciando extracción (Intento 1/3)...
2026-05-16 19:14:26,736 - INFO - Extracción exitosa.
2026-05-16 19:14:26,737 - INFO - Iniciando transformación de datos...
2026-05-16 19:14:26,740 - INFO - Transformación completada (5 registros procesados).
2026-05-16 19:14:26,740 - INFO - Iniciando carga en la base de datos crypto_data.db...
2026-05-16 19:14:26,745 - INFO - Carga exitosa. Datos persistidos.
2026-05-16 20:57:11,238 - INFO - Iniciando extracción (Intento 1/3)...
2026-05-16 20:57:11,400 - INFO - Extracción exitosa.
2026-05-16 20:57:11,401 - INFO - Iniciando transformación de datos...
2026-05-16 20:57:11,404 - INFO - Transformación completada (5 registros procesados).
2026-05-16 20:57:11,404 - INFO - Iniciando carga en la base de datos crypto_data.db...
2026-05-16 20:57:11,408 - INFO - Carga exitosa. Datos persistidos.
2026-05-16 21:57:07,197 - INFO - Iniciando extracción (Intento 1/3)...
2026-05-16 21:57:07,349 - INFO - Extracción exitosa.
2026-05-16 21:57:07,350 - INFO - Iniciando transformación de datos...
2026-05-16 21:57:07,354 - INFO - Transformación completada (5 registros procesados).
2026-05-16 21:57:07,354 - INFO - Iniciando carga en la base de datos crypto_data.db...
2026-05-16 21:57:07,358 - INFO - Carga exitosa. Datos persistidos.
2026-05-16 22:57:39,060 - INFO - Iniciando extracción (Intento 1/3)...
2026-05-16 22:57:39,207 - INFO - Extracción exitosa.
2026-05-16 22:57:39,209 - INFO - Iniciando transformación de datos...
2026-05-16 22:57:39,212 - INFO - Transformación completada (5 registros procesados).
2026-05-16 22:57:39,212 - INFO - Iniciando carga en la base de datos crypto_data.db...
2026-05-16 22:57:39,218 - INFO - Carga exitosa. Datos persistidos.
2026-05-17 00:00:54,329 - INFO - Iniciando extracción (Intento 1/3)...
2026-05-17 00:00:54,449 - INFO - Extracción exitosa.
2026-05-17 00:00:54,450 - INFO - Iniciando transformación de datos...
2026-05-17 00:00:54,453 - INFO - Transformación completada (5 registros procesados).
2026-05-17 00:00:54,453 - INFO - Iniciando carga en la base de datos crypto_data.db...
2026-05-17 00:00:54,457 - INFO - Carga exitosa. Datos persistidos.
2026-05-17 04:55:27,703 - INFO - Iniciando extracción (Intento 1/3)...
2026-05-17 04:55:27,824 - INFO - Extracción exitosa.
2026-05-17 04:55:27,825 - INFO - Iniciando transformación de datos...
2026-05-17 04:55:27,828 - INFO - Transformación completada (5 registros procesados).
2026-05-17 04:55:27,828 - INFO - Iniciando carga en la base de datos crypto_data.db...
2026-05-17 04:55:27,832 - INFO - Carga exitosa. Datos persistidos.
2026-05-17 07:36:33,413 - INFO - Iniciando extracción (Intento 1/3)...
2026-05-17 07:36:33,550 - INFO - Extracción exitosa.
2026-05-17 07:36:33,551 - INFO - Iniciando transformación de datos...
2026-05-17 07:36:33,553 - INFO - Transformación completada (5 registros procesados).
2026-05-17 07:36:33,553 - INFO - Iniciando carga en la base de datos crypto_data.db...
2026-05-17 07:36:33,559 - INFO - Carga exitosa. Datos persistidos.
2026-05-17 09:53:19,263 - INFO - Iniciando extracción (Intento 1/3)...
2026-05-17 09:53:19,475 - INFO - Extracción exitosa.
2026-05-17 09:53:19,476 - INFO - Iniciando transformación de datos...
2026-05-17 09:53:19,479 - INFO - Transformación completada (5 registros procesados).
2026-05-17 09:53:19,479 - INFO - Iniciando carga en la base de datos crypto_data.db...
2026-05-17 09:53:19,483 - INFO - Carga exitosa. Datos persistidos.
2026-05-17 11:14:41,069 - INFO - Iniciando extracción (Intento 1/3)...
2026-05-17 11:14:41,221 - INFO - Extracción exitosa.
2026-05-17 11:14:41,222 - INFO - Iniciando transformación de datos...
2026-05-17 11:14:41,225 - INFO - Transformación completada (5 registros procesados).
2026-05-17 11:14:41,225 - INFO - Iniciando carga en la base de datos crypto_data.db...
2026-05-17 11:14:41,230 - INFO - Carga exitosa. Datos persistidos.
2026-05-17 13:45:17,621 - INFO - Iniciando extracción (Intento 1/3)...
2026-05-17 13:45:17,736 - INFO - Extracción exitosa.
2026-05-17 13:45:17,737 - INFO - Iniciando transformación de datos...
2026-05-17 13:45:17,740 - INFO - Transformación completada (5 registros procesados).
2026-05-17 13:45:17,740 - INFO - Iniciando carga en la base de datos crypto_data.db...
2026-05-17 13:45:17,744 - INFO - Carga exitosa. Datos persistidos.
2026-05-17 15:02:28,109 - INFO - Iniciando extracción (Intento 1/3)...
2026-05-17 15:02:28,219 - INFO - Extracción exitosa.
2026-05-17 15:02:28,220 - INFO - Iniciando transformación de datos...
2026-05-17 15:02:28,223 - INFO - Transformación completada (5 registros procesados).
2026-05-17 15:02:28,223 - INFO - Iniciando carga en la base de datos crypto_data.db...
2026-05-17 15:02:28,228 - INFO - Carga exitosa. Datos persistidos.
2026-05-17 17:04:36,652 - INFO - Iniciando extracción (Intento 1/3)...
2026-05-17 17:04:36,770 - INFO - Extracción exitosa.
2026-05-17 17:04:36,772 - INFO - Iniciando transformación de datos...
2026-05-17 17:04:36,774 - INFO - Transformación completada (5 registros procesados).
2026-05-17 17:04:36,774 - INFO - Iniciando carga en la base de datos crypto_data.db...
2026-05-17 17:04:36,779 - INFO - Carga exitosa. Datos persistidos.
2026-05-17 19:17:58,603 - INFO - Iniciando extracción (Intento 1/3)...
2026-05-17 19:17:58,745 - INFO - Extracción exitosa.
2026-05-17 19:17:58,747 - INFO - Iniciando transformación de datos...
2026-05-17 19:17:58,749 - INFO - Transformación completada (5 registros procesados).
2026-05-17 19:17:58,750 - INFO - Iniciando carga en la base de datos crypto_data.db...
2026-05-17 19:17:58,754 - INFO - Carga exitosa. Datos persistidos.
2026-05-17 21:01:12,330 - INFO - Iniciando extracción (Intento 1/3)...
2026-05-17 21:01:12,464 - INFO - Extracción exitosa.
2026-05-17 21:01:12,466 - INFO - Iniciando transformación de datos...
2026-05-17 21:01:12,468 - INFO - Transformación completada (5 registros procesados).
2026-05-17 21:01:12,469 - INFO - Iniciando carga en la base de datos crypto_data.db...
2026-05-17 21:01:12,473 - INFO - Carga exitosa. Datos persistidos.
2026-05-17 22:57:44,813 - INFO - Iniciando extracción (Intento 1/3)...
2026-05-17 22:57:44,961 - INFO - Extracción exitosa.
2026-05-17 22:57:44,962 - INFO - Iniciando transformación de datos...
2026-05-17 22:57:44,965 - INFO - Transformación completada (5 registros procesados).
2026-05-17 22:57:44,965 - INFO - Iniciando carga en la base de datos crypto_data.db...
2026-05-17 22:57:44,970 - INFO - Carga exitosa. Datos persistidos.
2026-05-18 00:04:11,645 - INFO - Iniciando extracción (Intento 1/3)...
2026-05-18 00:04:11,774 - INFO - Extracción exitosa.
2026-05-18 00:04:11,775 - INFO - Iniciando transformación de datos...
2026-05-18 00:04:11,778 - INFO - Transformación completada (5 registros procesados).
2026-05-18 00:04:11,778 - INFO - Iniciando carga en la base de datos crypto_data.db...
2026-05-18 00:04:11,782 - INFO - Carga exitosa. Datos persistidos.
2026-05-18 05:10:40,516 - INFO - Iniciando extracción (Intento 1/3)...
2026-05-18 05:10:40,654 - INFO - Extracción exitosa.
2026-05-18 05:10:40,655 - INFO - Iniciando transformación de datos...
2026-05-18 05:10:40,658 - INFO - Transformación completada (5 registros procesados).
2026-05-18 05:10:40,658 - INFO - Iniciando carga en la base de datos crypto_data.db...
2026-05-18 05:10:40,663 - INFO - Carga exitosa. Datos persistidos.
2026-05-18 10:17:22,494 - INFO - Iniciando extracción (Intento 1/3)...
2026-05-18 10:17:22,628 - INFO - Extracción exitosa.
2026-05-18 10:17:22,629 - INFO - Iniciando transformación de datos...
2026-05-18 10:17:22,633 - INFO - Transformación completada (5 registros procesados).
2026-05-18 10:17:22,633 - INFO - Iniciando carga en la base de datos crypto_data.db...
2026-05-18 10:17:22,638 - INFO - Carga exitosa. Datos persistidos.
2026-05-18 14:34:58,819 - INFO - Iniciando extracción (Intento 1/3)...
2026-05-18 14:34:59,054 - INFO - Extracción exitosa.
2026-05-18 14:34:59,056 - INFO - Iniciando transformación de datos...
2026-05-18 14:34:59,059 - INFO - Transformación completada (5 registros procesados).
2026-05-18 14:34:59,059 - INFO - Iniciando carga en la base de datos crypto_data.db...
2026-05-18 14:34:59,063 - INFO - Carga exitosa. Datos persistidos.
2026-05-18 17:32:30,566 - INFO - Iniciando extracción (Intento 1/3)...
2026-05-18 17:32:30,805 - INFO - Extracción exitosa.
2026-05-18 17:32:30,806 - INFO - Iniciando transformación de datos...
2026-05-18 17:32:30,809 - INFO - Transformación completada (5 registros procesados).
2026-05-18 17:32:30,809 - INFO - Iniciando carga en la base de datos crypto_data.db...
2026-05-18 17:32:30,813 - INFO - Carga exitosa. Datos persistidos.
2026-05-18 19:52:33,993 - INFO - Iniciando extracción (Intento 1/3)...
2026-05-18 19:52:34,210 - INFO - Extracción exitosa.
2026-05-18 19:52:34,212 - INFO - Iniciando transformación de datos...
2026-05-18 19:52:34,215 - INFO - Transformación completada (5 registros procesados).
2026-05-18 19:52:34,215 - INFO - Iniciando carga en la base de datos crypto_data.db...
2026-05-18 19:52:34,220 - INFO - Carga exitosa. Datos persistidos.
2026-05-18 21:18:18,270 - INFO - Iniciando extracción (Intento 1/3)...
2026-05-18 21:18:18,406 - INFO - Extracción exitosa.
2026-05-18 21:18:18,407 - INFO - Iniciando transformación de datos...
2026-05-18 21:18:18,410 - INFO - Transformación completada (5 registros procesados).
2026-05-18 21:18:18,410 - INFO - Iniciando carga en la base de datos crypto_data.db...
2026-05-18 21:18:18,415 - INFO - Carga exitosa. Datos persistidos.
2026-05-18 23:10:25,757 - INFO - Iniciando extracción (Intento 1/3)...
2026-05-18 23:10:25,908 - INFO - Extracción exitosa.
2026-05-18 23:10:25,909 - INFO - Iniciando transformación de datos...
2026-05-18 23:10:25,912 - INFO - Transformación completada (5 registros procesados).
2026-05-18 23:10:25,912 - INFO - Iniciando carga en la base de datos crypto_data.db...
2026-05-18 23:10:25,917 - INFO - Carga exitosa. Datos persistidos.
2026-05-19 04:08:53,451 - INFO - Iniciando extracción (Intento 1/3)...
2026-05-19 04:08:53,588 - INFO - Extracción exitosa.
2026-05-19 04:08:53,589 - INFO - Iniciando transformación de datos...
2026-05-19 04:08:53,594 - INFO - Transformación completada (5 registros procesados).
2026-05-19 04:08:53,594 - INFO - Iniciando carga en la base de datos crypto_data.db...
2026-05-19 04:08:53,599 - INFO - Carga exitosa. Datos persistidos.
2026-05-19 08:32:23,928 - INFO - Iniciando extracción (Intento 1/3)...
2026-05-19 08:32:24,084 - INFO - Extracción exitosa.
2026-05-19 08:32:24,085 - INFO - Iniciando transformación de datos...
2026-05-19 08:32:24,087 - INFO - Transformación completada (5 registros procesados).
2026-05-19 08:32:24,087 - INFO - Iniciando carga en la base de datos crypto_data.db...
2026-05-19 08:32:24,126 - INFO - Carga exitosa. Datos persistidos.
2026-05-19 12:15:28,471 - INFO - Iniciando extracción (Intento 1/3)...
2026-05-19 12:15:28,677 - INFO - Extracción exitosa.
2026-05-19 12:15:28,679 - INFO - Iniciando transformación de datos...
2026-05-19 12:15:28,682 - INFO - Transformación completada (5 registros procesados).
2026-05-19 12:15:28,682 - INFO - Iniciando carga en la base de datos crypto_data.db...
2026-05-19 12:15:28,688 - INFO - Carga exitosa. Datos persistidos.
2026-05-19 16:26:37,935 - INFO - Iniciando extracción (Intento 1/3)...
2026-05-19 16:26:38,045 - INFO - Extracción exitosa.
2026-05-19 16:26:38,046 - INFO - Iniciando transformación de datos...
2026-05-19 16:26:38,049 - INFO - Transformación completada (5 registros procesados).
2026-05-19 16:26:38,049 - INFO - Iniciando carga en la base de datos crypto_data.db...
2026-05-19 16:26:38,053 - INFO - Carga exitosa. Datos persistidos.
2026-05-19 19:06:16,004 - INFO - Iniciando extracción (Intento 1/3)...
2026-05-19 19:06:16,122 - INFO - Extracción exitosa.
2026-05-19 19:06:16,124 - INFO - Iniciando transformación de datos...
2026-05-19 19:06:16,127 - INFO - Transformación completada (5 registros procesados).
2026-05-19 19:06:16,127 - INFO - Iniciando carga en la base de datos crypto_data.db...
2026-05-19 19:06:16,132 - INFO - Carga exitosa. Datos persistidos.
2026-05-19 21:25:20,953 - INFO - Iniciando extracción (Intento 1/3)...
2026-05-19 21:25:21,093 - INFO - Extracción exitosa.
2026-05-19 21:25:21,094 - INFO - Iniciando transformación de datos...
2026-05-19 21:25:21,097 - INFO - Transformación completada (5 registros procesados).
2026-05-19 21:25:21,097 - INFO - Iniciando carga en la base de datos crypto_data.db...
2026-05-19 21:25:21,102 - INFO - Carga exitosa. Datos persistidos.
2026-05-19 23:10:24,223 - INFO - Iniciando extracción (Intento 1/3)...
2026-05-19 23:10:24,445 - INFO - Extracción exitosa.
2026-05-19 23:10:24,446 - INFO - Iniciando transformación de datos...
2026-05-19 23:10:24,449 - INFO - Transformación completada (5 registros procesados).
2026-05-19 23:10:24,449 - INFO - Iniciando carga en la base de datos crypto_data.db...
2026-05-19 23:10:24,454 - INFO - Carga exitosa. Datos persistidos.
2026-05-20 04:09:52,262 - INFO - Iniciando extracción (Intento 1/3)...
2026-05-20 04:09:52,553 - INFO - Extracción exitosa.
2026-05-20 04:09:52,554 - INFO - Iniciando transformación de datos...
2026-05-20 04:09:52,557 - INFO - Transformación completada (5 registros procesados).
2026-05-20 04:09:52,557 - INFO - Iniciando carga en la base de datos crypto_data.db...
2026-05-20 04:09:52,563 - INFO - Carga exitosa. Datos persistidos.
2026-05-20 08:30:28,309 - INFO - Iniciando extracción (Intento 1/3)...
2026-05-20 08:30:28,378 - INFO - Extracción exitosa.
2026-05-20 08:30:28,379 - INFO - Iniciando transformación de datos...
2026-05-20 08:30:28,382 - INFO - Transformación completada (5 registros procesados).
2026-05-20 08:30:28,382 - INFO - Iniciando carga en la base de datos crypto_data.db...
2026-05-20 08:30:28,386 - INFO - Carga exitosa. Datos persistidos.
2026-05-20 11:52:20,476 - INFO - Iniciando extracción (Intento 1/3)...
2026-05-20 11:52:20,574 - INFO - Extracción exitosa.
2026-05-20 11:52:20,575 - INFO - Iniciando transformación de datos...
2026-05-20 11:52:20,578 - INFO - Transformación completada (5 registros procesados).
2026-05-20 11:52:20,579 - INFO - Iniciando carga en la base de datos crypto_data.db...
2026-05-20 11:52:20,584 - INFO - Carga exitosa. Datos persistidos.
2026-05-20 15:39:12,766 - INFO - Iniciando extracción (Intento 1/3)...
2026-05-20 15:39:13,065 - INFO - Extracción exitosa.
2026-05-20 15:39:13,066 - INFO - Iniciando transformación de datos...
2026-05-20 15:39:13,069 - INFO - Transformación completada (5 registros procesados).
2026-05-20 15:39:13,069 - INFO - Iniciando carga en la base de datos crypto_data.db...
2026-05-20 15:39:13,076 - INFO - Carga exitosa. Datos persistidos.
2026-05-20 18:24:02,435 - INFO - Iniciando extracción (Intento 1/3)...
2026-05-20 18:24:02,613 - INFO - Extracción exitosa.
2026-05-20 18:24:02,614 - INFO - Iniciando transformación de datos...
2026-05-20 18:24:02,617 - INFO - Transformación completada (5 registros procesados).
2026-05-20 18:24:02,617 - INFO - Iniciando carga en la base de datos crypto_data.db...
2026-05-20 18:24:02,622 - INFO - Carga exitosa. Datos persistidos.
2026-05-20 21:01:47,420 - INFO - Iniciando extracción (Intento 1/3)...
2026-05-20 21:01:47,546 - INFO - Extracción exitosa.
2026-05-20 21:01:47,547 - INFO - Iniciando transformación de datos...
2026-05-20 21:01:47,551 - INFO - Transformación completada (5 registros procesados).
2026-05-20 21:01:47,551 - INFO - Iniciando carga en la base de datos crypto_data.db...
2026-05-20 21:01:47,556 - INFO - Carga exitosa. Datos persistidos.
2026-05-20 23:18:36,671 - INFO - Iniciando extracción (Intento 1/3)...
2026-05-20 23:18:36,864 - INFO - Extracción exitosa.
2026-05-20 23:18:36,866 - INFO - Iniciando transformación de datos...
2026-05-20 23:18:36,869 - INFO - Transformación completada (5 registros procesados).
2026-05-20 23:18:36,869 - INFO - Iniciando carga en la base de datos crypto_data.db...
2026-05-20 23:18:36,876 - INFO - Carga exitosa. Datos persistidos.
2026-05-21 04:18:24,801 - INFO - Iniciando extracción (Intento 1/3)...
2026-05-21 04:18:24,966 - INFO - Extracción exitosa.
2026-05-21 04:18:24,967 - INFO - Iniciando transformación de datos...
2026-05-21 04:18:24,970 - INFO - Transformación completada (5 registros procesados).
2026-05-21 04:18:24,970 - INFO - Iniciando carga en la base de datos crypto_data.db...
2026-05-21 04:18:24,975 - INFO - Carga exitosa. Datos persistidos.
2026-05-21 08:37:47,982 - INFO - Iniciando extracción (Intento 1/3)...
2026-05-21 08:37:48,306 - INFO - Extracción exitosa.
2026-05-21 08:37:48,307 - INFO - Iniciando transformación de datos...
2026-05-21 08:37:48,310 - INFO - Transformación completada (5 registros procesados).
2026-05-21 08:37:48,310 - INFO - Iniciando carga en la base de datos crypto_data.db...
2026-05-21 08:37:48,314 - INFO - Carga exitosa. Datos persistidos.
2026-05-21 12:20:43,580 - INFO - Iniciando extracción (Intento 1/3)...
2026-05-21 12:20:43,791 - INFO - Extracción exitosa.
2026-05-21 12:20:43,793 - INFO - Iniciando transformación de datos...
2026-05-21 12:20:43,796 - INFO - Transformación completada (5 registros procesados).
2026-05-21 12:20:43,796 - INFO - Iniciando carga en la base de datos crypto_data.db...
2026-05-21 12:20:43,800 - INFO - Carga exitosa. Datos persistidos.
2026-05-21 16:22:33,537 - INFO - Iniciando extracción (Intento 1/3)...
2026-05-21 16:22:33,860 - INFO - Extracción exitosa.
2026-05-21 16:22:33,862 - INFO - Iniciando transformación de datos...
2026-05-21 16:22:33,864 - INFO - Transformación completada (5 registros procesados).
2026-05-21 16:22:33,865 - INFO - Iniciando carga en la base de datos crypto_data.db...
2026-05-21 16:22:33,869 - INFO - Carga exitosa. Datos persistidos.
2026-05-21 19:02:27,870 - INFO - Iniciando extracción (Intento 1/3)...
2026-05-21 19:02:28,028 - INFO - Extracción exitosa.
2026-05-21 19:02:28,029 - INFO - Iniciando transformación de datos...
2026-05-21 19:02:28,032 - INFO - Transformación completada (5 registros procesados).
2026-05-21 19:02:28,032 - INFO - Iniciando carga en la base de datos crypto_data.db...
2026-05-21 19:02:28,037 - INFO - Carga exitosa. Datos persistidos.
2026-05-21 21:41:17,773 - INFO - Iniciando extracción (Intento 1/3)...
2026-05-21 21:41:17,970 - INFO - Extracción exitosa.
2026-05-21 21:41:17,971 - INFO - Iniciando transformación de datos...
2026-05-21 21:41:17,975 - INFO - Transformación completada (5 registros procesados).
2026-05-21 21:41:17,975 - INFO - Iniciando carga en la base de datos crypto_data.db...
2026-05-21 21:41:17,980 - INFO - Carga exitosa. Datos persistidos.
2026-05-21 23:08:01,401 - INFO - Iniciando extracción (Intento 1/3)...
2026-05-21 23:08:01,561 - INFO - Extracción exitosa.
2026-05-21 23:08:01,562 - INFO - Iniciando transformación de datos...
2026-05-21 23:08:01,565 - INFO - Transformación completada (5 registros procesados).
2026-05-21 23:08:01,565 - INFO - Iniciando carga en la base de datos crypto_data.db...
2026-05-21 23:08:01,569 - INFO - Carga exitosa. Datos persistidos.
2026-05-22 04:13:44,122 - INFO - Iniciando extracción (Intento 1/3)...
2026-05-22 04:13:44,242 - INFO - Extracción exitosa.
2026-05-22 04:13:44,244 - INFO - Iniciando transformación de datos...
2026-05-22 04:13:44,246 - INFO - Transformación completada (5 registros procesados).
2026-05-22 04:13:44,246 - INFO - Iniciando carga en la base de datos crypto_data.db...
2026-05-22 04:13:44,251 - INFO - Carga exitosa. Datos persistidos.
2026-05-22 08:25:48,886 - INFO - Iniciando extracción (Intento 1/3)...
2026-05-22 08:25:49,236 - INFO - Extracción exitosa.
2026-05-22 08:25:49,237 - INFO - Iniciando transformación de datos...
2026-05-22 08:25:49,240 - INFO - Transformación completada (5 registros procesados).
2026-05-22 08:25:49,240 - INFO - Iniciando carga en la base de datos crypto_data.db...
2026-05-22 08:25:49,263 - INFO - Carga exitosa. Datos persistidos.
2026-05-22 11:49:18,965 - INFO - Iniciando extracción (Intento 1/3)...
2026-05-22 11:49:19,097 - INFO - Extracción exitosa.
2026-05-22 11:49:19,099 - INFO - Iniciando transformación de datos...
2026-05-22 11:49:19,102 - INFO - Transformación completada (5 registros procesados).
2026-05-22 11:49:19,102 - INFO - Iniciando carga en la base de datos crypto_data.db...
2026-05-22 11:49:19,107 - INFO - Carga exitosa. Datos persistidos.
2026-05-22 14:54:49,692 - INFO - Iniciando extracción (Intento 1/3)...
2026-05-22 14:54:49,843 - INFO - Extracción exitosa.
2026-05-22 14:54:49,844 - INFO - Iniciando transformación de datos...
2026-05-22 14:54:49,847 - INFO - Transformación completada (5 registros procesados).
2026-05-22 14:54:49,847 - INFO - Iniciando carga en la base de datos crypto_data.db...
2026-05-22 14:54:49,851 - INFO - Carga exitosa. Datos persistidos.
2026-05-22 17:12:07,628 - INFO - Iniciando extracción (Intento 1/3)...
2026-05-22 17:12:07,780 - INFO - Extracción exitosa.
2026-05-22 17:12:07,781 - INFO - Iniciando transformación de datos...
2026-05-22 17:12:07,784 - INFO - Transformación completada (5 registros procesados).
2026-05-22 17:12:07,784 - INFO - Iniciando carga en la base de datos crypto_data.db...
2026-05-22 17:12:07,788 - INFO - Carga exitosa. Datos persistidos.
2026-05-22 19:56:59,057 - INFO - Iniciando extracción (Intento 1/3)...
2026-05-22 19:56:59,281 - INFO - Extracción exitosa.
2026-05-22 19:56:59,282 - INFO - Iniciando transformación de datos...
2026-05-22 19:56:59,285 - INFO - Transformación completada (5 registros procesados).
2026-05-22 19:56:59,285 - INFO - Iniciando carga en la base de datos crypto_data.db...
2026-05-22 19:56:59,289 - INFO - Carga exitosa. Datos persistidos.
2026-05-22 21:18:38,443 - INFO - Iniciando extracción (Intento 1/3)...
2026-05-22 21:18:38,562 - INFO - Extracción exitosa.
2026-05-22 21:18:38,563 - INFO - Iniciando transformación de datos...
2026-05-22 21:18:38,566 - INFO - Transformación completada (5 registros procesados).
2026-05-22 21:18:38,566 - INFO - Iniciando carga en la base de datos crypto_data.db...
2026-05-22 21:18:38,570 - INFO - Carga exitosa. Datos persistidos.
2026-05-22 23:08:44,313 - INFO - Iniciando extracción (Intento 1/3)...
2026-05-22 23:08:44,499 - INFO - Extracción exitosa.
2026-05-22 23:08:44,500 - INFO - Iniciando transformación de datos...
2026-05-22 23:08:44,503 - INFO - Transformación completada (5 registros procesados).
2026-05-22 23:08:44,503 - INFO - Iniciando carga en la base de datos crypto_data.db...
2026-05-22 23:08:44,509 - INFO - Carga exitosa. Datos persistidos.
2026-05-23 03:52:26,703 - INFO - Iniciando extracción (Intento 1/3)...
2026-05-23 03:52:26,847 - INFO - Extracción exitosa.
2026-05-23 03:52:26,848 - INFO - Iniciando transformación de datos...
2026-05-23 03:52:26,851 - INFO - Transformación completada (5 registros procesados).
2026-05-23 03:52:26,851 - INFO - Iniciando carga en la base de datos crypto_data.db...
2026-05-23 03:52:26,855 - INFO - Carga exitosa. Datos persistidos.
2026-05-23 06:38:57,235 - INFO - Iniciando extracción (Intento 1/3)...
2026-05-23 06:38:57,420 - INFO - Extracción exitosa.
2026-05-23 06:38:57,421 - INFO - Iniciando transformación de datos...
2026-05-23 06:38:57,424 - INFO - Transformación completada (5 registros procesados).
2026-05-23 06:38:57,424 - INFO - Iniciando carga en la base de datos crypto_data.db...
2026-05-23 06:38:57,429 - INFO - Carga exitosa. Datos persistidos.
2026-05-23 09:05:56,234 - INFO - Iniciando extracción (Intento 1/3)...
2026-05-23 09:05:56,344 - INFO - Extracción exitosa.
2026-05-23 09:05:56,345 - INFO - Iniciando transformación de datos...
2026-05-23 09:05:56,350 - INFO - Transformación completada (5 registros procesados).
2026-05-23 09:05:56,350 - INFO - Iniciando carga en la base de datos crypto_data.db...
2026-05-23 09:05:56,355 - INFO - Carga exitosa. Datos persistidos.
2026-05-23 11:18:07,919 - INFO - Iniciando extracción (Intento 1/3)...
2026-05-23 11:18:08,050 - INFO - Extracción exitosa.
2026-05-23 11:18:08,051 - INFO - Iniciando transformación de datos...
2026-05-23 11:18:08,054 - INFO - Transformación completada (5 registros procesados).
2026-05-23 11:18:08,054 - INFO - Iniciando carga en la base de datos crypto_data.db...
2026-05-23 11:18:08,061 - INFO - Carga exitosa. Datos persistidos.
2026-05-23 13:50:14,302 - INFO - Iniciando extracción (Intento 1/3)...
2026-05-23 13:50:14,443 - INFO - Extracción exitosa.
2026-05-23 13:50:14,444 - INFO - Iniciando transformación de datos...
2026-05-23 13:50:14,447 - INFO - Transformación completada (5 registros procesados).
2026-05-23 13:50:14,447 - INFO - Iniciando carga en la base de datos crypto_data.db...
2026-05-23 13:50:14,453 - INFO - Carga exitosa. Datos persistidos.
2026-05-23 15:06:33,569 - INFO - Iniciando extracción (Intento 1/3)...
2026-05-23 15:06:33,766 - INFO - Extracción exitosa.
2026-05-23 15:06:33,768 - INFO - Iniciando transformación de datos...
2026-05-23 15:06:33,771 - INFO - Transformación completada (5 registros procesados).
2026-05-23 15:06:33,771 - INFO - Iniciando carga en la base de datos crypto_data.db...
2026-05-23 15:06:33,775 - INFO - Carga exitosa. Datos persistidos.
2026-05-23 17:09:08,814 - INFO - Iniciando extracción (Intento 1/3)...
2026-05-23 17:09:09,043 - INFO - Extracción exitosa.
2026-05-23 17:09:09,044 - INFO - Iniciando transformación de datos...
2026-05-23 17:09:09,047 - INFO - Transformación completada (5 registros procesados).
2026-05-23 17:09:09,047 - INFO - Iniciando carga en la base de datos crypto_data.db...
2026-05-23 17:09:09,052 - INFO - Carga exitosa. Datos persistidos.
2026-05-23 19:20:08,534 - INFO - Iniciando extracción (Intento 1/3)...
2026-05-23 19:20:08,644 - INFO - Extracción exitosa.
2026-05-23 19:20:08,645 - INFO - Iniciando transformación de datos...
2026-05-23 19:20:08,648 - INFO - Transformación completada (5 registros procesados).
2026-05-23 19:20:08,648 - INFO - Iniciando carga en la base de datos crypto_data.db...
2026-05-23 19:20:08,652 - INFO - Carga exitosa. Datos persistidos.
2026-05-23 21:00:26,644 - INFO - Iniciando extracción (Intento 1/3)...
2026-05-23 21:00:26,792 - INFO - Extracción exitosa.
2026-05-23 21:00:26,792 - INFO - Iniciando transformación de datos...
2026-05-23 21:00:26,796 - INFO - Transformación completada (5 registros procesados).
2026-05-23 21:00:26,796 - INFO - Iniciando carga en la base de datos crypto_data.db...
2026-05-23 21:00:26,800 - INFO - Carga exitosa. Datos persistidos.
2026-05-23 22:57:35,600 - INFO - Iniciando extracción (Intento 1/3)...
2026-05-23 22:57:35,737 - INFO - Extracción exitosa.
2026-05-23 22:57:35,739 - INFO - Iniciando transformación de datos...
2026-05-23 22:57:35,742 - INFO - Transformación completada (5 registros procesados).
2026-05-23 22:57:35,742 - INFO - Iniciando carga en la base de datos crypto_data.db...
2026-05-23 22:57:35,746 - INFO - Carga exitosa. Datos persistidos.
2026-05-24 00:04:34,703 - INFO - Iniciando extracción (Intento 1/3)...
2026-05-24 00:04:34,809 - INFO - Extracción exitosa.
2026-05-24 00:04:34,810 - INFO - Iniciando transformación de datos...
2026-05-24 00:04:34,813 - INFO - Transformación completada (5 registros procesados).
2026-05-24 00:04:34,813 - INFO - Iniciando carga en la base de datos crypto_data.db...
2026-05-24 00:04:34,818 - INFO - Carga exitosa. Datos persistidos.
2026-05-24 05:05:25,384 - INFO - Iniciando extracción (Intento 1/3)...
2026-05-24 05:05:25,533 - INFO - Extracción exitosa.
2026-05-24 05:05:25,535 - INFO - Iniciando transformación de datos...
2026-05-24 05:05:25,540 - INFO - Transformación completada (5 registros procesados).
2026-05-24 05:05:25,540 - INFO - Iniciando carga en la base de datos crypto_data.db...
2026-05-24 05:05:25,546 - INFO - Carga exitosa. Datos persistidos.
2026-05-24 08:38:21,960 - INFO - Iniciando extracción (Intento 1/3)...
2026-05-24 08:38:22,074 - INFO - Extracción exitosa.
2026-05-24 08:38:22,076 - INFO - Iniciando transformación de datos...
2026-05-24 08:38:22,080 - INFO - Transformación completada (5 registros procesados).
2026-05-24 08:38:22,080 - INFO - Iniciando carga en la base de datos crypto_data.db...
2026-05-24 08:38:22,086 - INFO - Carga exitosa. Datos persistidos.
2026-05-24 10:45:21,533 - INFO - Iniciando extracción (Intento 1/3)...
2026-05-24 10:45:21,745 - INFO - Extracción exitosa.
2026-05-24 10:45:21,746 - INFO - Iniciando transformación de datos...
2026-05-24 10:45:21,748 - INFO - Transformación completada (5 registros procesados).
2026-05-24 10:45:21,748 - INFO - Iniciando carga en la base de datos crypto_data.db...
2026-05-24 10:45:21,753 - INFO - Carga exitosa. Datos persistidos.
2026-05-24 12:04:12,877 - INFO - Iniciando extracción (Intento 1/3)...
2026-05-24 12:04:12,989 - INFO - Extracción exitosa.
2026-05-24 12:04:12,990 - INFO - Iniciando transformación de datos...
2026-05-24 12:04:12,993 - INFO - Transformación completada (5 registros procesados).
2026-05-24 12:04:12,993 - INFO - Iniciando carga en la base de datos crypto_data.db...
2026-05-24 12:04:12,997 - INFO - Carga exitosa. Datos persistidos.
2026-05-24 14:39:58,775 - INFO - Iniciando extracción (Intento 1/3)...
2026-05-24 14:39:58,999 - INFO - Extracción exitosa.
2026-05-24 14:39:59,000 - INFO - Iniciando transformación de datos...
2026-05-24 14:39:59,003 - INFO - Transformación completada (5 registros procesados).
2026-05-24 14:39:59,003 - INFO - Iniciando carga en la base de datos crypto_data.db...
2026-05-24 14:39:59,007 - INFO - Carga exitosa. Datos persistidos.
2026-05-24 16:06:21,176 - INFO - Iniciando extracción (Intento 1/3)...
2026-05-24 16:06:21,293 - INFO - Extracción exitosa.
2026-05-24 16:06:21,294 - INFO - Iniciando transformación de datos...
2026-05-24 16:06:21,297 - INFO - Transformación completada (5 registros procesados).
2026-05-24 16:06:21,297 - INFO - Iniciando carga en la base de datos crypto_data.db...
2026-05-24 16:06:21,302 - INFO - Carga exitosa. Datos persistidos.
2026-05-24 18:02:13,354 - INFO - Iniciando extracción (Intento 1/3)...
2026-05-24 18:02:13,508 - INFO - Extracción exitosa.
2026-05-24 18:02:13,509 - INFO - Iniciando transformación de datos...
2026-05-24 18:02:13,512 - INFO - Transformación completada (5 registros procesados).
2026-05-24 18:02:13,512 - INFO - Iniciando carga en la base de datos crypto_data.db...
2026-05-24 18:02:13,517 - INFO - Carga exitosa. Datos persistidos.
2026-05-24 20:11:11,575 - INFO - Iniciando extracción (Intento 1/3)...
2026-05-24 20:11:11,687 - INFO - Extracción exitosa.
2026-05-24 20:11:11,688 - INFO - Iniciando transformación de datos...
2026-05-24 20:11:11,691 - INFO - Transformación completada (5 registros procesados).
2026-05-24 20:11:11,691 - INFO - Iniciando carga en la base de datos crypto_data.db...
2026-05-24 20:11:11,697 - INFO - Carga exitosa. Datos persistidos.
2026-05-24 22:00:12,096 - INFO - Iniciando extracción (Intento 1/3)...
2026-05-24 22:00:12,305 - INFO - Extracción exitosa.
2026-05-24 22:00:12,306 - INFO - Iniciando transformación de datos...
2026-05-24 22:00:12,309 - INFO - Transformación completada (5 registros procesados).
2026-05-24 22:00:12,309 - INFO - Iniciando carga en la base de datos crypto_data.db...
2026-05-24 22:00:12,313 - INFO - Carga exitosa. Datos persistidos.
2026-05-24 23:09:49,038 - INFO - Iniciando extracción (Intento 1/3)...
2026-05-24 23:09:49,166 - INFO - Extracción exitosa.
2026-05-24 23:09:49,167 - INFO - Iniciando transformación de datos...
2026-05-24 23:09:49,170 - INFO - Transformación completada (5 registros procesados).
2026-05-24 23:09:49,170 - INFO - Iniciando carga en la base de datos crypto_data.db...
2026-05-24 23:09:49,175 - INFO - Carga exitosa. Datos persistidos.
2026-05-25 04:23:36,200 - INFO - Iniciando extracción (Intento 1/3)...
2026-05-25 04:23:36,449 - INFO - Extracción exitosa.
2026-05-25 04:23:36,450 - INFO - Iniciando transformación de datos...
2026-05-25 04:23:36,453 - INFO - Transformación completada (5 registros procesados).
2026-05-25 04:23:36,453 - INFO - Iniciando carga en la base de datos crypto_data.db...
2026-05-25 04:23:36,458 - INFO - Carga exitosa. Datos persistidos.
2026-05-25 09:02:02,800 - INFO - Iniciando extracción (Intento 1/3)...
2026-05-25 09:02:02,937 - INFO - Extracción exitosa.
2026-05-25 09:02:02,938 - INFO - Iniciando transformación de datos...
2026-05-25 09:02:02,942 - INFO - Transformación completada (5 registros procesados).
2026-05-25 09:02:02,942 - INFO - Iniciando carga en la base de datos crypto_data.db...
2026-05-25 09:02:02,946 - INFO - Carga exitosa. Datos persistidos.
2026-05-25 13:33:41,781 - INFO - Iniciando extracción (Intento 1/3)...
2026-05-25 13:33:41,937 - INFO - Extracción exitosa.
2026-05-25 13:33:41,938 - INFO - Iniciando transformación de datos...
2026-05-25 13:33:41,941 - INFO - Transformación completada (5 registros procesados).
2026-05-25 13:33:41,941 - INFO - Iniciando carga en la base de datos crypto_data.db...
2026-05-25 13:33:41,945 - INFO - Carga exitosa. Datos persistidos.
2026-05-25 16:26:18,932 - INFO - Iniciando extracción (Intento 1/3)...
2026-05-25 16:26:19,029 - INFO - Extracción exitosa.
2026-05-25 16:26:19,030 - INFO - Iniciando transformación de datos...
2026-05-25 16:26:19,033 - INFO - Transformación completada (5 registros procesados).
2026-05-25 16:26:19,033 - INFO - Iniciando carga en la base de datos crypto_data.db...
2026-05-25 16:26:19,037 - INFO - Carga exitosa. Datos persistidos.
2026-05-25 18:47:28,264 - INFO - Iniciando extracción (Intento 1/3)...
2026-05-25 18:47:28,372 - INFO - Extracción exitosa.
2026-05-25 18:47:28,373 - INFO - Iniciando transformación de datos...
2026-05-25 18:47:28,376 - INFO - Transformación completada (5 registros procesados).
2026-05-25 18:47:28,376 - INFO - Iniciando carga en la base de datos crypto_data.db...
2026-05-25 18:47:28,380 - INFO - Carga exitosa. Datos persistidos.
2026-05-25 20:24:59,688 - INFO - Iniciando extracción (Intento 1/3)...
2026-05-25 20:24:59,928 - INFO - Extracción exitosa.
2026-05-25 20:24:59,929 - INFO - Iniciando transformación de datos...
2026-05-25 20:24:59,932 - INFO - Transformación completada (5 registros procesados).
2026-05-25 20:24:59,932 - INFO - Iniciando carga en la base de datos crypto_data.db...
2026-05-25 20:24:59,936 - INFO - Carga exitosa. Datos persistidos.
2026-05-25 22:13:24,256 - INFO - Iniciando extracción (Intento 1/3)...
2026-05-25 22:13:24,400 - INFO - Extracción exitosa.
2026-05-25 22:13:24,401 - INFO - Iniciando transformación de datos...
2026-05-25 22:13:24,404 - INFO - Transformación completada (5 registros procesados).
2026-05-25 22:13:24,404 - INFO - Iniciando carga en la base de datos crypto_data.db...
2026-05-25 22:13:24,416 - INFO - Carga exitosa. Datos persistidos.
2026-05-26 00:11:47,544 - INFO - Iniciando extracción (Intento 1/3)...
2026-05-26 00:11:47,734 - INFO - Extracción exitosa.
2026-05-26 00:11:47,736 - INFO - Iniciando transformación de datos...
2026-05-26 00:11:47,739 - INFO - Transformación completada (5 registros procesados).
2026-05-26 00:11:47,739 - INFO - Iniciando carga en la base de datos crypto_data.db...
2026-05-26 00:11:47,744 - INFO - Carga exitosa. Datos persistidos.
2026-05-26 05:07:35,112 - INFO - Iniciando extracción (Intento 1/3)...
2026-05-26 05:07:35,282 - INFO - Extracción exitosa.
2026-05-26 05:07:35,283 - INFO - Iniciando transformación de datos...
2026-05-26 05:07:35,286 - INFO - Transformación completada (5 registros procesados).
2026-05-26 05:07:35,286 - INFO - Iniciando carga en la base de datos crypto_data.db...
2026-05-26 05:07:35,291 - INFO - Carga exitosa. Datos persistidos.
2026-05-26 10:08:47,329 - INFO - Iniciando extracción (Intento 1/3)...
2026-05-26 10:08:47,478 - INFO - Extracción exitosa.
2026-05-26 10:08:47,480 - INFO - Iniciando transformación de datos...
2026-05-26 10:08:47,486 - INFO - Transformación completada (5 registros procesados).
2026-05-26 10:08:47,486 - INFO - Iniciando carga en la base de datos crypto_data.db...
2026-05-26 10:08:47,495 - INFO - Carga exitosa. Datos persistidos.
2026-05-26 13:57:49,320 - INFO - Iniciando extracción (Intento 1/3)...
2026-05-26 13:57:49,405 - INFO - Extracción exitosa.
2026-05-26 13:57:49,406 - INFO - Iniciando transformación de datos...
2026-05-26 13:57:49,409 - INFO - Transformación completada (5 registros procesados).
2026-05-26 13:57:49,409 - INFO - Iniciando carga en la base de datos crypto_data.db...
2026-05-26 13:57:49,414 - INFO - Carga exitosa. Datos persistidos.
2026-05-26 17:32:00,447 - INFO - Iniciando extracción (Intento 1/3)...
2026-05-26 17:32:00,690 - INFO - Extracción exitosa.
2026-05-26 17:32:00,691 - INFO - Iniciando transformación de datos...
2026-05-26 17:32:00,693 - INFO - Transformación completada (5 registros procesados).
2026-05-26 17:32:00,693 - INFO - Iniciando carga en la base de datos crypto_data.db...
2026-05-26 17:32:00,697 - INFO - Carga exitosa. Datos persistidos.
2026-05-26 20:20:58,001 - INFO - Iniciando extracción (Intento 1/3)...
2026-05-26 20:20:58,174 - INFO - Extracción exitosa.
2026-05-26 20:20:58,175 - INFO - Iniciando transformación de datos...
2026-05-26 20:20:58,178 - INFO - Transformación completada (5 registros procesados).
2026-05-26 20:20:58,178 - INFO - Iniciando carga en la base de datos crypto_data.db...
2026-05-26 20:20:58,183 - INFO - Carga exitosa. Datos persistidos.
2026-05-26 22:24:44,245 - INFO - Iniciando extracción (Intento 1/3)...
2026-05-26 22:24:44,500 - INFO - Extracción exitosa.
2026-05-26 22:24:44,501 - INFO - Iniciando transformación de datos...
2026-05-26 22:24:44,504 - INFO - Transformación completada (5 registros procesados).
2026-05-26 22:24:44,504 - INFO - Iniciando carga en la base de datos crypto_data.db...
2026-05-26 22:24:44,516 - INFO - Carga exitosa. Datos persistidos.
2026-05-27 00:14:15,557 - INFO - Iniciando extracción (Intento 1/3)...
2026-05-27 00:14:15,727 - INFO - Extracción exitosa.
2026-05-27 00:14:15,728 - INFO - Iniciando transformación de datos...
2026-05-27 00:14:15,731 - INFO - Transformación completada (5 registros procesados).
2026-05-27 00:14:15,731 - INFO - Iniciando carga en la base de datos crypto_data.db...
2026-05-27 00:14:15,736 - INFO - Carga exitosa. Datos persistidos.
2026-05-27 05:21:58,291 - INFO - Iniciando extracción (Intento 1/3)...
2026-05-27 05:21:58,439 - INFO - Extracción exitosa.
2026-05-27 05:21:58,441 - INFO - Iniciando transformación de datos...
2026-05-27 05:21:58,445 - INFO - Transformación completada (5 registros procesados).
2026-05-27 05:21:58,445 - INFO - Iniciando carga en la base de datos crypto_data.db...
2026-05-27 05:21:58,450 - INFO - Carga exitosa. Datos persistidos.
2026-05-27 10:06:44,334 - INFO - Iniciando extracción (Intento 1/3)...
2026-05-27 10:06:44,543 - INFO - Extracción exitosa.
2026-05-27 10:06:44,545 - INFO - Iniciando transformación de datos...
2026-05-27 10:06:44,548 - INFO - Transformación completada (5 registros procesados).
2026-05-27 10:06:44,548 - INFO - Iniciando carga en la base de datos crypto_data.db...
2026-05-27 10:06:44,553 - INFO - Carga exitosa. Datos persistidos.
2026-05-27 14:30:55,049 - INFO - Iniciando extracción (Intento 1/3)...
2026-05-27 14:30:55,200 - INFO - Extracción exitosa.
2026-05-27 14:30:55,201 - INFO - Iniciando transformación de datos...
2026-05-27 14:30:55,204 - INFO - Transformación completada (5 registros procesados).
2026-05-27 14:30:55,204 - INFO - Iniciando carga en la base de datos crypto_data.db...
2026-05-27 14:30:55,208 - INFO - Carga exitosa. Datos persistidos.
2026-05-27 18:05:57,183 - INFO - Iniciando extracción (Intento 1/3)...
2026-05-27 18:05:57,321 - INFO - Extracción exitosa.
2026-05-27 18:05:57,322 - INFO - Iniciando transformación de datos...
2026-05-27 18:05:57,325 - INFO - Transformación completada (5 registros procesados).
2026-05-27 18:05:57,325 - INFO - Iniciando carga en la base de datos crypto_data.db...
2026-05-27 18:05:57,350 - INFO - Carga exitosa. Datos persistidos.
2026-05-27 21:04:46,994 - INFO - Iniciando extracción (Intento 1/3)...
2026-05-27 21:04:47,195 - INFO - Extracción exitosa.
2026-05-27 21:04:47,196 - INFO - Iniciando transformación de datos...
2026-05-27 21:04:47,199 - INFO - Transformación completada (5 registros procesados).
2026-05-27 21:04:47,199 - INFO - Iniciando carga en la base de datos crypto_data.db...
2026-05-27 21:04:47,203 - INFO - Carga exitosa. Datos persistidos.
2026-05-27 23:21:53,137 - INFO - Iniciando extracción (Intento 1/3)...
2026-05-27 23:21:53,274 - INFO - Extracción exitosa.
2026-05-27 23:21:53,275 - INFO - Iniciando transformación de datos...
2026-05-27 23:21:53,278 - INFO - Transformación completada (5 registros procesados).
2026-05-27 23:21:53,278 - INFO - Iniciando carga en la base de datos crypto_data.db...
2026-05-27 23:21:53,283 - INFO - Carga exitosa. Datos persistidos.
2026-05-28 04:12:44,800 - INFO - Iniciando extracción (Intento 1/3)...
2026-05-28 04:12:44,985 - INFO - Extracción exitosa.
2026-05-28 04:12:44,986 - INFO - Iniciando transformación de datos...
2026-05-28 04:12:44,989 - INFO - Transformación completada (5 registros procesados).
2026-05-28 04:12:44,989 - INFO - Iniciando carga en la base de datos crypto_data.db...
2026-05-28 04:12:44,994 - INFO - Carga exitosa. Datos persistidos.
2026-05-28 08:48:06,413 - INFO - Iniciando extracción (Intento 1/3)...
2026-05-28 08:48:06,497 - INFO - Extracción exitosa.
2026-05-28 08:48:06,498 - INFO - Iniciando transformación de datos...
2026-05-28 08:48:06,501 - INFO - Transformación completada (5 registros procesados).
2026-05-28 08:48:06,501 - INFO - Iniciando carga en la base de datos crypto_data.db...
2026-05-28 08:48:06,506 - INFO - Carga exitosa. Datos persistidos.
2026-05-28 12:35:20,721 - INFO - Iniciando extracción (Intento 1/3)...
2026-05-28 12:35:20,838 - INFO - Extracción exitosa.
2026-05-28 12:35:20,839 - INFO - Iniciando transformación de datos...
2026-05-28 12:35:20,844 - INFO - Transformación completada (5 registros procesados).
2026-05-28 12:35:20,844 - INFO - Iniciando carga en la base de datos crypto_data.db...
2026-05-28 12:35:20,848 - INFO - Carga exitosa. Datos persistidos.
2026-05-28 16:58:35,679 - INFO - Iniciando extracción (Intento 1/3)...
2026-05-28 16:58:35,833 - INFO - Extracción exitosa.
2026-05-28 16:58:35,835 - INFO - Iniciando transformación de datos...
2026-05-28 16:58:35,839 - INFO - Transformación completada (5 registros procesados).
2026-05-28 16:58:35,839 - INFO - Iniciando carga en la base de datos crypto_data.db...
2026-05-28 16:58:35,845 - INFO - Carga exitosa. Datos persistidos.
2026-05-28 19:42:06,196 - INFO - Iniciando extracción (Intento 1/3)...
2026-05-28 19:42:06,338 - INFO - Extracción exitosa.
2026-05-28 19:42:06,339 - INFO - Iniciando transformación de datos...
2026-05-28 19:42:06,342 - INFO - Transformación completada (5 registros procesados).
2026-05-28 19:42:06,342 - INFO - Iniciando carga en la base de datos crypto_data.db...
2026-05-28 19:42:06,347 - INFO - Carga exitosa. Datos persistidos.
2026-05-28 22:00:10,245 - INFO - Iniciando extracción (Intento 1/3)...
2026-05-28 22:00:10,449 - INFO - Extracción exitosa.
2026-05-28 22:00:10,450 - INFO - Iniciando transformación de datos...
2026-05-28 22:00:10,454 - INFO - Transformación completada (5 registros procesados).
2026-05-28 22:00:10,454 - INFO - Iniciando carga en la base de datos crypto_data.db...
2026-05-28 22:00:10,459 - INFO - Carga exitosa. Datos persistidos.
2026-05-28 23:38:56,802 - INFO - Iniciando extracción (Intento 1/3)...
2026-05-28 23:38:56,914 - INFO - Extracción exitosa.
2026-05-28 23:38:56,915 - INFO - Iniciando transformación de datos...
2026-05-28 23:38:56,918 - INFO - Transformación completada (5 registros procesados).
2026-05-28 23:38:56,918 - INFO - Iniciando carga en la base de datos crypto_data.db...
2026-05-28 23:38:56,923 - INFO - Carga exitosa. Datos persistidos.
2026-05-29 04:14:40,046 - INFO - Iniciando extracción (Intento 1/3)...
2026-05-29 04:14:40,195 - INFO - Extracción exitosa.
2026-05-29 04:14:40,196 - INFO - Iniciando transformación de datos...
2026-05-29 04:14:40,199 - INFO - Transformación completada (5 registros procesados).
2026-05-29 04:14:40,199 - INFO - Iniciando carga en la base de datos crypto_data.db...
2026-05-29 04:14:40,203 - INFO - Carga exitosa. Datos persistidos.
2026-05-29 08:45:58,517 - INFO - Iniciando extracción (Intento 1/3)...
2026-05-29 08:45:58,652 - INFO - Extracción exitosa.
2026-05-29 08:45:58,654 - INFO - Iniciando transformación de datos...
2026-05-29 08:45:58,657 - INFO - Transformación completada (5 registros procesados).
2026-05-29 08:45:58,657 - INFO - Iniciando carga en la base de datos crypto_data.db...
2026-05-29 08:45:58,661 - INFO - Carga exitosa. Datos persistidos.
2026-05-29 12:20:51,737 - INFO - Iniciando extracción (Intento 1/3)...
2026-05-29 12:20:51,867 - INFO - Extracción exitosa.
2026-05-29 12:20:51,868 - INFO - Iniciando transformación de datos...
2026-05-29 12:20:51,871 - INFO - Transformación completada (5 registros procesados).
2026-05-29 12:20:51,871 - INFO - Iniciando carga en la base de datos crypto_data.db...
2026-05-29 12:20:51,875 - INFO - Carga exitosa. Datos persistidos.
2026-05-29 16:48:32,891 - INFO - Iniciando extracción (Intento 1/3)...
2026-05-29 16:48:33,087 - INFO - Extracción exitosa.
2026-05-29 16:48:33,088 - INFO - Iniciando transformación de datos...
2026-05-29 16:48:33,091 - INFO - Transformación completada (5 registros procesados).
2026-05-29 16:48:33,091 - INFO - Iniciando carga en la base de datos crypto_data.db...
2026-05-29 16:48:33,095 - INFO - Carga exitosa. Datos persistidos.
2026-05-29 19:35:05,785 - INFO - Iniciando extracción (Intento 1/3)...
2026-05-29 19:35:05,966 - INFO - Extracción exitosa.
2026-05-29 19:35:05,967 - INFO - Iniciando transformación de datos...
2026-05-29 19:35:05,969 - INFO - Transformación completada (5 registros procesados).
2026-05-29 19:35:05,969 - INFO - Iniciando carga en la base de datos crypto_data.db...
2026-05-29 19:35:05,973 - INFO - Carga exitosa. Datos persistidos.
2026-05-29 21:57:02,130 - INFO - Iniciando extracción (Intento 1/3)...
2026-05-29 21:57:02,348 - INFO - Extracción exitosa.
2026-05-29 21:57:02,349 - INFO - Iniciando transformación de datos...
2026-05-29 21:57:02,352 - INFO - Transformación completada (5 registros procesados).
2026-05-29 21:57:02,352 - INFO - Iniciando carga en la base de datos crypto_data.db...
2026-05-29 21:57:02,357 - INFO - Carga exitosa. Datos persistidos.
2026-05-29 23:22:04,311 - INFO - Iniciando extracción (Intento 1/3)...
2026-05-29 23:22:04,462 - INFO - Extracción exitosa.
2026-05-29 23:22:04,463 - INFO - Iniciando transformación de datos...
2026-05-29 23:22:04,466 - INFO - Transformación completada (5 registros procesados).
2026-05-29 23:22:04,466 - INFO - Iniciando carga en la base de datos crypto_data.db...
2026-05-29 23:22:04,471 - INFO - Carga exitosa. Datos persistidos.
2026-05-30 03:59:43,787 - INFO - Iniciando extracción (Intento 1/3)...
2026-05-30 03:59:44,003 - INFO - Extracción exitosa.
2026-05-30 03:59:44,004 - INFO - Iniciando transformación de datos...
2026-05-30 03:59:44,006 - INFO - Transformación completada (5 registros procesados).
2026-05-30 03:59:44,006 - INFO - Iniciando carga en la base de datos crypto_data.db...
2026-05-30 03:59:44,010 - INFO - Carga exitosa. Datos persistidos.
2026-05-30 06:53:11,530 - INFO - Iniciando extracción (Intento 1/3)...
2026-05-30 06:53:11,672 - INFO - Extracción exitosa.
2026-05-30 06:53:11,673 - INFO - Iniciando transformación de datos...
2026-05-30 06:53:11,678 - INFO - Transformación completada (5 registros procesados).
2026-05-30 06:53:11,678 - INFO - Iniciando carga en la base de datos crypto_data.db...
2026-05-30 06:53:11,682 - INFO - Carga exitosa. Datos persistidos.
2026-05-30 09:23:36,114 - INFO - Iniciando extracción (Intento 1/3)...
2026-05-30 09:23:36,346 - INFO - Extracción exitosa.
2026-05-30 09:23:36,347 - INFO - Iniciando transformación de datos...
2026-05-30 09:23:36,349 - INFO - Transformación completada (5 registros procesados).
2026-05-30 09:23:36,349 - INFO - Iniciando carga en la base de datos crypto_data.db...
2026-05-30 09:23:36,358 - INFO - Carga exitosa. Datos persistidos.
2026-05-30 11:26:18,874 - INFO - Iniciando extracción (Intento 1/3)...
2026-05-30 11:26:18,992 - INFO - Extracción exitosa.
2026-05-30 11:26:18,993 - INFO - Iniciando transformación de datos...
2026-05-30 11:26:18,996 - INFO - Transformación completada (5 registros procesados).
2026-05-30 11:26:18,996 - INFO - Iniciando carga en la base de datos crypto_data.db...
2026-05-30 11:26:19,001 - INFO - Carga exitosa. Datos persistidos.
2026-05-30 13:53:50,871 - INFO - Iniciando extracción (Intento 1/3)...
2026-05-30 13:53:51,070 - INFO - Extracción exitosa.
2026-05-30 13:53:51,071 - INFO - Iniciando transformación de datos...
2026-05-30 13:53:51,074 - INFO - Transformación completada (5 registros procesados).
2026-05-30 13:53:51,074 - INFO - Iniciando carga en la base de datos crypto_data.db...
2026-05-30 13:53:51,079 - INFO - Carga exitosa. Datos persistidos.
2026-05-30 15:14:46,949 - INFO - Iniciando extracción (Intento 1/3)...
2026-05-30 15:14:47,181 - INFO - Extracción exitosa.
2026-05-30 15:14:47,182 - INFO - Iniciando transformación de datos...
2026-05-30 15:14:47,185 - INFO - Transformación completada (5 registros procesados).
2026-05-30 15:14:47,185 - INFO - Iniciando carga en la base de datos crypto_data.db...
2026-05-30 15:14:47,189 - INFO - Carga exitosa. Datos persistidos.
2026-05-30 17:16:09,633 - INFO - Iniciando extracción (Intento 1/3)...
2026-05-30 17:16:09,724 - INFO - Extracción exitosa.
2026-05-30 17:16:09,725 - INFO - Iniciando transformación de datos...
2026-05-30 17:16:09,728 - INFO - Transformación completada (5 registros procesados).
2026-05-30 17:16:09,728 - INFO - Iniciando carga en la base de datos crypto_data.db...
2026-05-30 17:16:09,733 - INFO - Carga exitosa. Datos persistidos.
2026-05-30 19:26:39,892 - INFO - Iniciando extracción (Intento 1/3)...
2026-05-30 19:26:40,002 - INFO - Extracción exitosa.
2026-05-30 19:26:40,003 - INFO - Iniciando transformación de datos...
2026-05-30 19:26:40,006 - INFO - Transformación completada (5 registros procesados).
2026-05-30 19:26:40,006 - INFO - Iniciando carga en la base de datos crypto_data.db...
2026-05-30 19:26:40,011 - INFO - Carga exitosa. Datos persistidos.
2026-05-30 21:07:22,279 - INFO - Iniciando extracción (Intento 1/3)...
2026-05-30 21:07:22,430 - INFO - Extracción exitosa.
2026-05-30 21:07:22,431 - INFO - Iniciando transformación de datos...
2026-05-30 21:07:22,434 - INFO - Transformación completada (5 registros procesados).
2026-05-30 21:07:22,435 - INFO - Iniciando carga en la base de datos crypto_data.db...
2026-05-30 21:07:22,440 - INFO - Carga exitosa. Datos persistidos.
2026-05-30 23:04:39,038 - INFO - Iniciando extracción (Intento 1/3)...
2026-05-30 23:04:39,226 - INFO - Extracción exitosa.
2026-05-30 23:04:39,227 - INFO - Iniciando transformación de datos...
2026-05-30 23:04:39,230 - INFO - Transformación completada (5 registros procesados).
2026-05-30 23:04:39,230 - INFO - Iniciando carga en la base de datos crypto_data.db...
2026-05-30 23:04:39,237 - INFO - Carga exitosa. Datos persistidos.
2026-05-31 04:24:53,719 - INFO - Iniciando extracción (Intento 1/3)...
2026-05-31 04:24:53,939 - INFO - Extracción exitosa.
2026-05-31 04:24:53,940 - INFO - Iniciando transformación de datos...
2026-05-31 04:24:53,943 - INFO - Transformación completada (5 registros procesados).
2026-05-31 04:24:53,943 - INFO - Iniciando carga en la base de datos crypto_data.db...
2026-05-31 04:24:53,948 - INFO - Carga exitosa. Datos persistidos.
2026-05-31 08:18:45,193 - INFO - Iniciando extracción (Intento 1/3)...
2026-05-31 08:18:45,339 - INFO - Extracción exitosa.
2026-05-31 08:18:45,341 - INFO - Iniciando transformación de datos...
2026-05-31 08:18:45,344 - INFO - Transformación completada (5 registros procesados).
2026-05-31 08:18:45,344 - INFO - Iniciando carga en la base de datos crypto_data.db...
2026-05-31 08:18:45,348 - INFO - Carga exitosa. Datos persistidos.
2026-05-31 11:03:34,876 - INFO - Iniciando extracción (Intento 1/3)...
2026-05-31 11:03:34,998 - INFO - Extracción exitosa.
2026-05-31 11:03:35,000 - INFO - Iniciando transformación de datos...
2026-05-31 11:03:35,004 - INFO - Transformación completada (5 registros procesados).
2026-05-31 11:03:35,004 - INFO - Iniciando carga en la base de datos crypto_data.db...
2026-05-31 11:03:35,008 - INFO - Carga exitosa. Datos persistidos.
2026-05-31 13:59:14,517 - INFO - Iniciando extracción (Intento 1/3)...
2026-05-31 13:59:14,717 - INFO - Extracción exitosa.
2026-05-31 13:59:14,718 - INFO - Iniciando transformación de datos...
2026-05-31 13:59:14,721 - INFO - Transformación completada (5 registros procesados).
2026-05-31 13:59:14,721 - INFO - Iniciando carga en la base de datos crypto_data.db...
2026-05-31 13:59:14,725 - INFO - Carga exitosa. Datos persistidos.
2026-05-31 15:23:51,542 - INFO - Iniciando extracción (Intento 1/3)...
2026-05-31 15:23:51,673 - INFO - Extracción exitosa.
2026-05-31 15:23:51,674 - INFO - Iniciando transformación de datos...
2026-05-31 15:23:51,677 - INFO - Transformación completada (5 registros procesados).
2026-05-31 15:23:51,677 - INFO - Iniciando carga en la base de datos crypto_data.db...
2026-05-31 15:23:51,682 - INFO - Carga exitosa. Datos persistidos.
2026-05-31 17:15:51,505 - INFO - Iniciando extracción (Intento 1/3)...
2026-05-31 17:15:51,649 - INFO - Extracción exitosa.
2026-05-31 17:15:51,650 - INFO - Iniciando transformación de datos...
2026-05-31 17:15:51,655 - INFO - Transformación completada (5 registros procesados).
2026-05-31 17:15:51,655 - INFO - Iniciando carga en la base de datos crypto_data.db...
2026-05-31 17:15:51,660 - INFO - Carga exitosa. Datos persistidos.
2026-05-31 19:26:02,252 - INFO - Iniciando extracción (Intento 1/3)...
2026-05-31 19:26:02,446 - INFO - Extracción exitosa.
2026-05-31 19:26:02,447 - INFO - Iniciando transformación de datos...
2026-05-31 19:26:02,450 - INFO - Transformación completada (5 registros procesados).
2026-05-31 19:26:02,450 - INFO - Iniciando carga en la base de datos crypto_data.db...
2026-05-31 19:26:02,454 - INFO - Carga exitosa. Datos persistidos.
2026-05-31 21:08:01,313 - INFO - Iniciando extracción (Intento 1/3)...
2026-05-31 21:08:01,417 - INFO - Extracción exitosa.
2026-05-31 21:08:01,418 - INFO - Iniciando transformación de datos...
2026-05-31 21:08:01,420 - INFO - Transformación completada (5 registros procesados).
2026-05-31 21:08:01,421 - INFO - Iniciando carga en la base de datos crypto_data.db...
2026-05-31 21:08:01,426 - INFO - Carga exitosa. Datos persistidos.
2026-05-31 23:07:30,044 - INFO - Iniciando extracción (Intento 1/3)...
2026-05-31 23:07:30,156 - INFO - Extracción exitosa.
2026-05-31 23:07:30,157 - INFO - Iniciando transformación de datos...
2026-05-31 23:07:30,160 - INFO - Transformación completada (5 registros procesados).
2026-05-31 23:07:30,160 - INFO - Iniciando carga en la base de datos crypto_data.db...
2026-05-31 23:07:30,165 - INFO - Carga exitosa. Datos persistidos.
2026-06-01 04:55:47,970 - INFO - Iniciando extracción (Intento 1/3)...
2026-06-01 04:55:48,088 - INFO - Extracción exitosa.
2026-06-01 04:55:48,089 - INFO - Iniciando transformación de datos...
2026-06-01 04:55:48,091 - INFO - Transformación completada (5 registros procesados).
2026-06-01 04:55:48,091 - INFO - Iniciando carga en la base de datos crypto_data.db...
2026-06-01 04:55:48,096 - INFO - Carga exitosa. Datos persistidos.
2026-06-01 10:27:46,048 - INFO - Iniciando extracción (Intento 1/3)...
2026-06-01 10:27:46,236 - INFO - Extracción exitosa.
2026-06-01 10:27:46,237 - INFO - Iniciando transformación de datos...
2026-06-01 10:27:46,239 - INFO - Transformación completada (5 registros procesados).
2026-06-01 10:27:46,239 - INFO - Iniciando carga en la base de datos crypto_data.db...
2026-06-01 10:27:46,244 - INFO - Carga exitosa. Datos persistidos.
2026-06-01 16:43:33,401 - INFO - Iniciando extracción (Intento 1/3)...
2026-06-01 16:43:33,593 - INFO - Extracción exitosa.
2026-06-01 16:43:33,595 - INFO - Iniciando transformación de datos...
2026-06-01 16:43:33,598 - INFO - Transformación completada (5 registros procesados).
2026-06-01 16:43:33,598 - INFO - Iniciando carga en la base de datos crypto_data.db...
2026-06-01 16:43:33,603 - INFO - Carga exitosa. Datos persistidos.
2026-06-01 20:59:03,297 - INFO - Iniciando extracción (Intento 1/3)...
2026-06-01 20:59:03,519 - INFO - Extracción exitosa.
2026-06-01 20:59:03,520 - INFO - Iniciando transformación de datos...
2026-06-01 20:59:03,522 - INFO - Transformación completada (5 registros procesados).
2026-06-01 20:59:03,522 - INFO - Iniciando carga en la base de datos crypto_data.db...
2026-06-01 20:59:03,526 - INFO - Carga exitosa. Datos persistidos.
2026-06-01 23:07:00,294 - INFO - Iniciando extracción (Intento 1/3)...
2026-06-01 23:07:00,506 - INFO - Extracción exitosa.
2026-06-01 23:07:00,507 - INFO - Iniciando transformación de datos...
2026-06-01 23:07:00,510 - INFO - Transformación completada (5 registros procesados).
2026-06-01 23:07:00,510 - INFO - Iniciando carga en la base de datos crypto_data.db...
2026-06-01 23:07:00,514 - INFO - Carga exitosa. Datos persistidos.
2026-06-02 04:43:18,740 - INFO - Iniciando extracción (Intento 1/3)...
2026-06-02 04:43:18,888 - INFO - Extracción exitosa.
2026-06-02 04:43:18,890 - INFO - Iniciando transformación de datos...
2026-06-02 04:43:18,893 - INFO - Transformación completada (5 registros procesados).
2026-06-02 04:43:18,893 - INFO - Iniciando carga en la base de datos crypto_data.db...
2026-06-02 04:43:18,897 - INFO - Carga exitosa. Datos persistidos.
2026-06-02 09:14:15,783 - INFO - Iniciando extracción (Intento 1/3)...
2026-06-02 09:14:15,903 - INFO - Extracción exitosa.
2026-06-02 09:14:15,904 - INFO - Iniciando transformación de datos...
2026-06-02 09:14:15,907 - INFO - Transformación completada (5 registros procesados).
2026-06-02 09:14:15,908 - INFO - Iniciando carga en la base de datos crypto_data.db...
2026-06-02 09:14:15,912 - INFO - Carga exitosa. Datos persistidos.
2026-06-02 14:12:32,806 - INFO - Iniciando extracción (Intento 1/3)...
2026-06-02 14:12:32,898 - INFO - Extracción exitosa.
2026-06-02 14:12:32,899 - INFO - Iniciando transformación de datos...
2026-06-02 14:12:32,902 - INFO - Transformación completada (5 registros procesados).
2026-06-02 14:12:32,902 - INFO - Iniciando carga en la base de datos crypto_data.db...
2026-06-02 14:12:32,906 - INFO - Carga exitosa. Datos persistidos.
2026-06-02 18:46:58,357 - INFO - Iniciando extracción (Intento 1/3)...
2026-06-02 18:46:58,561 - INFO - Extracción exitosa.
2026-06-02 18:46:58,562 - INFO - Iniciando transformación de datos...
2026-06-02 18:46:58,565 - INFO - Transformación completada (5 registros procesados).
2026-06-02 18:46:58,565 - INFO - Iniciando carga en la base de datos crypto_data.db...
2026-06-02 18:46:58,569 - INFO - Carga exitosa. Datos persistidos.
2026-06-02 21:53:21,050 - INFO - Iniciando extracción (Intento 1/3)...
2026-06-02 21:53:21,190 - INFO - Extracción exitosa.
2026-06-02 21:53:21,191 - INFO - Iniciando transformación de datos...
2026-06-02 21:53:21,194 - INFO - Transformación completada (5 registros procesados).
2026-06-02 21:53:21,194 - INFO - Iniciando carga en la base de datos crypto_data.db...
2026-06-02 21:53:21,199 - INFO - Carga exitosa. Datos persistidos.
2026-06-02 23:52:22,329 - INFO - Iniciando extracción (Intento 1/3)...
2026-06-02 23:52:22,472 - INFO - Extracción exitosa.
2026-06-02 23:52:22,474 - INFO - Iniciando transformación de datos...
2026-06-02 23:52:22,477 - INFO - Transformación completada (5 registros procesados).
2026-06-02 23:52:22,477 - INFO - Iniciando carga en la base de datos crypto_data.db...
2026-06-02 23:52:22,482 - INFO - Carga exitosa. Datos persistidos.
2026-06-03 04:52:11,667 - INFO - Iniciando extracción (Intento 1/3)...
2026-06-03 04:52:11,815 - INFO - Extracción exitosa.
2026-06-03 04:52:11,816 - INFO - Iniciando transformación de datos...
2026-06-03 04:52:11,819 - INFO - Transformación completada (5 registros procesados).
2026-06-03 04:52:11,819 - INFO - Iniciando carga en la base de datos crypto_data.db...
2026-06-03 04:52:11,824 - INFO - Carga exitosa. Datos persistidos.
2026-06-03 09:58:25,071 - INFO - Iniciando extracción (Intento 1/3)...
2026-06-03 09:58:25,172 - INFO - Extracción exitosa.
2026-06-03 09:58:25,173 - INFO - Iniciando transformación de datos...
2026-06-03 09:58:25,177 - INFO - Transformación completada (5 registros procesados).
2026-06-03 09:58:25,178 - INFO - Iniciando carga en la base de datos crypto_data.db...
2026-06-03 09:58:25,182 - INFO - Carga exitosa. Datos persistidos.
2026-06-03 14:54:05,059 - INFO - Iniciando extracción (Intento 1/3)...
2026-06-03 14:54:05,225 - INFO - Extracción exitosa.
2026-06-03 14:54:05,226 - INFO - Iniciando transformación de datos...
2026-06-03 14:54:05,229 - INFO - Transformación completada (5 registros procesados).
2026-06-03 14:54:05,230 - INFO - Iniciando carga en la base de datos crypto_data.db...
2026-06-03 14:54:05,234 - INFO - Carga exitosa. Datos persistidos.
2026-06-03 18:50:49,428 - INFO - Iniciando extracción (Intento 1/3)...
2026-06-03 18:50:49,586 - INFO - Extracción exitosa.
2026-06-03 18:50:49,587 - INFO - Iniciando transformación de datos...
2026-06-03 18:50:49,590 - INFO - Transformación completada (5 registros procesados).
2026-06-03 18:50:49,590 - INFO - Iniciando carga en la base de datos crypto_data.db...
2026-06-03 18:50:49,595 - INFO - Carga exitosa. Datos persistidos.
2026-06-03 21:54:36,522 - INFO - Iniciando extracción (Intento 1/3)...
2026-06-03 21:54:36,672 - INFO - Extracción exitosa.
2026-06-03 21:54:36,674 - INFO - Iniciando transformación de datos...
2026-06-03 21:54:36,677 - INFO - Transformación completada (5 registros procesados).
2026-06-03 21:54:36,677 - INFO - Iniciando carga en la base de datos crypto_data.db...
2026-06-03 21:54:36,682 - INFO - Carga exitosa. Datos persistidos.
2026-06-03 23:49:52,485 - INFO - Iniciando extracción (Intento 1/3)...
2026-06-03 23:49:52,639 - INFO - Extracción exitosa.
2026-06-03 23:49:52,640 - INFO - Iniciando transformación de datos...
2026-06-03 23:49:52,643 - INFO - Transformación completada (5 registros procesados).
2026-06-03 23:49:52,643 - INFO - Iniciando carga en la base de datos crypto_data.db...
2026-06-03 23:49:52,648 - INFO - Carga exitosa. Datos persistidos.
2026-06-04 04:46:24,753 - INFO - Iniciando extracción (Intento 1/3)...
2026-06-04 04:46:24,872 - INFO - Extracción exitosa.
2026-06-04 04:46:24,873 - INFO - Iniciando transformación de datos...
2026-06-04 04:46:24,876 - INFO - Transformación completada (5 registros procesados).
2026-06-04 04:46:24,876 - INFO - Iniciando carga en la base de datos crypto_data.db...
2026-06-04 04:46:24,880 - INFO - Carga exitosa. Datos persistidos.
2026-06-04 08:54:18,069 - INFO - Iniciando extracción (Intento 1/3)...
2026-06-04 08:54:18,289 - INFO - Extracción exitosa.
2026-06-04 08:54:18,290 - INFO - Iniciando transformación de datos...
2026-06-04 08:54:18,293 - INFO - Transformación completada (5 registros procesados).
2026-06-04 08:54:18,293 - INFO - Iniciando carga en la base de datos crypto_data.db...
2026-06-04 08:54:18,297 - INFO - Carga exitosa. Datos persistidos.
2026-06-04 12:06:45,064 - INFO - Iniciando extracción (Intento 1/3)...
2026-06-04 12:06:45,154 - INFO - Extracción exitosa.
2026-06-04 12:06:45,155 - INFO - Iniciando transformación de datos...
2026-06-04 12:06:45,158 - INFO - Transformación completada (5 registros procesados).
2026-06-04 12:06:45,158 - INFO - Iniciando carga en la base de datos crypto_data.db...
2026-06-04 12:06:45,163 - INFO - Carga exitosa. Datos persistidos.
2026-06-04 16:23:59,391 - INFO - Iniciando extracción (Intento 1/3)...
2026-06-04 16:23:59,530 - INFO - Extracción exitosa.
2026-06-04 16:23:59,531 - INFO - Iniciando transformación de datos...
2026-06-04 16:23:59,534 - INFO - Transformación completada (5 registros procesados).
2026-06-04 16:23:59,534 - INFO - Iniciando carga en la base de datos crypto_data.db...
2026-06-04 16:23:59,538 - INFO - Carga exitosa. Datos persistidos.
2026-06-04 19:26:04,288 - INFO - Iniciando extracción (Intento 1/3)...
2026-06-04 19:26:04,440 - INFO - Extracción exitosa.
2026-06-04 19:26:04,442 - INFO - Iniciando transformación de datos...
2026-06-04 19:26:04,445 - INFO - Transformación completada (5 registros procesados).
2026-06-04 19:26:04,445 - INFO - Iniciando carga en la base de datos crypto_data.db...
2026-06-04 19:26:04,449 - INFO - Carga exitosa. Datos persistidos.
2026-06-04 21:46:59,689 - INFO - Iniciando extracción (Intento 1/3)...
2026-06-04 21:46:59,808 - INFO - Extracción exitosa.
2026-06-04 21:46:59,809 - INFO - Iniciando transformación de datos...
2026-06-04 21:46:59,812 - INFO - Transformación completada (5 registros procesados).
2026-06-04 21:46:59,812 - INFO - Iniciando carga en la base de datos crypto_data.db...
2026-06-04 21:46:59,818 - INFO - Carga exitosa. Datos persistidos.
2026-06-04 23:14:05,978 - INFO - Iniciando extracción (Intento 1/3)...
2026-06-04 23:14:06,118 - INFO - Extracción exitosa.
2026-06-04 23:14:06,119 - INFO - Iniciando transformación de datos...
2026-06-04 23:14:06,123 - INFO - Transformación completada (5 registros procesados).
2026-06-04 23:14:06,123 - INFO - Iniciando carga en la base de datos crypto_data.db...
2026-06-04 23:14:06,128 - INFO - Carga exitosa. Datos persistidos.
2026-06-05 04:21:03,169 - INFO - Iniciando extracción (Intento 1/3)...
2026-06-05 04:21:03,319 - INFO - Extracción exitosa.
2026-06-05 04:21:03,321 - INFO - Iniciando transformación de datos...
2026-06-05 04:21:03,323 - INFO - Transformación completada (5 registros procesados).
2026-06-05 04:21:03,324 - INFO - Iniciando carga en la base de datos crypto_data.db...
2026-06-05 04:21:03,328 - INFO - Carga exitosa. Datos persistidos.
2026-06-05 08:47:29,983 - INFO - Iniciando extracción (Intento 1/3)...
2026-06-05 08:47:30,131 - INFO - Extracción exitosa.
2026-06-05 08:47:30,132 - INFO - Iniciando transformación de datos...
2026-06-05 08:47:30,134 - INFO - Transformación completada (5 registros procesados).
2026-06-05 08:47:30,134 - INFO - Iniciando carga en la base de datos crypto_data.db...
2026-06-05 08:47:30,139 - INFO - Carga exitosa. Datos persistidos.
2026-06-05 12:13:42,498 - INFO - Iniciando extracción (Intento 1/3)...
2026-06-05 12:13:42,710 - INFO - Extracción exitosa.
2026-06-05 12:13:42,711 - INFO - Iniciando transformación de datos...
2026-06-05 12:13:42,715 - INFO - Transformación completada (5 registros procesados).
2026-06-05 12:13:42,715 - INFO - Iniciando carga en la base de datos crypto_data.db...
2026-06-05 12:13:42,720 - INFO - Carga exitosa. Datos persistidos.
2026-06-05 16:03:57,011 - INFO - Iniciando extracción (Intento 1/3)...
2026-06-05 16:03:57,214 - INFO - Extracción exitosa.
2026-06-05 16:03:57,216 - INFO - Iniciando transformación de datos...
2026-06-05 16:03:57,219 - INFO - Transformación completada (5 registros procesados).
2026-06-05 16:03:57,219 - INFO - Iniciando carga en la base de datos crypto_data.db...
2026-06-05 16:03:57,224 - INFO - Carga exitosa. Datos persistidos.
2026-06-05 19:00:12,128 - INFO - Iniciando extracción (Intento 1/3)...
2026-06-05 19:00:12,265 - INFO - Extracción exitosa.
2026-06-05 19:00:12,266 - INFO - Iniciando transformación de datos...
2026-06-05 19:00:12,269 - INFO - Transformación completada (5 registros procesados).
2026-06-05 19:00:12,269 - INFO - Iniciando carga en la base de datos crypto_data.db...
2026-06-05 19:00:12,308 - INFO - Carga exitosa. Datos persistidos.
2026-06-05 20:53:06,494 - INFO - Iniciando extracción (Intento 1/3)...
2026-06-05 20:53:06,707 - INFO - Extracción exitosa.
2026-06-05 20:53:06,709 - INFO - Iniciando transformación de datos...
2026-06-05 20:53:06,712 - INFO - Transformación completada (5 registros procesados).
2026-06-05 20:53:06,712 - INFO - Iniciando carga en la base de datos crypto_data.db...
2026-06-05 20:53:06,717 - INFO - Carga exitosa. Datos persistidos.
2026-06-05 22:19:56,980 - INFO - Iniciando extracción (Intento 1/3)...
2026-06-05 22:19:57,097 - INFO - Extracción exitosa.
2026-06-05 22:19:57,098 - INFO - Iniciando transformación de datos...
2026-06-05 22:19:57,102 - INFO - Transformación completada (5 registros procesados).
2026-06-05 22:19:57,102 - INFO - Iniciando carga en la base de datos crypto_data.db...
2026-06-05 22:19:57,108 - INFO - Carga exitosa. Datos persistidos.
2026-06-06 00:14:17,349 - INFO - Iniciando extracción (Intento 1/3)...
2026-06-06 00:14:17,529 - INFO - Extracción exitosa.
2026-06-06 00:14:17,530 - INFO - Iniciando transformación de datos...
2026-06-06 00:14:17,533 - INFO - Transformación completada (5 registros procesados).
2026-06-06 00:14:17,533 - INFO - Iniciando carga en la base de datos crypto_data.db...
2026-06-06 00:14:17,546 - INFO - Carga exitosa. Datos persistidos.
2026-06-06 04:58:13,486 - INFO - Iniciando extracción (Intento 1/3)...
2026-06-06 04:58:13,665 - INFO - Extracción exitosa.
2026-06-06 04:58:13,666 - INFO - Iniciando transformación de datos...
2026-06-06 04:58:13,668 - INFO - Transformación completada (5 registros procesados).
2026-06-06 04:58:13,668 - INFO - Iniciando carga en la base de datos crypto_data.db...
2026-06-06 04:58:13,671 - INFO - Carga exitosa. Datos persistidos.
2026-06-06 07:52:41,588 - INFO - Iniciando extracción (Intento 1/3)...
2026-06-06 07:52:41,728 - INFO - Extracción exitosa.
2026-06-06 07:52:41,729 - INFO - Iniciando transformación de datos...
2026-06-06 07:52:41,732 - INFO - Transformación completada (5 registros procesados).
2026-06-06 07:52:41,732 - INFO - Iniciando carga en la base de datos crypto_data.db...
2026-06-06 07:52:41,736 - INFO - Carga exitosa. Datos persistidos.
2026-06-06 10:11:05,631 - INFO - Iniciando extracción (Intento 1/3)...
2026-06-06 10:11:05,806 - INFO - Extracción exitosa.
2026-06-06 10:11:05,807 - INFO - Iniciando transformación de datos...
2026-06-06 10:11:05,810 - INFO - Transformación completada (5 registros procesados).
2026-06-06 10:11:05,810 - INFO - Iniciando carga en la base de datos crypto_data.db...
2026-06-06 10:11:05,814 - INFO - Carga exitosa. Datos persistidos.
2026-06-06 12:09:39,508 - INFO - Iniciando extracción (Intento 1/3)...
2026-06-06 12:09:39,732 - INFO - Extracción exitosa.
2026-06-06 12:09:39,733 - INFO - Iniciando transformación de datos...
2026-06-06 12:09:39,736 - INFO - Transformación completada (5 registros procesados).
2026-06-06 12:09:39,737 - INFO - Iniciando carga en la base de datos crypto_data.db...
2026-06-06 12:09:39,741 - INFO - Carga exitosa. Datos persistidos.
2026-06-06 14:47:06,956 - INFO - Iniciando extracción (Intento 1/3)...
2026-06-06 14:47:07,078 - INFO - Extracción exitosa.
2026-06-06 14:47:07,080 - INFO - Iniciando transformación de datos...
2026-06-06 14:47:07,083 - INFO - Transformación completada (5 registros procesados).
2026-06-06 14:47:07,083 - INFO - Iniciando carga en la base de datos crypto_data.db...
2026-06-06 14:47:07,088 - INFO - Carga exitosa. Datos persistidos.
2026-06-06 16:11:46,062 - INFO - Iniciando extracción (Intento 1/3)...
2026-06-06 16:11:46,163 - INFO - Extracción exitosa.
2026-06-06 16:11:46,164 - INFO - Iniciando transformación de datos...
2026-06-06 16:11:46,169 - INFO - Transformación completada (5 registros procesados).
2026-06-06 16:11:46,169 - INFO - Iniciando carga en la base de datos crypto_data.db...
2026-06-06 16:11:46,174 - INFO - Carga exitosa. Datos persistidos.
2026-06-06 18:12:15,287 - INFO - Iniciando extracción (Intento 1/3)...
2026-06-06 18:12:15,406 - INFO - Extracción exitosa.
2026-06-06 18:12:15,407 - INFO - Iniciando transformación de datos...
2026-06-06 18:12:15,410 - INFO - Transformación completada (5 registros procesados).
2026-06-06 18:12:15,410 - INFO - Iniciando carga en la base de datos crypto_data.db...
2026-06-06 18:12:15,415 - INFO - Carga exitosa. Datos persistidos.
2026-06-06 20:14:20,655 - INFO - Iniciando extracción (Intento 1/3)...
2026-06-06 20:14:20,860 - INFO - Extracción exitosa.
2026-06-06 20:14:20,861 - INFO - Iniciando transformación de datos...
2026-06-06 20:14:20,864 - INFO - Transformación completada (5 registros procesados).
2026-06-06 20:14:20,864 - INFO - Iniciando carga en la base de datos crypto_data.db...
2026-06-06 20:14:20,869 - INFO - Carga exitosa. Datos persistidos.
2026-06-06 22:08:47,593 - INFO - Iniciando extracción (Intento 1/3)...
2026-06-06 22:08:47,711 - INFO - Extracción exitosa.
2026-06-06 22:08:47,712 - INFO - Iniciando transformación de datos...
2026-06-06 22:08:47,715 - INFO - Transformación completada (5 registros procesados).
2026-06-06 22:08:47,715 - INFO - Iniciando carga en la base de datos crypto_data.db...
2026-06-06 22:08:47,720 - INFO - Carga exitosa. Datos persistidos.
2026-06-07 00:11:00,227 - INFO - Iniciando extracción (Intento 1/3)...
2026-06-07 00:11:00,364 - INFO - Extracción exitosa.
2026-06-07 00:11:00,366 - INFO - Iniciando transformación de datos...
2026-06-07 00:11:00,370 - INFO - Transformación completada (5 registros procesados).
2026-06-07 00:11:00,370 - INFO - Iniciando carga en la base de datos crypto_data.db...
2026-06-07 00:11:00,376 - INFO - Carga exitosa. Datos persistidos.
2026-06-07 05:43:11,955 - INFO - Iniciando extracción (Intento 1/3)...
2026-06-07 05:43:12,091 - INFO - Extracción exitosa.
2026-06-07 05:43:12,092 - INFO - Iniciando transformación de datos...
2026-06-07 05:43:12,095 - INFO - Transformación completada (5 registros procesados).
2026-06-07 05:43:12,095 - INFO - Iniciando carga en la base de datos crypto_data.db...
2026-06-07 05:43:12,100 - INFO - Carga exitosa. Datos persistidos.
2026-06-07 09:25:33,475 - INFO - Iniciando extracción (Intento 1/3)...
2026-06-07 09:25:33,717 - INFO - Extracción exitosa.
2026-06-07 09:25:33,718 - INFO - Iniciando transformación de datos...
2026-06-07 09:25:33,721 - INFO - Transformación completada (5 registros procesados).
2026-06-07 09:25:33,721 - INFO - Iniciando carga en la base de datos crypto_data.db...
2026-06-07 09:25:33,725 - INFO - Carga exitosa. Datos persistidos.
2026-06-07 11:53:54,934 - INFO - Iniciando extracción (Intento 1/3)...
2026-06-07 11:53:55,073 - INFO - Extracción exitosa.
2026-06-07 11:53:55,074 - INFO - Iniciando transformación de datos...
2026-06-07 11:53:55,077 - INFO - Transformación completada (5 registros procesados).
2026-06-07 11:53:55,078 - INFO - Iniciando carga en la base de datos crypto_data.db...
2026-06-07 11:53:55,082 - INFO - Carga exitosa. Datos persistidos.
2026-06-07 14:07:47,450 - INFO - Iniciando extracción (Intento 1/3)...
2026-06-07 14:07:47,572 - INFO - Extracción exitosa.
2026-06-07 14:07:47,573 - INFO - Iniciando transformación de datos...
2026-06-07 14:07:47,577 - INFO - Transformación completada (5 registros procesados).
2026-06-07 14:07:47,577 - INFO - Iniciando carga en la base de datos crypto_data.db...
2026-06-07 14:07:47,582 - INFO - Carga exitosa. Datos persistidos.
2026-06-07 16:22:23,797 - INFO - Iniciando extracción (Intento 1/3)...
2026-06-07 16:22:23,929 - INFO - Extracción exitosa.
2026-06-07 16:22:23,930 - INFO - Iniciando transformación de datos...
2026-06-07 16:22:23,933 - INFO - Transformación completada (5 registros procesados).
2026-06-07 16:22:23,933 - INFO - Iniciando carga en la base de datos crypto_data.db...
2026-06-07 16:22:23,938 - INFO - Carga exitosa. Datos persistidos.
2026-06-07 18:09:49,267 - INFO - Iniciando extracción (Intento 1/3)...
2026-06-07 18:09:49,425 - INFO - Extracción exitosa.
2026-06-07 18:09:49,426 - INFO - Iniciando transformación de datos...
2026-06-07 18:09:49,429 - INFO - Transformación completada (5 registros procesados).
2026-06-07 18:09:49,429 - INFO - Iniciando carga en la base de datos crypto_data.db...
2026-06-07 18:09:49,433 - INFO - Carga exitosa. Datos persistidos.
2026-06-07 20:17:51,560 - INFO - Iniciando extracción (Intento 1/3)...
2026-06-07 20:17:51,661 - INFO - Extracción exitosa.
2026-06-07 20:17:51,662 - INFO - Iniciando transformación de datos...
2026-06-07 20:17:51,665 - INFO - Transformación completada (5 registros procesados).
2026-06-07 20:17:51,665 - INFO - Iniciando carga en la base de datos crypto_data.db...
2026-06-07 20:17:51,669 - INFO - Carga exitosa. Datos persistidos.
2026-06-07 22:10:06,595 - INFO - Iniciando extracción (Intento 1/3)...
2026-06-07 22:10:06,739 - INFO - Extracción exitosa.
2026-06-07 22:10:06,740 - INFO - Iniciando transformación de datos...
2026-06-07 22:10:06,742 - INFO - Transformación completada (5 registros procesados).
2026-06-07 22:10:06,742 - INFO - Iniciando carga en la base de datos crypto_data.db...
2026-06-07 22:10:06,747 - INFO - Carga exitosa. Datos persistidos.
2026-06-08 00:16:17,903 - INFO - Iniciando extracción (Intento 1/3)...
2026-06-08 00:16:18,056 - INFO - Extracción exitosa.
2026-06-08 00:16:18,057 - INFO - Iniciando transformación de datos...
2026-06-08 00:16:18,060 - INFO - Transformación completada (5 registros procesados).
2026-06-08 00:16:18,060 - INFO - Iniciando carga en la base de datos crypto_data.db...
2026-06-08 00:16:18,069 - INFO - Carga exitosa. Datos persistidos.
2026-06-08 05:57:11,498 - INFO - Iniciando extracción (Intento 1/3)...
2026-06-08 05:57:11,706 - INFO - Extracción exitosa.
2026-06-08 05:57:11,707 - INFO - Iniciando transformación de datos...
2026-06-08 05:57:11,710 - INFO - Transformación completada (5 registros procesados).
2026-06-08 05:57:11,710 - INFO - Iniciando carga en la base de datos crypto_data.db...
2026-06-08 05:57:11,715 - INFO - Carga exitosa. Datos persistidos.
2026-06-08 11:15:49,915 - INFO - Iniciando extracción (Intento 1/3)...
2026-06-08 11:15:50,166 - INFO - Extracción exitosa.
2026-06-08 11:15:50,167 - INFO - Iniciando transformación de datos...
2026-06-08 11:15:50,170 - INFO - Transformación completada (5 registros procesados).
2026-06-08 11:15:50,170 - INFO - Iniciando carga en la base de datos crypto_data.db...
2026-06-08 11:15:50,175 - INFO - Carga exitosa. Datos persistidos.
2026-06-08 16:06:06,183 - INFO - Iniciando extracción (Intento 1/3)...
2026-06-08 16:06:06,341 - INFO - Extracción exitosa.
2026-06-08 16:06:06,342 - INFO - Iniciando transformación de datos...
2026-06-08 16:06:06,345 - INFO - Transformación completada (5 registros procesados).
2026-06-08 16:06:06,345 - INFO - Iniciando carga en la base de datos crypto_data.db...
2026-06-08 16:06:06,349 - INFO - Carga exitosa. Datos persistidos.
2026-06-08 19:25:05,138 - INFO - Iniciando extracción (Intento 1/3)...
2026-06-08 19:25:05,423 - INFO - Extracción exitosa.
2026-06-08 19:25:05,424 - INFO - Iniciando transformación de datos...
2026-06-08 19:25:05,427 - INFO - Transformación completada (5 registros procesados).
2026-06-08 19:25:05,427 - INFO - Iniciando carga en la base de datos crypto_data.db...
2026-06-08 19:25:05,433 - INFO - Carga exitosa. Datos persistidos.
2026-06-08 21:54:53,705 - INFO - Iniciando extracción (Intento 1/3)...
2026-06-08 21:54:53,800 - INFO - Extracción exitosa.
2026-06-08 21:54:53,801 - INFO - Iniciando transformación de datos...
2026-06-08 21:54:53,804 - INFO - Transformación completada (5 registros procesados).
2026-06-08 21:54:53,804 - INFO - Iniciando carga en la base de datos crypto_data.db...
2026-06-08 21:54:53,812 - INFO - Carga exitosa. Datos persistidos.
2026-06-08 23:16:15,023 - INFO - Iniciando extracción (Intento 1/3)...
2026-06-08 23:16:15,159 - INFO - Extracción exitosa.
2026-06-08 23:16:15,160 - INFO - Iniciando transformación de datos...
2026-06-08 23:16:15,163 - INFO - Transformación completada (5 registros procesados).
2026-06-08 23:16:15,163 - INFO - Iniciando carga en la base de datos crypto_data.db...
2026-06-08 23:16:15,167 - INFO - Carga exitosa. Datos persistidos.
2026-06-09 04:06:40,815 - INFO - Iniciando extracción (Intento 1/3)...
2026-06-09 04:06:40,962 - INFO - Extracción exitosa.
2026-06-09 04:06:40,963 - INFO - Iniciando transformación de datos...
2026-06-09 04:06:40,967 - INFO - Transformación completada (5 registros procesados).
2026-06-09 04:06:40,967 - INFO - Iniciando carga en la base de datos crypto_data.db...
2026-06-09 04:06:40,971 - INFO - Carga exitosa. Datos persistidos.
2026-06-09 08:34:29,633 - INFO - Iniciando extracción (Intento 1/3)...
2026-06-09 08:34:29,832 - INFO - Extracción exitosa.
2026-06-09 08:34:29,834 - INFO - Iniciando transformación de datos...
2026-06-09 08:34:29,837 - INFO - Transformación completada (5 registros procesados).
2026-06-09 08:34:29,837 - INFO - Iniciando carga en la base de datos crypto_data.db...
2026-06-09 08:34:29,842 - INFO - Carga exitosa. Datos persistidos.
2026-06-09 12:09:43,588 - INFO - Iniciando extracción (Intento 1/3)...
2026-06-09 12:09:43,746 - INFO - Extracción exitosa.
2026-06-09 12:09:43,747 - INFO - Iniciando transformación de datos...
2026-06-09 12:09:43,750 - INFO - Transformación completada (5 registros procesados).
2026-06-09 12:09:43,750 - INFO - Iniciando carga en la base de datos crypto_data.db...
2026-06-09 12:09:43,755 - INFO - Carga exitosa. Datos persistidos.
2026-06-09 16:07:52,688 - INFO - Iniciando extracción (Intento 1/3)...
2026-06-09 16:07:52,846 - INFO - Extracción exitosa.
2026-06-09 16:07:52,847 - INFO - Iniciando transformación de datos...
2026-06-09 16:07:52,850 - INFO - Transformación completada (5 registros procesados).
2026-06-09 16:07:52,850 - INFO - Iniciando carga en la base de datos crypto_data.db...
2026-06-09 16:07:52,855 - INFO - Carga exitosa. Datos persistidos.
2026-06-09 19:20:55,405 - INFO - Iniciando extracción (Intento 1/3)...
2026-06-09 19:20:55,547 - INFO - Extracción exitosa.
2026-06-09 19:20:55,548 - INFO - Iniciando transformación de datos...
2026-06-09 19:20:55,551 - INFO - Transformación completada (5 registros procesados).
2026-06-09 19:20:55,551 - INFO - Iniciando carga en la base de datos crypto_data.db...
2026-06-09 19:20:55,556 - INFO - Carga exitosa. Datos persistidos.
2026-06-09 21:52:14,683 - INFO - Iniciando extracción (Intento 1/3)...
2026-06-09 21:52:14,815 - INFO - Extracción exitosa.
2026-06-09 21:52:14,816 - INFO - Iniciando transformación de datos...
2026-06-09 21:52:14,818 - INFO - Transformación completada (5 registros procesados).
2026-06-09 21:52:14,818 - INFO - Iniciando carga en la base de datos crypto_data.db...
2026-06-09 21:52:14,822 - INFO - Carga exitosa. Datos persistidos.
2026-06-09 23:21:20,580 - INFO - Iniciando extracción (Intento 1/3)...
2026-06-09 23:21:20,792 - INFO - Extracción exitosa.
2026-06-09 23:21:20,794 - INFO - Iniciando transformación de datos...
2026-06-09 23:21:20,797 - INFO - Transformación completada (5 registros procesados).
2026-06-09 23:21:20,797 - INFO - Iniciando carga en la base de datos crypto_data.db...
2026-06-09 23:21:20,801 - INFO - Carga exitosa. Datos persistidos.
2026-06-10 04:18:07,416 - INFO - Iniciando extracción (Intento 1/3)...
2026-06-10 04:18:07,549 - INFO - Extracción exitosa.
2026-06-10 04:18:07,550 - INFO - Iniciando transformación de datos...
2026-06-10 04:18:07,553 - INFO - Transformación completada (5 registros procesados).
2026-06-10 04:18:07,553 - INFO - Iniciando carga en la base de datos crypto_data.db...
2026-06-10 04:18:07,557 - INFO - Carga exitosa. Datos persistidos.
2026-06-10 08:54:34,515 - INFO - Iniciando extracción (Intento 1/3)...
2026-06-10 08:54:34,656 - INFO - Extracción exitosa.
2026-06-10 08:54:34,657 - INFO - Iniciando transformación de datos...
2026-06-10 08:54:34,660 - INFO - Transformación completada (5 registros procesados).
2026-06-10 08:54:34,660 - INFO - Iniciando carga en la base de datos crypto_data.db...
2026-06-10 08:54:34,664 - INFO - Carga exitosa. Datos persistidos.
2026-06-10 12:28:52,965 - INFO - Iniciando extracción (Intento 1/3)...
2026-06-10 12:28:53,118 - INFO - Extracción exitosa.
2026-06-10 12:28:53,120 - INFO - Iniciando transformación de datos...
2026-06-10 12:28:53,124 - INFO - Transformación completada (5 registros procesados).
2026-06-10 12:28:53,124 - INFO - Iniciando carga en la base de datos crypto_data.db...
2026-06-10 12:28:53,131 - INFO - Carga exitosa. Datos persistidos.
2026-06-10 16:39:14,120 - INFO - Iniciando extracción (Intento 1/3)...
2026-06-10 16:39:14,317 - INFO - Extracción exitosa.
2026-06-10 16:39:14,318 - INFO - Iniciando transformación de datos...
2026-06-10 16:39:14,321 - INFO - Transformación completada (5 registros procesados).
2026-06-10 16:39:14,321 - INFO - Iniciando carga en la base de datos crypto_data.db...
2026-06-10 16:39:14,325 - INFO - Carga exitosa. Datos persistidos.
2026-06-10 19:39:34,824 - INFO - Iniciando extracción (Intento 1/3)...
2026-06-10 19:39:34,995 - INFO - Extracción exitosa.
2026-06-10 19:39:34,997 - INFO - Iniciando transformación de datos...
2026-06-10 19:39:35,000 - INFO - Transformación completada (5 registros procesados).
2026-06-10 19:39:35,000 - INFO - Iniciando carga en la base de datos crypto_data.db...
2026-06-10 19:39:35,004 - INFO - Carga exitosa. Datos persistidos.
2026-06-10 22:09:42,454 - INFO - Iniciando extracción (Intento 1/3)...
2026-06-10 22:09:42,602 - INFO - Extracción exitosa.
2026-06-10 22:09:42,603 - INFO - Iniciando transformación de datos...
2026-06-10 22:09:42,607 - INFO - Transformación completada (5 registros procesados).
2026-06-10 22:09:42,607 - INFO - Iniciando carga en la base de datos crypto_data.db...
2026-06-10 22:09:42,612 - INFO - Carga exitosa. Datos persistidos.
2026-06-11 00:21:53,538 - INFO - Iniciando extracción (Intento 1/3)...
2026-06-11 00:21:53,764 - INFO - Extracción exitosa.
2026-06-11 00:21:53,765 - INFO - Iniciando transformación de datos...
2026-06-11 00:21:53,768 - INFO - Transformación completada (5 registros procesados).
2026-06-11 00:21:53,768 - INFO - Iniciando carga en la base de datos crypto_data.db...
2026-06-11 00:21:53,775 - INFO - Carga exitosa. Datos persistidos.
2026-06-11 05:56:26,308 - INFO - Iniciando extracción (Intento 1/3)...
2026-06-11 05:56:26,435 - INFO - Extracción exitosa.
2026-06-11 05:56:26,436 - INFO - Iniciando transformación de datos...
2026-06-11 05:56:26,440 - INFO - Transformación completada (5 registros procesados).
2026-06-11 05:56:26,440 - INFO - Iniciando carga en la base de datos crypto_data.db...
2026-06-11 05:56:26,445 - INFO - Carga exitosa. Datos persistidos.
2026-06-11 10:53:09,919 - INFO - Iniciando extracción (Intento 1/3)...
2026-06-11 10:53:10,052 - INFO - Extracción exitosa.
2026-06-11 10:53:10,053 - INFO - Iniciando transformación de datos...
2026-06-11 10:53:10,057 - INFO - Transformación completada (5 registros procesados).
2026-06-11 10:53:10,057 - INFO - Iniciando carga en la base de datos crypto_data.db...
2026-06-11 10:53:10,062 - INFO - Carga exitosa. Datos persistidos.
2026-06-11 14:43:50,943 - INFO - Iniciando extracción (Intento 1/3)...
2026-06-11 14:43:51,077 - INFO - Extracción exitosa.
2026-06-11 14:43:51,079 - INFO - Iniciando transformación de datos...
2026-06-11 14:43:51,082 - INFO - Transformación completada (5 registros procesados).
2026-06-11 14:43:51,082 - INFO - Iniciando carga en la base de datos crypto_data.db...
2026-06-11 14:43:51,086 - INFO - Carga exitosa. Datos persistidos.
2026-06-11 18:20:44,234 - INFO - Iniciando extracción (Intento 1/3)...
2026-06-11 18:20:44,370 - INFO - Extracción exitosa.
2026-06-11 18:20:44,371 - INFO - Iniciando transformación de datos...
2026-06-11 18:20:44,375 - INFO - Transformación completada (5 registros procesados).
2026-06-11 18:20:44,375 - INFO - Iniciando carga en la base de datos crypto_data.db...
2026-06-11 18:20:44,388 - INFO - Carga exitosa. Datos persistidos.
2026-06-11 21:25:53,258 - INFO - Iniciando extracción (Intento 1/3)...
2026-06-11 21:25:53,395 - INFO - Extracción exitosa.
2026-06-11 21:25:53,396 - INFO - Iniciando transformación de datos...
2026-06-11 21:25:53,399 - INFO - Transformación completada (5 registros procesados).
2026-06-11 21:25:53,400 - INFO - Iniciando carga en la base de datos crypto_data.db...
2026-06-11 21:25:53,405 - INFO - Carga exitosa. Datos persistidos.
2026-06-11 23:41:56,643 - INFO - Iniciando extracción (Intento 1/3)...
2026-06-11 23:41:56,794 - INFO - Extracción exitosa.
2026-06-11 23:41:56,795 - INFO - Iniciando transformación de datos...
2026-06-11 23:41:56,797 - INFO - Transformación completada (5 registros procesados).
2026-06-11 23:41:56,797 - INFO - Iniciando carga en la base de datos crypto_data.db...
2026-06-11 23:41:56,801 - INFO - Carga exitosa. Datos persistidos.
2026-06-12 04:43:17,577 - INFO - Iniciando extracción (Intento 1/3)...
2026-06-12 04:43:17,772 - INFO - Extracción exitosa.
2026-06-12 04:43:17,773 - INFO - Iniciando transformación de datos...
2026-06-12 04:43:17,776 - INFO - Transformación completada (5 registros procesados).
2026-06-12 04:43:17,776 - INFO - Iniciando carga en la base de datos crypto_data.db...
2026-06-12 04:43:17,780 - INFO - Carga exitosa. Datos persistidos.
2026-06-12 09:03:51,231 - INFO - Iniciando extracción (Intento 1/3)...
2026-06-12 09:03:51,442 - INFO - Extracción exitosa.
2026-06-12 09:03:51,443 - INFO - Iniciando transformación de datos...
2026-06-12 09:03:51,446 - INFO - Transformación completada (5 registros procesados).
2026-06-12 09:03:51,446 - INFO - Iniciando carga en la base de datos crypto_data.db...
2026-06-12 09:03:51,451 - INFO - Carga exitosa. Datos persistidos.
2026-06-12 13:31:29,960 - INFO - Iniciando extracción (Intento 1/3)...
2026-06-12 13:31:30,201 - INFO - Extracción exitosa.
2026-06-12 13:31:30,202 - INFO - Iniciando transformación de datos...
2026-06-12 13:31:30,204 - INFO - Transformación completada (5 registros procesados).
2026-06-12 13:31:30,204 - INFO - Iniciando carga en la base de datos crypto_data.db...
2026-06-12 13:31:30,225 - INFO - Carga exitosa. Datos persistidos.
2026-06-12 16:48:57,268 - INFO - Iniciando extracción (Intento 1/3)...
2026-06-12 16:48:57,506 - INFO - Extracción exitosa.
2026-06-12 16:48:57,508 - INFO - Iniciando transformación de datos...
2026-06-12 16:48:57,511 - INFO - Transformación completada (5 registros procesados).
2026-06-12 16:48:57,511 - INFO - Iniciando carga en la base de datos crypto_data.db...
2026-06-12 16:48:57,516 - INFO - Carga exitosa. Datos persistidos.
2026-06-12 19:10:53,537 - INFO - Iniciando extracción (Intento 1/3)...
2026-06-12 19:10:53,679 - INFO - Extracción exitosa.
2026-06-12 19:10:53,680 - INFO - Iniciando transformación de datos...
2026-06-12 19:10:53,683 - INFO - Transformación completada (5 registros procesados).
2026-06-12 19:10:53,683 - INFO - Iniciando carga en la base de datos crypto_data.db...
2026-06-12 19:10:53,688 - INFO - Carga exitosa. Datos persistidos.
2026-06-12 21:54:23,371 - INFO - Iniciando extracción (Intento 1/3)...
2026-06-12 21:54:23,490 - INFO - Extracción exitosa.
2026-06-12 21:54:23,491 - INFO - Iniciando transformación de datos...
2026-06-12 21:54:23,494 - INFO - Transformación completada (5 registros procesados).
2026-06-12 21:54:23,494 - INFO - Iniciando carga en la base de datos crypto_data.db...
2026-06-12 21:54:23,499 - INFO - Carga exitosa. Datos persistidos.
2026-06-12 23:23:52,123 - INFO - Iniciando extracción (Intento 1/3)...
2026-06-12 23:23:52,275 - INFO - Extracción exitosa.
2026-06-12 23:23:52,277 - INFO - Iniciando transformación de datos...
2026-06-12 23:23:52,280 - INFO - Transformación completada (5 registros procesados).
2026-06-12 23:23:52,280 - INFO - Iniciando carga en la base de datos crypto_data.db...
2026-06-12 23:23:52,284 - INFO - Carga exitosa. Datos persistidos.
2026-06-13 04:22:00,687 - INFO - Iniciando extracción (Intento 1/3)...
2026-06-13 04:22:00,779 - INFO - Extracción exitosa.
2026-06-13 04:22:00,780 - INFO - Iniciando transformación de datos...
2026-06-13 04:22:00,783 - INFO - Transformación completada (5 registros procesados).
2026-06-13 04:22:00,783 - INFO - Iniciando carga en la base de datos crypto_data.db...
2026-06-13 04:22:00,788 - INFO - Carga exitosa. Datos persistidos.
2026-06-13 08:26:29,518 - INFO - Iniciando extracción (Intento 1/3)...
2026-06-13 08:26:29,655 - INFO - Extracción exitosa.
2026-06-13 08:26:29,656 - INFO - Iniciando transformación de datos...
2026-06-13 08:26:29,659 - INFO - Transformación completada (5 registros procesados).
2026-06-13 08:26:29,659 - INFO - Iniciando carga en la base de datos crypto_data.db...
2026-06-13 08:26:29,665 - INFO - Carga exitosa. Datos persistidos.
2026-06-13 11:20:34,776 - INFO - Iniciando extracción (Intento 1/3)...
2026-06-13 11:20:34,915 - INFO - Extracción exitosa.
2026-06-13 11:20:34,916 - INFO - Iniciando transformación de datos...
2026-06-13 11:20:34,920 - INFO - Transformación completada (5 registros procesados).
2026-06-13 11:20:34,920 - INFO - Iniciando carga en la base de datos crypto_data.db...
2026-06-13 11:20:34,925 - INFO - Carga exitosa. Datos persistidos.
2026-06-13 14:13:35,169 - INFO - Iniciando extracción (Intento 1/3)...
2026-06-13 14:13:35,284 - INFO - Extracción exitosa.
2026-06-13 14:13:35,285 - INFO - Iniciando transformación de datos...
2026-06-13 14:13:35,288 - INFO - Transformación completada (5 registros procesados).
2026-06-13 14:13:35,288 - INFO - Iniciando carga en la base de datos crypto_data.db...
2026-06-13 14:13:35,293 - INFO - Carga exitosa. Datos persistidos.
2026-06-13 16:19:57,273 - INFO - Iniciando extracción (Intento 1/3)...
2026-06-13 16:19:57,437 - INFO - Extracción exitosa.
2026-06-13 16:19:57,438 - INFO - Iniciando transformación de datos...
2026-06-13 16:19:57,441 - INFO - Transformación completada (5 registros procesados).
2026-06-13 16:19:57,441 - INFO - Iniciando carga en la base de datos crypto_data.db...
2026-06-13 16:19:57,446 - INFO - Carga exitosa. Datos persistidos.
2026-06-13 18:14:09,212 - INFO - Iniciando extracción (Intento 1/3)...
2026-06-13 18:14:09,330 - INFO - Extracción exitosa.
2026-06-13 18:14:09,331 - INFO - Iniciando transformación de datos...
2026-06-13 18:14:09,334 - INFO - Transformación completada (5 registros procesados).
2026-06-13 18:14:09,334 - INFO - Iniciando carga en la base de datos crypto_data.db...
2026-06-13 18:14:09,338 - INFO - Carga exitosa. Datos persistidos.
2026-06-13 20:20:27,931 - INFO - Iniciando extracción (Intento 1/3)...
2026-06-13 20:20:28,060 - INFO - Extracción exitosa.
2026-06-13 20:20:28,061 - INFO - Iniciando transformación de datos...
2026-06-13 20:20:28,064 - INFO - Transformación completada (5 registros procesados).
2026-06-13 20:20:28,065 - INFO - Iniciando carga en la base de datos crypto_data.db...
2026-06-13 20:20:28,352 - INFO - Carga exitosa. Datos persistidos.
2026-06-13 22:11:13,089 - INFO - Iniciando extracción (Intento 1/3)...
2026-06-13 22:11:13,271 - INFO - Extracción exitosa.
2026-06-13 22:11:13,272 - INFO - Iniciando transformación de datos...
2026-06-13 22:11:13,275 - INFO - Transformación completada (5 registros procesados).
2026-06-13 22:11:13,275 - INFO - Iniciando carga en la base de datos crypto_data.db...
2026-06-13 22:11:13,280 - INFO - Carga exitosa. Datos persistidos.
2026-06-14 00:14:26,466 - INFO - Iniciando extracción (Intento 1/3)...
2026-06-14 00:14:26,797 - INFO - Extracción exitosa.
2026-06-14 00:14:26,798 - INFO - Iniciando transformación de datos...
2026-06-14 00:14:26,801 - INFO - Transformación completada (5 registros procesados).
2026-06-14 00:14:26,801 - INFO - Iniciando carga en la base de datos crypto_data.db...
2026-06-14 00:14:26,805 - INFO - Carga exitosa. Datos persistidos.
2026-06-14 05:56:03,719 - INFO - Iniciando extracción (Intento 1/3)...
2026-06-14 05:56:03,913 - INFO - Extracción exitosa.
2026-06-14 05:56:03,914 - INFO - Iniciando transformación de datos...
2026-06-14 05:56:03,917 - INFO - Transformación completada (5 registros procesados).
2026-06-14 05:56:03,917 - INFO - Iniciando carga en la base de datos crypto_data.db...
2026-06-14 05:56:03,922 - INFO - Carga exitosa. Datos persistidos.
2026-06-14 09:50:21,280 - INFO - Iniciando extracción (Intento 1/3)...
2026-06-14 09:50:21,395 - INFO - Extracción exitosa.
2026-06-14 09:50:21,396 - INFO - Iniciando transformación de datos...
2026-06-14 09:50:21,399 - INFO - Transformación completada (5 registros procesados).
2026-06-14 09:50:21,399 - INFO - Iniciando carga en la base de datos crypto_data.db...
2026-06-14 09:50:21,404 - INFO - Carga exitosa. Datos persistidos.
2026-06-14 12:03:01,921 - INFO - Iniciando extracción (Intento 1/3)...
2026-06-14 12:03:02,115 - INFO - Extracción exitosa.
2026-06-14 12:03:02,116 - INFO - Iniciando transformación de datos...
2026-06-14 12:03:02,119 - INFO - Transformación completada (5 registros procesados).
2026-06-14 12:03:02,119 - INFO - Iniciando carga en la base de datos crypto_data.db...
2026-06-14 12:03:02,123 - INFO - Carga exitosa. Datos persistidos.
2026-06-14 15:10:06,629 - INFO - Iniciando extracción (Intento 1/3)...
2026-06-14 15:10:06,771 - INFO - Extracción exitosa.
2026-06-14 15:10:06,772 - INFO - Iniciando transformación de datos...
2026-06-14 15:10:06,775 - INFO - Transformación completada (5 registros procesados).
2026-06-14 15:10:06,776 - INFO - Iniciando carga en la base de datos crypto_data.db...
2026-06-14 15:10:06,781 - INFO - Carga exitosa. Datos persistidos.
2026-06-14 17:25:13,556 - INFO - Iniciando extracción (Intento 1/3)...
2026-06-14 17:25:13,682 - INFO - Extracción exitosa.
2026-06-14 17:25:13,683 - INFO - Iniciando transformación de datos...
2026-06-14 17:25:13,686 - INFO - Transformación completada (5 registros procesados).
2026-06-14 17:25:13,686 - INFO - Iniciando carga en la base de datos crypto_data.db...
2026-06-14 17:25:13,690 - INFO - Carga exitosa. Datos persistidos.
2026-06-14 19:45:27,737 - INFO - Iniciando extracción (Intento 1/3)...
2026-06-14 19:45:27,921 - INFO - Extracción exitosa.
2026-06-14 19:45:27,922 - INFO - Iniciando transformación de datos...
2026-06-14 19:45:27,925 - INFO - Transformación completada (5 registros procesados).
2026-06-14 19:45:27,925 - INFO - Iniciando carga en la base de datos crypto_data.db...
2026-06-14 19:45:27,929 - INFO - Carga exitosa. Datos persistidos.
2026-06-14 21:19:46,131 - INFO - Iniciando extracción (Intento 1/3)...
2026-06-14 21:19:46,354 - INFO - Extracción exitosa.
2026-06-14 21:19:46,356 - INFO - Iniciando transformación de datos...
2026-06-14 21:19:46,359 - INFO - Transformación completada (5 registros procesados).
2026-06-14 21:19:46,359 - INFO - Iniciando carga en la base de datos crypto_data.db...
2026-06-14 21:19:46,364 - INFO - Carga exitosa. Datos persistidos.
2026-06-14 23:15:11,684 - INFO - Iniciando extracción (Intento 1/3)...
2026-06-14 23:15:11,829 - INFO - Extracción exitosa.
2026-06-14 23:15:11,830 - INFO - Iniciando transformación de datos...
2026-06-14 23:15:11,833 - INFO - Transformación completada (5 registros procesados).
2026-06-14 23:15:11,833 - INFO - Iniciando carga en la base de datos crypto_data.db...
2026-06-14 23:15:11,837 - INFO - Carga exitosa. Datos persistidos.
2026-06-15 05:05:08,079 - INFO - Iniciando extracción (Intento 1/3)...
2026-06-15 05:05:08,211 - INFO - Extracción exitosa.
2026-06-15 05:05:08,212 - INFO - Iniciando transformación de datos...
2026-06-15 05:05:08,216 - INFO - Transformación completada (5 registros procesados).
2026-06-15 05:05:08,216 - INFO - Iniciando carga en la base de datos crypto_data.db...
2026-06-15 05:05:08,222 - INFO - Carga exitosa. Datos persistidos.
2026-06-15 12:30:28,311 - INFO - Iniciando extracción (Intento 1/3)...
2026-06-15 12:30:28,406 - INFO - Extracción exitosa.
2026-06-15 12:30:28,407 - INFO - Iniciando transformación de datos...
2026-06-15 12:30:28,410 - INFO - Transformación completada (5 registros procesados).
2026-06-15 12:30:28,410 - INFO - Iniciando carga en la base de datos crypto_data.db...
2026-06-15 12:30:28,415 - INFO - Carga exitosa. Datos persistidos.
2026-06-15 17:57:06,673 - INFO - Iniciando extracción (Intento 1/3)...
2026-06-15 17:57:06,858 - INFO - Extracción exitosa.
2026-06-15 17:57:06,859 - INFO - Iniciando transformación de datos...
2026-06-15 17:57:06,862 - INFO - Transformación completada (5 registros procesados).
2026-06-15 17:57:06,862 - INFO - Iniciando carga en la base de datos crypto_data.db...
2026-06-15 17:57:06,867 - INFO - Carga exitosa. Datos persistidos.
2026-06-15 21:13:59,149 - INFO - Iniciando extracción (Intento 1/3)...
2026-06-15 21:13:59,293 - INFO - Extracción exitosa.
2026-06-15 21:13:59,294 - INFO - Iniciando transformación de datos...
2026-06-15 21:13:59,297 - INFO - Transformación completada (5 registros procesados).
2026-06-15 21:13:59,297 - INFO - Iniciando carga en la base de datos crypto_data.db...
2026-06-15 21:13:59,301 - INFO - Carga exitosa. Datos persistidos.
2026-06-15 23:50:54,991 - INFO - Iniciando extracción (Intento 1/3)...
2026-06-15 23:50:55,135 - INFO - Extracción exitosa.
2026-06-15 23:50:55,137 - INFO - Iniciando transformación de datos...
2026-06-15 23:50:55,140 - INFO - Transformación completada (5 registros procesados).
2026-06-15 23:50:55,140 - INFO - Iniciando carga en la base de datos crypto_data.db...
2026-06-15 23:50:55,144 - INFO - Carga exitosa. Datos persistidos.
2026-06-16 05:07:51,114 - INFO - Iniciando extracción (Intento 1/3)...
2026-06-16 05:07:51,234 - INFO - Extracción exitosa.
2026-06-16 05:07:51,235 - INFO - Iniciando transformación de datos...
2026-06-16 05:07:51,239 - INFO - Transformación completada (5 registros procesados).
2026-06-16 05:07:51,239 - INFO - Iniciando carga en la base de datos crypto_data.db...
2026-06-16 05:07:51,244 - INFO - Carga exitosa. Datos persistidos.
2026-06-16 11:23:42,124 - INFO - Iniciando extracción (Intento 1/3)...
2026-06-16 11:23:42,339 - INFO - Extracción exitosa.
2026-06-16 11:23:42,340 - INFO - Iniciando transformación de datos...
2026-06-16 11:23:42,343 - INFO - Transformación completada (5 registros procesados).
2026-06-16 11:23:42,343 - INFO - Iniciando carga en la base de datos crypto_data.db...
2026-06-16 11:23:42,348 - INFO - Carga exitosa. Datos persistidos.
2026-06-16 17:07:23,809 - INFO - Iniciando extracción (Intento 1/3)...
2026-06-16 17:07:23,950 - INFO - Extracción exitosa.
2026-06-16 17:07:23,950 - INFO - Iniciando transformación de datos...
2026-06-16 17:07:23,953 - INFO - Transformación completada (5 registros procesados).
2026-06-16 17:07:23,953 - INFO - Iniciando carga en la base de datos crypto_data.db...
2026-06-16 17:07:23,958 - INFO - Carga exitosa. Datos persistidos.
2026-06-16 21:10:57,238 - INFO - Iniciando extracción (Intento 1/3)...
2026-06-16 21:10:57,430 - INFO - Extracción exitosa.
2026-06-16 21:10:57,431 - INFO - Iniciando transformación de datos...
2026-06-16 21:10:57,434 - INFO - Transformación completada (5 registros procesados).
2026-06-16 21:10:57,434 - INFO - Iniciando carga en la base de datos crypto_data.db...
2026-06-16 21:10:57,438 - INFO - Carga exitosa. Datos persistidos.
2026-06-16 23:27:28,158 - INFO - Iniciando extracción (Intento 1/3)...
2026-06-16 23:27:28,257 - INFO - Extracción exitosa.
2026-06-16 23:27:28,258 - INFO - Iniciando transformación de datos...
2026-06-16 23:27:28,261 - INFO - Transformación completada (5 registros procesados).
2026-06-16 23:27:28,261 - INFO - Iniciando carga en la base de datos crypto_data.db...
2026-06-16 23:27:28,266 - INFO - Carga exitosa. Datos persistidos.
2026-06-17 04:50:17,197 - INFO - Iniciando extracción (Intento 1/3)...
2026-06-17 04:50:17,343 - INFO - Extracción exitosa.
2026-06-17 04:50:17,344 - INFO - Iniciando transformación de datos...
2026-06-17 04:50:17,347 - INFO - Transformación completada (5 registros procesados).
2026-06-17 04:50:17,347 - INFO - Iniciando carga en la base de datos crypto_data.db...
2026-06-17 04:50:17,351 - INFO - Carga exitosa. Datos persistidos.
2026-06-17 09:54:23,380 - INFO - Iniciando extracción (Intento 1/3)...
2026-06-17 09:54:23,493 - INFO - Extracción exitosa.
2026-06-17 09:54:23,494 - INFO - Iniciando transformación de datos...
2026-06-17 09:54:23,497 - INFO - Transformación completada (5 registros procesados).
2026-06-17 09:54:23,497 - INFO - Iniciando carga en la base de datos crypto_data.db...
2026-06-17 09:54:23,501 - INFO - Carga exitosa. Datos persistidos.
2026-06-17 13:46:24,593 - INFO - Iniciando extracción (Intento 1/3)...
2026-06-17 13:46:24,751 - INFO - Extracción exitosa.
2026-06-17 13:46:24,752 - INFO - Iniciando transformación de datos...
2026-06-17 13:46:24,755 - INFO - Transformación completada (5 registros procesados).
2026-06-17 13:46:24,755 - INFO - Iniciando carga en la base de datos crypto_data.db...
2026-06-17 13:46:24,761 - INFO - Carga exitosa. Datos persistidos.
2026-06-17 16:57:49,353 - INFO - Iniciando extracción (Intento 1/3)...
2026-06-17 16:57:49,486 - INFO - Extracción exitosa.
2026-06-17 16:57:49,487 - INFO - Iniciando transformación de datos...
2026-06-17 16:57:49,490 - INFO - Transformación completada (5 registros procesados).
2026-06-17 16:57:49,490 - INFO - Iniciando carga en la base de datos crypto_data.db...
2026-06-17 16:57:49,497 - INFO - Carga exitosa. Datos persistidos.
2026-06-17 19:28:18,615 - INFO - Iniciando extracción (Intento 1/3)...
2026-06-17 19:28:18,797 - INFO - Extracción exitosa.
2026-06-17 19:28:18,798 - INFO - Iniciando transformación de datos...
2026-06-17 19:28:18,801 - INFO - Transformación completada (5 registros procesados).
2026-06-17 19:28:18,801 - INFO - Iniciando carga en la base de datos crypto_data.db...
2026-06-17 19:28:18,805 - INFO - Carga exitosa. Datos persistidos.
2026-06-17 22:06:24,489 - INFO - Iniciando extracción (Intento 1/3)...
2026-06-17 22:06:24,705 - INFO - Extracción exitosa.
2026-06-17 22:06:24,706 - INFO - Iniciando transformación de datos...
2026-06-17 22:06:24,710 - INFO - Transformación completada (5 registros procesados).
2026-06-17 22:06:24,710 - INFO - Iniciando carga en la base de datos crypto_data.db...
2026-06-17 22:06:24,716 - INFO - Carga exitosa. Datos persistidos.
2026-06-18 00:19:37,414 - INFO - Iniciando extracción (Intento 1/3)...
2026-06-18 00:19:37,555 - INFO - Extracción exitosa.
2026-06-18 00:19:37,556 - INFO - Iniciando transformación de datos...
2026-06-18 00:19:37,559 - INFO - Transformación completada (5 registros procesados).
2026-06-18 00:19:37,559 - INFO - Iniciando carga en la base de datos crypto_data.db...
2026-06-18 00:19:37,563 - INFO - Carga exitosa. Datos persistidos.
2026-06-18 06:00:16,755 - INFO - Iniciando extracción (Intento 1/3)...
2026-06-18 06:00:16,975 - INFO - Extracción exitosa.
2026-06-18 06:00:16,976 - INFO - Iniciando transformación de datos...
2026-06-18 06:00:16,979 - INFO - Transformación completada (5 registros procesados).
2026-06-18 06:00:16,979 - INFO - Iniciando carga en la base de datos crypto_data.db...
2026-06-18 06:00:16,985 - INFO - Carga exitosa. Datos persistidos.
2026-06-18 10:44:42,525 - INFO - Iniciando extracción (Intento 1/3)...
2026-06-18 10:44:42,718 - INFO - Extracción exitosa.
2026-06-18 10:44:42,719 - INFO - Iniciando transformación de datos...
2026-06-18 10:44:42,722 - INFO - Transformación completada (5 registros procesados).
2026-06-18 10:44:42,722 - INFO - Iniciando carga en la base de datos crypto_data.db...
2026-06-18 10:44:42,728 - INFO - Carga exitosa. Datos persistidos.
2026-06-18 14:14:53,450 - INFO - Iniciando extracción (Intento 1/3)...
2026-06-18 14:14:53,586 - INFO - Extracción exitosa.
2026-06-18 14:14:53,588 - INFO - Iniciando transformación de datos...
2026-06-18 14:14:53,592 - INFO - Transformación completada (5 registros procesados).
2026-06-18 14:14:53,592 - INFO - Iniciando carga en la base de datos crypto_data.db...
2026-06-18 14:14:53,597 - INFO - Carga exitosa. Datos persistidos.
2026-06-18 18:08:36,504 - INFO - Iniciando extracción (Intento 1/3)...
2026-06-18 18:08:36,706 - INFO - Extracción exitosa.
2026-06-18 18:08:36,707 - INFO - Iniciando transformación de datos...
2026-06-18 18:08:36,709 - INFO - Transformación completada (5 registros procesados).
2026-06-18 18:08:36,709 - INFO - Iniciando carga en la base de datos crypto_data.db...
2026-06-18 18:08:36,714 - INFO - Carga exitosa. Datos persistidos.
2026-06-18 21:24:07,366 - INFO - Iniciando extracción (Intento 1/3)...
2026-06-18 21:24:07,593 - INFO - Extracción exitosa.
2026-06-18 21:24:07,594 - INFO - Iniciando transformación de datos...
2026-06-18 21:24:07,597 - INFO - Transformación completada (5 registros procesados).
2026-06-18 21:24:07,597 - INFO - Iniciando carga en la base de datos crypto_data.db...
2026-06-18 21:24:07,602 - INFO - Carga exitosa. Datos persistidos.
2026-06-18 23:49:57,485 - INFO - Iniciando extracción (Intento 1/3)...
2026-06-18 23:49:57,633 - INFO - Extracción exitosa.
2026-06-18 23:49:57,634 - INFO - Iniciando transformación de datos...
2026-06-18 23:49:57,637 - INFO - Transformación completada (5 registros procesados).
2026-06-18 23:49:57,638 - INFO - Iniciando carga en la base de datos crypto_data.db...
2026-06-18 23:49:57,642 - INFO - Carga exitosa. Datos persistidos.
2026-06-19 05:01:57,797 - INFO - Iniciando extracción (Intento 1/3)...
2026-06-19 05:01:57,939 - INFO - Extracción exitosa.
2026-06-19 05:01:57,941 - INFO - Iniciando transformación de datos...
2026-06-19 05:01:57,945 - INFO - Transformación completada (5 registros procesados).
2026-06-19 05:01:57,945 - INFO - Iniciando carga en la base de datos crypto_data.db...
2026-06-19 05:01:57,951 - INFO - Carga exitosa. Datos persistidos.
2026-06-19 10:47:13,571 - INFO - Iniciando extracción (Intento 1/3)...
2026-06-19 10:47:13,731 - INFO - Extracción exitosa.
2026-06-19 10:47:13,732 - INFO - Iniciando transformación de datos...
2026-06-19 10:47:13,736 - INFO - Transformación completada (5 registros procesados).
2026-06-19 10:47:13,736 - INFO - Iniciando carga en la base de datos crypto_data.db...
2026-06-19 10:47:13,741 - INFO - Carga exitosa. Datos persistidos.
2026-06-19 14:15:27,996 - INFO - Iniciando extracción (Intento 1/3)...
2026-06-19 14:15:28,189 - INFO - Extracción exitosa.
2026-06-19 14:15:28,190 - INFO - Iniciando transformación de datos...
2026-06-19 14:15:28,193 - INFO - Transformación completada (5 registros procesados).
2026-06-19 14:15:28,193 - INFO - Iniciando carga en la base de datos crypto_data.db...
2026-06-19 14:15:28,198 - INFO - Carga exitosa. Datos persistidos.
2026-06-19 17:21:59,435 - INFO - Iniciando extracción (Intento 1/3)...
2026-06-19 17:21:59,596 - INFO - Extracción exitosa.
2026-06-19 17:21:59,597 - INFO - Iniciando transformación de datos...
2026-06-19 17:21:59,600 - INFO - Transformación completada (5 registros procesados).
2026-06-19 17:21:59,600 - INFO - Iniciando carga en la base de datos crypto_data.db...
2026-06-19 17:21:59,605 - INFO - Carga exitosa. Datos persistidos.
2026-06-19 19:56:06,971 - INFO - Iniciando extracción (Intento 1/3)...
2026-06-19 19:56:07,139 - INFO - Extracción exitosa.
2026-06-19 19:56:07,140 - INFO - Iniciando transformación de datos...
2026-06-19 19:56:07,143 - INFO - Transformación completada (5 registros procesados).
2026-06-19 19:56:07,143 - INFO - Iniciando carga en la base de datos crypto_data.db...
2026-06-19 19:56:07,148 - INFO - Carga exitosa. Datos persistidos.
2026-06-19 21:15:25,385 - INFO - Iniciando extracción (Intento 1/3)...
2026-06-19 21:15:25,519 - INFO - Extracción exitosa.
2026-06-19 21:15:25,520 - INFO - Iniciando transformación de datos...
2026-06-19 21:15:25,523 - INFO - Transformación completada (5 registros procesados).
2026-06-19 21:15:25,523 - INFO - Iniciando carga en la base de datos crypto_data.db...
2026-06-19 21:15:25,528 - INFO - Carga exitosa. Datos persistidos.
2026-06-19 23:04:00,935 - INFO - Iniciando extracción (Intento 1/3)...
2026-06-19 23:04:01,053 - INFO - Extracción exitosa.
2026-06-19 23:04:01,054 - INFO - Iniciando transformación de datos...
2026-06-19 23:04:01,058 - INFO - Transformación completada (5 registros procesados).
2026-06-19 23:04:01,058 - INFO - Iniciando carga en la base de datos crypto_data.db...
2026-06-19 23:04:01,064 - INFO - Carga exitosa. Datos persistidos.
2026-06-20 04:15:00,980 - INFO - Iniciando extracción (Intento 1/3)...
2026-06-20 04:15:01,090 - INFO - Extracción exitosa.
2026-06-20 04:15:01,091 - INFO - Iniciando transformación de datos...
2026-06-20 04:15:01,094 - INFO - Transformación completada (5 registros procesados).
2026-06-20 04:15:01,094 - INFO - Iniciando carga en la base de datos crypto_data.db...
2026-06-20 04:15:01,098 - INFO - Carga exitosa. Datos persistidos.
2026-06-20 08:23:33,959 - INFO - Iniciando extracción (Intento 1/3)...
2026-06-20 08:23:34,087 - INFO - Extracción exitosa.
2026-06-20 08:23:34,089 - INFO - Iniciando transformación de datos...
2026-06-20 08:23:34,092 - INFO - Transformación completada (5 registros procesados).
2026-06-20 08:23:34,092 - INFO - Iniciando carga en la base de datos crypto_data.db...
2026-06-20 08:23:34,096 - INFO - Carga exitosa. Datos persistidos.
2026-06-20 11:21:48,497 - INFO - Iniciando extracción (Intento 1/3)...
2026-06-20 11:21:48,788 - INFO - Extracción exitosa.
2026-06-20 11:21:48,789 - INFO - Iniciando transformación de datos...
2026-06-20 11:21:48,791 - INFO - Transformación completada (5 registros procesados).
2026-06-20 11:21:48,792 - INFO - Iniciando carga en la base de datos crypto_data.db...
2026-06-20 11:21:48,796 - INFO - Carga exitosa. Datos persistidos.
2026-06-20 14:18:03,038 - INFO - Iniciando extracción (Intento 1/3)...
2026-06-20 14:18:03,163 - INFO - Extracción exitosa.
2026-06-20 14:18:03,164 - INFO - Iniciando transformación de datos...
2026-06-20 14:18:03,167 - INFO - Transformación completada (5 registros procesados).
2026-06-20 14:18:03,167 - INFO - Iniciando carga en la base de datos crypto_data.db...
2026-06-20 14:18:03,171 - INFO - Carga exitosa. Datos persistidos.
2026-06-20 16:24:12,650 - INFO - Iniciando extracción (Intento 1/3)...
2026-06-20 16:24:12,821 - INFO - Extracción exitosa.
2026-06-20 16:24:12,822 - INFO - Iniciando transformación de datos...
2026-06-20 16:24:12,827 - INFO - Transformación completada (5 registros procesados).
2026-06-20 16:24:12,827 - INFO - Iniciando carga en la base de datos crypto_data.db...
2026-06-20 16:24:12,832 - INFO - Carga exitosa. Datos persistidos.
2026-06-20 18:17:23,348 - INFO - Iniciando extracción (Intento 1/3)...
2026-06-20 18:17:23,483 - INFO - Extracción exitosa.
2026-06-20 18:17:23,485 - INFO - Iniciando transformación de datos...
2026-06-20 18:17:23,488 - INFO - Transformación completada (5 registros procesados).
2026-06-20 18:17:23,488 - INFO - Iniciando carga en la base de datos crypto_data.db...
2026-06-20 18:17:23,493 - INFO - Carga exitosa. Datos persistidos.
2026-06-20 20:19:24,673 - INFO - Iniciando extracción (Intento 1/3)...
2026-06-20 20:19:24,936 - INFO - Extracción exitosa.
2026-06-20 20:19:24,938 - INFO - Iniciando transformación de datos...
2026-06-20 20:19:24,941 - INFO - Transformación completada (5 registros procesados).
2026-06-20 20:19:24,941 - INFO - Iniciando carga en la base de datos crypto_data.db...
2026-06-20 20:19:24,946 - INFO - Carga exitosa. Datos persistidos.
2026-06-20 22:15:10,354 - INFO - Iniciando extracción (Intento 1/3)...
2026-06-20 22:15:10,518 - INFO - Extracción exitosa.
2026-06-20 22:15:10,519 - INFO - Iniciando transformación de datos...
2026-06-20 22:15:10,522 - INFO - Transformación completada (5 registros procesados).
2026-06-20 22:15:10,522 - INFO - Iniciando carga en la base de datos crypto_data.db...
2026-06-20 22:15:10,526 - INFO - Carga exitosa. Datos persistidos.
2026-06-21 00:14:34,635 - INFO - Iniciando extracción (Intento 1/3)...
2026-06-21 00:14:34,862 - INFO - Extracción exitosa.
2026-06-21 00:14:34,863 - INFO - Iniciando transformación de datos...
2026-06-21 00:14:34,867 - INFO - Transformación completada (5 registros procesados).
2026-06-21 00:14:34,867 - INFO - Iniciando carga en la base de datos crypto_data.db...
2026-06-21 00:14:34,872 - INFO - Carga exitosa. Datos persistidos.
2026-06-21 06:08:40,775 - INFO - Iniciando extracción (Intento 1/3)...
2026-06-21 06:08:40,919 - INFO - Extracción exitosa.
2026-06-21 06:08:40,920 - INFO - Iniciando transformación de datos...
2026-06-21 06:08:40,923 - INFO - Transformación completada (5 registros procesados).
2026-06-21 06:08:40,923 - INFO - Iniciando carga en la base de datos crypto_data.db...
2026-06-21 06:08:40,927 - INFO - Carga exitosa. Datos persistidos.
2026-06-21 10:35:10,448 - INFO - Iniciando extracción (Intento 1/3)...
2026-06-21 10:35:10,589 - INFO - Extracción exitosa.
2026-06-21 10:35:10,590 - INFO - Iniciando transformación de datos...
2026-06-21 10:35:10,594 - INFO - Transformación completada (5 registros procesados).
2026-06-21 10:35:10,594 - INFO - Iniciando carga en la base de datos crypto_data.db...
2026-06-21 10:35:10,598 - INFO - Carga exitosa. Datos persistidos.
2026-06-21 13:11:13,728 - INFO - Iniciando extracción (Intento 1/3)...
2026-06-21 13:11:13,809 - INFO - Extracción exitosa.
2026-06-21 13:11:13,810 - INFO - Iniciando transformación de datos...
2026-06-21 13:11:13,813 - INFO - Transformación completada (5 registros procesados).
2026-06-21 13:11:13,813 - INFO - Iniciando carga en la base de datos crypto_data.db...
2026-06-21 13:11:13,818 - INFO - Carga exitosa. Datos persistidos.
2026-06-21 15:58:33,092 - INFO - Iniciando extracción (Intento 1/3)...
2026-06-21 15:58:33,288 - INFO - Extracción exitosa.
2026-06-21 15:58:33,289 - INFO - Iniciando transformación de datos...
2026-06-21 15:58:33,292 - INFO - Transformación completada (5 registros procesados).
2026-06-21 15:58:33,292 - INFO - Iniciando carga en la base de datos crypto_data.db...
2026-06-21 15:58:33,297 - INFO - Carga exitosa. Datos persistidos.
2026-06-21 17:46:55,692 - INFO - Iniciando extracción (Intento 1/3)...
2026-06-21 17:46:55,822 - INFO - Extracción exitosa.
2026-06-21 17:46:55,823 - INFO - Iniciando transformación de datos...
2026-06-21 17:46:55,827 - INFO - Transformación completada (5 registros procesados).
2026-06-21 17:46:55,827 - INFO - Iniciando carga en la base de datos crypto_data.db...
2026-06-21 17:46:55,831 - INFO - Carga exitosa. Datos persistidos.
2026-06-21 19:52:08,141 - INFO - Iniciando extracción (Intento 1/3)...
2026-06-21 19:52:08,267 - INFO - Extracción exitosa.
2026-06-21 19:52:08,268 - INFO - Iniciando transformación de datos...
2026-06-21 19:52:08,271 - INFO - Transformación completada (5 registros procesados).
2026-06-21 19:52:08,271 - INFO - Iniciando carga en la base de datos crypto_data.db...
2026-06-21 19:52:08,275 - INFO - Carga exitosa. Datos persistidos.
2026-06-21 21:21:00,241 - INFO - Iniciando extracción (Intento 1/3)...
2026-06-21 21:21:00,391 - INFO - Extracción exitosa.
2026-06-21 21:21:00,393 - INFO - Iniciando transformación de datos...
2026-06-21 21:21:00,396 - INFO - Transformación completada (5 registros procesados).
2026-06-21 21:21:00,396 - INFO - Iniciando carga en la base de datos crypto_data.db...
2026-06-21 21:21:00,400 - INFO - Carga exitosa. Datos persistidos.
2026-06-21 23:21:21,786 - INFO - Iniciando extracción (Intento 1/3)...
2026-06-21 23:21:21,931 - INFO - Extracción exitosa.
2026-06-21 23:21:21,933 - INFO - Iniciando transformación de datos...
2026-06-21 23:21:21,936 - INFO - Transformación completada (5 registros procesados).
2026-06-21 23:21:21,936 - INFO - Iniciando carga en la base de datos crypto_data.db...
2026-06-21 23:21:21,941 - INFO - Carga exitosa. Datos persistidos.
2026-06-22 05:05:55,381 - INFO - Iniciando extracción (Intento 1/3)...
2026-06-22 05:05:55,648 - INFO - Extracción exitosa.
2026-06-22 05:05:55,649 - INFO - Iniciando transformación de datos...
2026-06-22 05:05:55,652 - INFO - Transformación completada (5 registros procesados).
2026-06-22 05:05:55,652 - INFO - Iniciando carga en la base de datos crypto_data.db...
2026-06-22 05:05:55,657 - INFO - Carga exitosa. Datos persistidos.
2026-06-22 12:16:39,870 - INFO - Iniciando extracción (Intento 1/3)...
2026-06-22 12:16:40,035 - INFO - Extracción exitosa.
2026-06-22 12:16:40,036 - INFO - Iniciando transformación de datos...
2026-06-22 12:16:40,039 - INFO - Transformación completada (5 registros procesados).
2026-06-22 12:16:40,039 - INFO - Iniciando carga en la base de datos crypto_data.db...
2026-06-22 12:16:40,043 - INFO - Carga exitosa. Datos persistidos.
2026-06-22 17:42:57,896 - INFO - Iniciando extracción (Intento 1/3)...
2026-06-22 17:42:58,136 - INFO - Extracción exitosa.
2026-06-22 17:42:58,138 - INFO - Iniciando transformación de datos...
2026-06-22 17:42:58,141 - INFO - Transformación completada (5 registros procesados).
2026-06-22 17:42:58,141 - INFO - Iniciando carga en la base de datos crypto_data.db...
2026-06-22 17:42:58,146 - INFO - Carga exitosa. Datos persistidos.
2026-06-22 20:55:54,600 - INFO - Iniciando extracción (Intento 1/3)...
2026-06-22 20:55:54,772 - INFO - Extracción exitosa.
2026-06-22 20:55:54,773 - INFO - Iniciando transformación de datos...
2026-06-22 20:55:54,777 - INFO - Transformación completada (5 registros procesados).
2026-06-22 20:55:54,777 - INFO - Iniciando carga en la base de datos crypto_data.db...
2026-06-22 20:55:54,782 - INFO - Carga exitosa. Datos persistidos.
2026-06-22 22:50:39,018 - INFO - Iniciando extracción (Intento 1/3)...
2026-06-22 22:50:39,201 - INFO - Extracción exitosa.
2026-06-22 22:50:39,202 - INFO - Iniciando transformación de datos...
2026-06-22 22:50:39,205 - INFO - Transformación completada (5 registros procesados).
2026-06-22 22:50:39,205 - INFO - Iniciando carga en la base de datos crypto_data.db...
2026-06-22 22:50:39,209 - INFO - Carga exitosa. Datos persistidos.
2026-06-23 00:13:58,878 - INFO - Iniciando extracción (Intento 1/3)...
2026-06-23 00:13:59,024 - INFO - Extracción exitosa.
2026-06-23 00:13:59,026 - INFO - Iniciando transformación de datos...
2026-06-23 00:13:59,029 - INFO - Transformación completada (5 registros procesados).
2026-06-23 00:13:59,029 - INFO - Iniciando carga en la base de datos crypto_data.db...
2026-06-23 00:13:59,034 - INFO - Carga exitosa. Datos persistidos.
2026-06-23 05:07:57,425 - INFO - Iniciando extracción (Intento 1/3)...
2026-06-23 05:07:57,549 - INFO - Extracción exitosa.
2026-06-23 05:07:57,550 - INFO - Iniciando transformación de datos...
2026-06-23 05:07:57,553 - INFO - Transformación completada (5 registros procesados).
2026-06-23 05:07:57,553 - INFO - Iniciando carga en la base de datos crypto_data.db...
2026-06-23 05:07:57,559 - INFO - Carga exitosa. Datos persistidos.
2026-06-23 09:54:36,304 - INFO - Iniciando extracción (Intento 1/3)...
2026-06-23 09:54:36,497 - INFO - Extracción exitosa.
2026-06-23 09:54:36,498 - INFO - Iniciando transformación de datos...
2026-06-23 09:54:36,501 - INFO - Transformación completada (5 registros procesados).
2026-06-23 09:54:36,502 - INFO - Iniciando carga en la base de datos crypto_data.db...
2026-06-23 09:54:36,506 - INFO - Carga exitosa. Datos persistidos.
2026-06-23 12:38:45,169 - INFO - Iniciando extracción (Intento 1/3)...
2026-06-23 12:38:45,370 - INFO - Extracción exitosa.
2026-06-23 12:38:45,371 - INFO - Iniciando transformación de datos...
2026-06-23 12:38:45,374 - INFO - Transformación completada (5 registros procesados).
2026-06-23 12:38:45,374 - INFO - Iniciando carga en la base de datos crypto_data.db...
2026-06-23 12:38:45,379 - INFO - Carga exitosa. Datos persistidos.
2026-06-23 15:55:03,701 - INFO - Iniciando extracción (Intento 1/3)...
2026-06-23 15:55:03,934 - INFO - Extracción exitosa.
2026-06-23 15:55:03,936 - INFO - Iniciando transformación de datos...
2026-06-23 15:55:03,940 - INFO - Transformación completada (5 registros procesados).
2026-06-23 15:55:03,940 - INFO - Iniciando carga en la base de datos crypto_data.db...
2026-06-23 15:55:03,945 - INFO - Carga exitosa. Datos persistidos.
2026-06-23 18:04:35,984 - INFO - Iniciando extracción (Intento 1/3)...
2026-06-23 18:04:36,188 - INFO - Extracción exitosa.
2026-06-23 18:04:36,189 - INFO - Iniciando transformación de datos...
2026-06-23 18:04:36,192 - INFO - Transformación completada (5 registros procesados).
2026-06-23 18:04:36,192 - INFO - Iniciando carga en la base de datos crypto_data.db...
2026-06-23 18:04:36,197 - INFO - Carga exitosa. Datos persistidos.
2026-06-23 21:02:47,498 - INFO - Iniciando extracción (Intento 1/3)...
2026-06-23 21:02:47,646 - INFO - Extracción exitosa.
2026-06-23 21:02:47,647 - INFO - Iniciando transformación de datos...
2026-06-23 21:02:47,650 - INFO - Transformación completada (5 registros procesados).
2026-06-23 21:02:47,650 - INFO - Iniciando carga en la base de datos crypto_data.db...
2026-06-23 21:02:47,656 - INFO - Carga exitosa. Datos persistidos.
2026-06-23 23:12:38,561 - INFO - Iniciando extracción (Intento 1/3)...
2026-06-23 23:12:38,769 - INFO - Extracción exitosa.
2026-06-23 23:12:38,770 - INFO - Iniciando transformación de datos...
2026-06-23 23:12:38,773 - INFO - Transformación completada (5 registros procesados).
2026-06-23 23:12:38,773 - INFO - Iniciando carga en la base de datos crypto_data.db...
2026-06-23 23:12:38,779 - INFO - Carga exitosa. Datos persistidos.
2026-06-24 04:07:39,950 - INFO - Iniciando extracción (Intento 1/3)...
2026-06-24 04:07:40,146 - INFO - Extracción exitosa.
2026-06-24 04:07:40,147 - INFO - Iniciando transformación de datos...
2026-06-24 04:07:40,150 - INFO - Transformación completada (5 registros procesados).
2026-06-24 04:07:40,150 - INFO - Iniciando carga en la base de datos crypto_data.db...
2026-06-24 04:07:40,155 - INFO - Carga exitosa. Datos persistidos.
2026-06-24 08:26:10,123 - INFO - Iniciando extracción (Intento 1/3)...
2026-06-24 08:26:10,243 - INFO - Extracción exitosa.
2026-06-24 08:26:10,244 - INFO - Iniciando transformación de datos...
2026-06-24 08:26:10,247 - INFO - Transformación completada (5 registros procesados).
2026-06-24 08:26:10,247 - INFO - Iniciando carga en la base de datos crypto_data.db...
2026-06-24 08:26:10,252 - INFO - Carga exitosa. Datos persistidos.
2026-06-24 11:49:37,524 - INFO - Iniciando extracción (Intento 1/3)...
2026-06-24 11:49:37,651 - INFO - Extracción exitosa.
2026-06-24 11:49:37,652 - INFO - Iniciando transformación de datos...
2026-06-24 11:49:37,655 - INFO - Transformación completada (5 registros procesados).
2026-06-24 11:49:37,655 - INFO - Iniciando carga en la base de datos crypto_data.db...
2026-06-24 11:49:37,660 - INFO - Carga exitosa. Datos persistidos.
2026-06-24 14:44:57,364 - INFO - Iniciando extracción (Intento 1/3)...
2026-06-24 14:44:57,508 - INFO - Extracción exitosa.
2026-06-24 14:44:57,509 - INFO - Iniciando transformación de datos...
2026-06-24 14:44:57,512 - INFO - Transformación completada (5 registros procesados).
2026-06-24 14:44:57,512 - INFO - Iniciando carga en la base de datos crypto_data.db...
2026-06-24 14:44:57,516 - INFO - Carga exitosa. Datos persistidos.
2026-06-24 17:09:26,252 - INFO - Iniciando extracción (Intento 1/3)...
2026-06-24 17:09:26,921 - INFO - Extracción exitosa.
2026-06-24 17:09:26,922 - INFO - Iniciando transformación de datos...
2026-06-24 17:09:26,925 - INFO - Transformación completada (5 registros procesados).
2026-06-24 17:09:26,925 - INFO - Iniciando carga en la base de datos crypto_data.db...
2026-06-24 17:09:26,930 - INFO - Carga exitosa. Datos persistidos.
2026-06-24 19:55:07,624 - INFO - Iniciando extracción (Intento 1/3)...
2026-06-24 19:55:07,836 - INFO - Extracción exitosa.
2026-06-24 19:55:07,837 - INFO - Iniciando transformación de datos...
2026-06-24 19:55:07,840 - INFO - Transformación completada (5 registros procesados).
2026-06-24 19:55:07,840 - INFO - Iniciando carga en la base de datos crypto_data.db...
2026-06-24 19:55:07,845 - INFO - Carga exitosa. Datos persistidos.
2026-06-24 21:27:19,673 - INFO - Iniciando extracción (Intento 1/3)...
2026-06-24 21:27:19,787 - INFO - Extracción exitosa.
2026-06-24 21:27:19,788 - INFO - Iniciando transformación de datos...
2026-06-24 21:27:19,791 - INFO - Transformación completada (5 registros procesados).
2026-06-24 21:27:19,791 - INFO - Iniciando carga en la base de datos crypto_data.db...
2026-06-24 21:27:19,796 - INFO - Carga exitosa. Datos persistidos.
2026-06-24 23:11:50,411 - INFO - Iniciando extracción (Intento 1/3)...
2026-06-24 23:11:50,610 - INFO - Extracción exitosa.
2026-06-24 23:11:50,611 - INFO - Iniciando transformación de datos...
2026-06-24 23:11:50,614 - INFO - Transformación completada (5 registros procesados).
2026-06-24 23:11:50,615 - INFO - Iniciando carga en la base de datos crypto_data.db...
2026-06-24 23:11:50,620 - INFO - Carga exitosa. Datos persistidos.
2026-06-25 04:07:51,292 - INFO - Iniciando extracción (Intento 1/3)...
2026-06-25 04:07:51,442 - INFO - Extracción exitosa.
2026-06-25 04:07:51,443 - INFO - Iniciando transformación de datos...
2026-06-25 04:07:51,446 - INFO - Transformación completada (5 registros procesados).
2026-06-25 04:07:51,447 - INFO - Iniciando carga en la base de datos crypto_data.db...
2026-06-25 04:07:51,452 - INFO - Carga exitosa. Datos persistidos.
2026-06-25 08:26:38,888 - INFO - Iniciando extracción (Intento 1/3)...
2026-06-25 08:26:39,031 - INFO - Extracción exitosa.
2026-06-25 08:26:39,033 - INFO - Iniciando transformación de datos...
2026-06-25 08:26:39,036 - INFO - Transformación completada (5 registros procesados).
2026-06-25 08:26:39,036 - INFO - Iniciando carga en la base de datos crypto_data.db...
2026-06-25 08:26:39,040 - INFO - Carga exitosa. Datos persistidos.
2026-06-25 11:43:46,018 - INFO - Iniciando extracción (Intento 1/3)...
2026-06-25 11:43:46,182 - INFO - Extracción exitosa.
2026-06-25 11:43:46,183 - INFO - Iniciando transformación de datos...
2026-06-25 11:43:46,186 - INFO - Transformación completada (5 registros procesados).
2026-06-25 11:43:46,186 - INFO - Iniciando carga en la base de datos crypto_data.db...
2026-06-25 11:43:46,191 - INFO - Carga exitosa. Datos persistidos.
2026-06-25 14:44:10,760 - INFO - Iniciando extracción (Intento 1/3)...
2026-06-25 14:44:10,927 - INFO - Extracción exitosa.
2026-06-25 14:44:10,928 - INFO - Iniciando transformación de datos...
2026-06-25 14:44:10,931 - INFO - Transformación completada (5 registros procesados).
2026-06-25 14:44:10,931 - INFO - Iniciando carga en la base de datos crypto_data.db...
2026-06-25 14:44:10,936 - INFO - Carga exitosa. Datos persistidos.
2026-06-25 17:18:15,330 - INFO - Iniciando extracción (Intento 1/3)...
2026-06-25 17:18:15,453 - INFO - Extracción exitosa.
2026-06-25 17:18:15,454 - INFO - Iniciando transformación de datos...
2026-06-25 17:18:15,457 - INFO - Transformación completada (5 registros procesados).
2026-06-25 17:18:15,457 - INFO - Iniciando carga en la base de datos crypto_data.db...
2026-06-25 17:18:15,464 - INFO - Carga exitosa. Datos persistidos.
2026-06-25 20:10:08,108 - INFO - Iniciando extracción (Intento 1/3)...
2026-06-25 20:10:08,284 - INFO - Extracción exitosa.
2026-06-25 20:10:08,285 - INFO - Iniciando transformación de datos...
2026-06-25 20:10:08,288 - INFO - Transformación completada (5 registros procesados).
2026-06-25 20:10:08,288 - INFO - Iniciando carga en la base de datos crypto_data.db...
2026-06-25 20:10:08,293 - INFO - Carga exitosa. Datos persistidos.
2026-06-25 22:24:38,372 - INFO - Iniciando extracción (Intento 1/3)...
2026-06-25 22:24:38,502 - INFO - Extracción exitosa.
2026-06-25 22:24:38,503 - INFO - Iniciando transformación de datos...
2026-06-25 22:24:38,506 - INFO - Transformación completada (5 registros procesados).
2026-06-25 22:24:38,506 - INFO - Iniciando carga en la base de datos crypto_data.db...
2026-06-25 22:24:38,512 - INFO - Carga exitosa. Datos persistidos.
2026-06-26 00:15:47,903 - INFO - Iniciando extracción (Intento 1/3)...
2026-06-26 00:15:48,057 - INFO - Extracción exitosa.
2026-06-26 00:15:48,058 - INFO - Iniciando transformación de datos...
2026-06-26 00:15:48,061 - INFO - Transformación completada (5 registros procesados).
2026-06-26 00:15:48,061 - INFO - Iniciando carga en la base de datos crypto_data.db...
2026-06-26 00:15:48,066 - INFO - Carga exitosa. Datos persistidos.
2026-06-26 05:13:42,623 - INFO - Iniciando extracción (Intento 1/3)...
2026-06-26 05:13:42,770 - INFO - Extracción exitosa.
2026-06-26 05:13:42,771 - INFO - Iniciando transformación de datos...
2026-06-26 05:13:42,774 - INFO - Transformación completada (5 registros procesados).
2026-06-26 05:13:42,774 - INFO - Iniciando carga en la base de datos crypto_data.db...
2026-06-26 05:13:42,778 - INFO - Carga exitosa. Datos persistidos.
2026-06-26 09:39:02,871 - INFO - Iniciando extracción (Intento 1/3)...
2026-06-26 09:39:03,065 - INFO - Extracción exitosa.
2026-06-26 09:39:03,066 - INFO - Iniciando transformación de datos...
2026-06-26 09:39:03,069 - INFO - Transformación completada (5 registros procesados).
2026-06-26 09:39:03,070 - INFO - Iniciando carga en la base de datos crypto_data.db...
2026-06-26 09:39:03,074 - INFO - Carga exitosa. Datos persistidos.
2026-06-26 12:16:14,427 - INFO - Iniciando extracción (Intento 1/3)...
2026-06-26 12:16:14,591 - INFO - Extracción exitosa.
2026-06-26 12:16:14,592 - INFO - Iniciando transformación de datos...
2026-06-26 12:16:14,595 - INFO - Transformación completada (5 registros procesados).
2026-06-26 12:16:14,595 - INFO - Iniciando carga en la base de datos crypto_data.db...
2026-06-26 12:16:14,600 - INFO - Carga exitosa. Datos persistidos.
2026-06-26 15:26:52,533 - INFO - Iniciando extracción (Intento 1/3)...
2026-06-26 15:26:52,664 - INFO - Extracción exitosa.
2026-06-26 15:26:52,665 - INFO - Iniciando transformación de datos...
2026-06-26 15:26:52,668 - INFO - Transformación completada (5 registros procesados).
2026-06-26 15:26:52,668 - INFO - Iniciando carga en la base de datos crypto_data.db...
2026-06-26 15:26:52,673 - INFO - Carga exitosa. Datos persistidos.
2026-06-26 17:55:46,652 - INFO - Iniciando extracción (Intento 1/3)...
2026-06-26 17:55:46,857 - INFO - Extracción exitosa.
2026-06-26 17:55:46,858 - INFO - Iniciando transformación de datos...
2026-06-26 17:55:46,861 - INFO - Transformación completada (5 registros procesados).
2026-06-26 17:55:46,861 - INFO - Iniciando carga en la base de datos crypto_data.db...
2026-06-26 17:55:46,866 - INFO - Carga exitosa. Datos persistidos.
2026-06-26 20:00:33,820 - INFO - Iniciando extracción (Intento 1/3)...
2026-06-26 20:00:33,957 - INFO - Extracción exitosa.
2026-06-26 20:00:33,959 - INFO - Iniciando transformación de datos...
2026-06-26 20:00:33,962 - INFO - Transformación completada (5 registros procesados).
2026-06-26 20:00:33,962 - INFO - Iniciando carga en la base de datos crypto_data.db...
2026-06-26 20:00:33,967 - INFO - Carga exitosa. Datos persistidos.
2026-06-26 22:18:06,956 - INFO - Iniciando extracción (Intento 1/3)...
2026-06-26 22:18:07,103 - INFO - Extracción exitosa.
2026-06-26 22:18:07,104 - INFO - Iniciando transformación de datos...
2026-06-26 22:18:07,107 - INFO - Transformación completada (5 registros procesados).
2026-06-26 22:18:07,107 - INFO - Iniciando carga en la base de datos crypto_data.db...
2026-06-26 22:18:07,112 - INFO - Carga exitosa. Datos persistidos.
2026-06-27 00:14:17,774 - INFO - Iniciando extracción (Intento 1/3)...
2026-06-27 00:14:17,921 - INFO - Extracción exitosa.
2026-06-27 00:14:17,923 - INFO - Iniciando transformación de datos...
2026-06-27 00:14:17,926 - INFO - Transformación completada (5 registros procesados).
2026-06-27 00:14:17,926 - INFO - Iniciando carga en la base de datos crypto_data.db...
2026-06-27 00:14:17,930 - INFO - Carga exitosa. Datos persistidos.
2026-06-27 04:56:42,440 - INFO - Iniciando extracción (Intento 1/3)...
2026-06-27 04:56:42,574 - INFO - Extracción exitosa.
2026-06-27 04:56:42,575 - INFO - Iniciando transformación de datos...
2026-06-27 04:56:42,578 - INFO - Transformación completada (5 registros procesados).
2026-06-27 04:56:42,578 - INFO - Iniciando carga en la base de datos crypto_data.db...
2026-06-27 04:56:42,582 - INFO - Carga exitosa. Datos persistidos.
2026-06-27 07:53:23,208 - INFO - Iniciando extracción (Intento 1/3)...
2026-06-27 07:53:23,360 - INFO - Extracción exitosa.
2026-06-27 07:53:23,361 - INFO - Iniciando transformación de datos...
2026-06-27 07:53:23,363 - INFO - Transformación completada (5 registros procesados).
2026-06-27 07:53:23,364 - INFO - Iniciando carga en la base de datos crypto_data.db...
2026-06-27 07:53:23,368 - INFO - Carga exitosa. Datos persistidos.
2026-06-27 10:15:15,482 - INFO - Iniciando extracción (Intento 1/3)...
2026-06-27 10:15:15,710 - INFO - Extracción exitosa.
2026-06-27 10:15:15,711 - INFO - Iniciando transformación de datos...
2026-06-27 10:15:15,713 - INFO - Transformación completada (5 registros procesados).
2026-06-27 10:15:15,713 - INFO - Iniciando carga en la base de datos crypto_data.db...
2026-06-27 10:15:15,718 - INFO - Carga exitosa. Datos persistidos.
2026-06-27 12:11:24,939 - INFO - Iniciando extracción (Intento 1/3)...
2026-06-27 12:11:25,070 - INFO - Extracción exitosa.
2026-06-27 12:11:25,072 - INFO - Iniciando transformación de datos...
2026-06-27 12:11:25,076 - INFO - Transformación completada (5 registros procesados).
2026-06-27 12:11:25,076 - INFO - Iniciando carga en la base de datos crypto_data.db...
2026-06-27 12:11:25,083 - INFO - Carga exitosa. Datos persistidos.
2026-06-27 14:46:58,084 - INFO - Iniciando extracción (Intento 1/3)...
2026-06-27 14:46:58,325 - INFO - Extracción exitosa.
2026-06-27 14:46:58,327 - INFO - Iniciando transformación de datos...
2026-06-27 14:46:58,331 - INFO - Transformación completada (5 registros procesados).
2026-06-27 14:46:58,331 - INFO - Iniciando carga en la base de datos crypto_data.db...
2026-06-27 14:46:58,336 - INFO - Carga exitosa. Datos persistidos.
2026-06-27 16:10:42,947 - INFO - Iniciando extracción (Intento 1/3)...
2026-06-27 16:10:43,177 - INFO - Extracción exitosa.
2026-06-27 16:10:43,178 - INFO - Iniciando transformación de datos...
2026-06-27 16:10:43,180 - INFO - Transformación completada (5 registros procesados).
2026-06-27 16:10:43,181 - INFO - Iniciando carga en la base de datos crypto_data.db...
2026-06-27 16:10:43,185 - INFO - Carga exitosa. Datos persistidos.
2026-06-27 18:09:27,813 - INFO - Iniciando extracción (Intento 1/3)...
2026-06-27 18:09:27,908 - INFO - Extracción exitosa.
2026-06-27 18:09:27,909 - INFO - Iniciando transformación de datos...
2026-06-27 18:09:27,912 - INFO - Transformación completada (5 registros procesados).
2026-06-27 18:09:27,912 - INFO - Iniciando carga en la base de datos crypto_data.db...
2026-06-27 18:09:27,917 - INFO - Carga exitosa. Datos persistidos.
2026-06-27 20:13:06,856 - INFO - Iniciando extracción (Intento 1/3)...
2026-06-27 20:13:06,969 - INFO - Extracción exitosa.
2026-06-27 20:13:06,970 - INFO - Iniciando transformación de datos...
2026-06-27 20:13:06,973 - INFO - Transformación completada (5 registros procesados).
2026-06-27 20:13:06,973 - INFO - Iniciando carga en la base de datos crypto_data.db...
2026-06-27 20:13:06,978 - INFO - Carga exitosa. Datos persistidos.
2026-06-27 22:08:12,103 - INFO - Iniciando extracción (Intento 1/3)...
2026-06-27 22:08:12,342 - INFO - Extracción exitosa.
2026-06-27 22:08:12,343 - INFO - Iniciando transformación de datos...
2026-06-27 22:08:12,346 - INFO - Transformación completada (5 registros procesados).
2026-06-27 22:08:12,346 - INFO - Iniciando carga en la base de datos crypto_data.db...
2026-06-27 22:08:12,352 - INFO - Carga exitosa. Datos persistidos.
2026-06-28 00:08:18,458 - INFO - Iniciando extracción (Intento 1/3)...
2026-06-28 00:08:18,616 - INFO - Extracción exitosa.
2026-06-28 00:08:18,617 - INFO - Iniciando transformación de datos...
2026-06-28 00:08:18,620 - INFO - Transformación completada (5 registros procesados).
2026-06-28 00:08:18,620 - INFO - Iniciando carga en la base de datos crypto_data.db...
2026-06-28 00:08:18,634 - INFO - Carga exitosa. Datos persistidos.
2026-06-28 05:21:30,691 - INFO - Iniciando extracción (Intento 1/3)...
2026-06-28 05:21:30,829 - INFO - Extracción exitosa.
2026-06-28 05:21:30,830 - INFO - Iniciando transformación de datos...
2026-06-28 05:21:30,833 - INFO - Transformación completada (5 registros procesados).
2026-06-28 05:21:30,833 - INFO - Iniciando carga en la base de datos crypto_data.db...
2026-06-28 05:21:30,838 - INFO - Carga exitosa. Datos persistidos.
2026-06-28 09:20:13,029 - INFO - Iniciando extracción (Intento 1/3)...
2026-06-28 09:20:13,277 - INFO - Extracción exitosa.
2026-06-28 09:20:13,278 - INFO - Iniciando transformación de datos...
2026-06-28 09:20:13,281 - INFO - Transformación completada (5 registros procesados).
2026-06-28 09:20:13,281 - INFO - Iniciando carga en la base de datos crypto_data.db...
2026-06-28 09:20:13,286 - INFO - Carga exitosa. Datos persistidos.
2026-06-28 11:50:21,610 - INFO - Iniciando extracción (Intento 1/3)...
2026-06-28 11:50:22,167 - INFO - Extracción exitosa.
2026-06-28 11:50:22,168 - INFO - Iniciando transformación de datos...
2026-06-28 11:50:22,171 - INFO - Transformación completada (5 registros procesados).
2026-06-28 11:50:22,172 - INFO - Iniciando carga en la base de datos crypto_data.db...
2026-06-28 11:50:22,176 - INFO - Carga exitosa. Datos persistidos.
2026-06-28 14:02:15,942 - INFO - Iniciando extracción (Intento 1/3)...
2026-06-28 14:02:16,147 - INFO - Extracción exitosa.
2026-06-28 14:02:16,149 - INFO - Iniciando transformación de datos...
2026-06-28 14:02:16,152 - INFO - Transformación completada (5 registros procesados).
2026-06-28 14:02:16,152 - INFO - Iniciando carga en la base de datos crypto_data.db...
2026-06-28 14:02:16,157 - INFO - Carga exitosa. Datos persistidos.
2026-06-28 16:17:26,346 - INFO - Iniciando extracción (Intento 1/3)...
2026-06-28 16:17:26,541 - INFO - Extracción exitosa.
2026-06-28 16:17:26,542 - INFO - Iniciando transformación de datos...
2026-06-28 16:17:26,545 - INFO - Transformación completada (5 registros procesados).
2026-06-28 16:17:26,546 - INFO - Iniciando carga en la base de datos crypto_data.db...
2026-06-28 16:17:26,552 - INFO - Carga exitosa. Datos persistidos.
2026-06-28 18:09:15,910 - INFO - Iniciando extracción (Intento 1/3)...
2026-06-28 18:09:16,071 - INFO - Extracción exitosa.
2026-06-28 18:09:16,072 - INFO - Iniciando transformación de datos...
2026-06-28 18:09:16,075 - INFO - Transformación completada (5 registros procesados).
2026-06-28 18:09:16,075 - INFO - Iniciando carga en la base de datos crypto_data.db...
2026-06-28 18:09:16,080 - INFO - Carga exitosa. Datos persistidos.
2026-06-28 20:17:23,719 - INFO - Iniciando extracción (Intento 1/3)...
2026-06-28 20:17:23,865 - INFO - Extracción exitosa.
2026-06-28 20:17:23,865 - INFO - Iniciando transformación de datos...
2026-06-28 20:17:23,869 - INFO - Transformación completada (5 registros procesados).
2026-06-28 20:17:23,869 - INFO - Iniciando carga en la base de datos crypto_data.db...
2026-06-28 20:17:23,873 - INFO - Carga exitosa. Datos persistidos.
2026-06-28 22:06:16,910 - INFO - Iniciando extracción (Intento 1/3)...
2026-06-28 22:06:17,117 - INFO - Extracción exitosa.
2026-06-28 22:06:17,118 - INFO - Iniciando transformación de datos...
2026-06-28 22:06:17,121 - INFO - Transformación completada (5 registros procesados).
2026-06-28 22:06:17,121 - INFO - Iniciando carga en la base de datos crypto_data.db...
2026-06-28 22:06:17,126 - INFO - Carga exitosa. Datos persistidos.
2026-06-29 00:13:37,906 - INFO - Iniciando extracción (Intento 1/3)...
2026-06-29 00:13:38,064 - INFO - Extracción exitosa.
2026-06-29 00:13:38,065 - INFO - Iniciando transformación de datos...
2026-06-29 00:13:38,068 - INFO - Transformación completada (5 registros procesados).
2026-06-29 00:13:38,068 - INFO - Iniciando carga en la base de datos crypto_data.db...
2026-06-29 00:13:38,073 - INFO - Carga exitosa. Datos persistidos.
2026-06-29 05:55:45,308 - INFO - Iniciando extracción (Intento 1/3)...
2026-06-29 05:55:45,504 - INFO - Extracción exitosa.
2026-06-29 05:55:45,505 - INFO - Iniciando transformación de datos...
2026-06-29 05:55:45,508 - INFO - Transformación completada (5 registros procesados).
2026-06-29 05:55:45,508 - INFO - Iniciando carga en la base de datos crypto_data.db...
2026-06-29 05:55:45,513 - INFO - Carga exitosa. Datos persistidos.
2026-06-29 11:17:13,655 - INFO - Iniciando extracción (Intento 1/3)...
2026-06-29 11:17:13,741 - INFO - Extracción exitosa.
2026-06-29 11:17:13,742 - INFO - Iniciando transformación de datos...
2026-06-29 11:17:13,745 - INFO - Transformación completada (5 registros procesados).
2026-06-29 11:17:13,745 - INFO - Iniciando carga en la base de datos crypto_data.db...
2026-06-29 11:17:13,749 - INFO - Carga exitosa. Datos persistidos.
2026-06-29 15:57:42,934 - INFO - Iniciando extracción (Intento 1/3)...
2026-06-29 15:57:43,026 - INFO - Extracción exitosa.
2026-06-29 15:57:43,027 - INFO - Iniciando transformación de datos...
2026-06-29 15:57:43,030 - INFO - Transformación completada (5 registros procesados).
2026-06-29 15:57:43,030 - INFO - Iniciando carga en la base de datos crypto_data.db...
2026-06-29 15:57:43,035 - INFO - Carga exitosa. Datos persistidos.
2026-06-29 18:18:01,552 - INFO - Iniciando extracción (Intento 1/3)...
2026-06-29 18:18:01,685 - INFO - Extracción exitosa.
2026-06-29 18:18:01,686 - INFO - Iniciando transformación de datos...
2026-06-29 18:18:01,689 - INFO - Transformación completada (5 registros procesados).
2026-06-29 18:18:01,689 - INFO - Iniciando carga en la base de datos crypto_data.db...
2026-06-29 18:18:01,694 - INFO - Carga exitosa. Datos persistidos.
2026-06-29 20:51:29,625 - INFO - Iniciando extracción (Intento 1/3)...
2026-06-29 20:51:29,756 - INFO - Extracción exitosa.
2026-06-29 20:51:29,757 - INFO - Iniciando transformación de datos...
2026-06-29 20:51:29,760 - INFO - Transformación completada (5 registros procesados).
2026-06-29 20:51:29,760 - INFO - Iniciando carga en la base de datos crypto_data.db...
2026-06-29 20:51:29,766 - INFO - Carga exitosa. Datos persistidos.
2026-06-29 22:13:44,987 - INFO - Iniciando extracción (Intento 1/3)...
2026-06-29 22:13:45,105 - INFO - Extracción exitosa.
2026-06-29 22:13:45,106 - INFO - Iniciando transformación de datos...
2026-06-29 22:13:45,109 - INFO - Transformación completada (5 registros procesados).
2026-06-29 22:13:45,109 - INFO - Iniciando carga en la base de datos crypto_data.db...
2026-06-29 22:13:45,114 - INFO - Carga exitosa. Datos persistidos.
2026-06-30 00:11:41,435 - INFO - Iniciando extracción (Intento 1/3)...
2026-06-30 00:11:41,576 - INFO - Extracción exitosa.
2026-06-30 00:11:41,577 - INFO - Iniciando transformación de datos...
2026-06-30 00:11:41,580 - INFO - Transformación completada (5 registros procesados).
2026-06-30 00:11:41,580 - INFO - Iniciando carga en la base de datos crypto_data.db...
2026-06-30 00:11:41,585 - INFO - Carga exitosa. Datos persistidos.
2026-06-30 05:09:55,284 - INFO - Iniciando extracción (Intento 1/3)...
2026-06-30 05:09:55,473 - INFO - Extracción exitosa.
2026-06-30 05:09:55,474 - INFO - Iniciando transformación de datos...
2026-06-30 05:09:55,478 - INFO - Transformación completada (5 registros procesados).
2026-06-30 05:09:55,478 - INFO - Iniciando carga en la base de datos crypto_data.db...
2026-06-30 05:09:55,483 - INFO - Carga exitosa. Datos persistidos.
2026-06-30 09:51:58,987 - INFO - Iniciando extracción (Intento 1/3)...
2026-06-30 09:51:59,190 - INFO - Extracción exitosa.
2026-06-30 09:51:59,191 - INFO - Iniciando transformación de datos...
2026-06-30 09:51:59,194 - INFO - Transformación completada (5 registros procesados).
2026-06-30 09:51:59,194 - INFO - Iniciando carga en la base de datos crypto_data.db...
2026-06-30 09:51:59,199 - INFO - Carga exitosa. Datos persistidos.
2026-06-30 12:15:18,356 - INFO - Iniciando extracción (Intento 1/3)...
2026-06-30 12:15:18,511 - INFO - Extracción exitosa.
2026-06-30 12:15:18,513 - INFO - Iniciando transformación de datos...
2026-06-30 12:15:18,517 - INFO - Transformación completada (5 registros procesados).
2026-06-30 12:15:18,517 - INFO - Iniciando carga en la base de datos crypto_data.db...
2026-06-30 12:15:18,523 - INFO - Carga exitosa. Datos persistidos.
2026-06-30 15:35:01,187 - INFO - Iniciando extracción (Intento 1/3)...
2026-06-30 15:35:01,316 - INFO - Extracción exitosa.
2026-06-30 15:35:01,317 - INFO - Iniciando transformación de datos...
2026-06-30 15:35:01,320 - INFO - Transformación completada (5 registros procesados).
2026-06-30 15:35:01,320 - INFO - Iniciando carga en la base de datos crypto_data.db...
2026-06-30 15:35:01,324 - INFO - Carga exitosa. Datos persistidos.
2026-06-30 18:03:14,159 - INFO - Iniciando extracción (Intento 1/3)...
2026-06-30 18:03:14,296 - INFO - Extracción exitosa.
2026-06-30 18:03:14,298 - INFO - Iniciando transformación de datos...
2026-06-30 18:03:14,302 - INFO - Transformación completada (5 registros procesados).
2026-06-30 18:03:14,302 - INFO - Iniciando carga en la base de datos crypto_data.db...
2026-06-30 18:03:14,308 - INFO - Carga exitosa. Datos persistidos.
2026-06-30 20:59:41,498 - INFO - Iniciando extracción (Intento 1/3)...
2026-06-30 20:59:41,705 - INFO - Extracción exitosa.
2026-06-30 20:59:41,706 - INFO - Iniciando transformación de datos...
2026-06-30 20:59:41,709 - INFO - Transformación completada (5 registros procesados).
2026-06-30 20:59:41,709 - INFO - Iniciando carga en la base de datos crypto_data.db...
2026-06-30 20:59:41,714 - INFO - Carga exitosa. Datos persistidos.
2026-06-30 22:21:45,741 - INFO - Iniciando extracción (Intento 1/3)...
2026-06-30 22:21:45,873 - INFO - Extracción exitosa.
2026-06-30 22:21:45,874 - INFO - Iniciando transformación de datos...
2026-06-30 22:21:45,878 - INFO - Transformación completada (5 registros procesados).
2026-06-30 22:21:45,878 - INFO - Iniciando carga en la base de datos crypto_data.db...
2026-06-30 22:21:45,883 - INFO - Carga exitosa. Datos persistidos.
2026-07-01 00:13:48,006 - INFO - Iniciando extracción (Intento 1/3)...
2026-07-01 00:13:48,208 - INFO - Extracción exitosa.
2026-07-01 00:13:48,209 - INFO - Iniciando transformación de datos...
2026-07-01 00:13:48,212 - INFO - Transformación completada (5 registros procesados).
2026-07-01 00:13:48,212 - INFO - Iniciando carga en la base de datos crypto_data.db...
2026-07-01 00:13:48,216 - INFO - Carga exitosa. Datos persistidos.
2026-07-01 05:27:12,821 - INFO - Iniciando extracción (Intento 1/3)...
2026-07-01 05:27:12,933 - INFO - Extracción exitosa.
2026-07-01 05:27:12,934 - INFO - Iniciando transformación de datos...
2026-07-01 05:27:12,937 - INFO - Transformación completada (5 registros procesados).
2026-07-01 05:27:12,937 - INFO - Iniciando carga en la base de datos crypto_data.db...
2026-07-01 05:27:12,943 - INFO - Carga exitosa. Datos persistidos.
2026-07-01 10:00:36,138 - INFO - Iniciando extracción (Intento 1/3)...
2026-07-01 10:00:36,313 - INFO - Extracción exitosa.
2026-07-01 10:00:36,315 - INFO - Iniciando transformación de datos...
2026-07-01 10:00:36,318 - INFO - Transformación completada (5 registros procesados).
2026-07-01 10:00:36,318 - INFO - Iniciando carga en la base de datos crypto_data.db...
2026-07-01 10:00:36,322 - INFO - Carga exitosa. Datos persistidos.
2026-07-01 13:35:44,436 - INFO - Iniciando extracción (Intento 1/3)...
2026-07-01 13:35:44,584 - INFO - Extracción exitosa.
2026-07-01 13:35:44,585 - INFO - Iniciando transformación de datos...
2026-07-01 13:35:44,589 - INFO - Transformación completada (5 registros procesados).
2026-07-01 13:35:44,589 - INFO - Iniciando carga en la base de datos crypto_data.db...
2026-07-01 13:35:44,594 - INFO - Carga exitosa. Datos persistidos.
2026-07-01 16:29:48,480 - INFO - Iniciando extracción (Intento 1/3)...
2026-07-01 16:29:48,594 - INFO - Extracción exitosa.
2026-07-01 16:29:48,595 - INFO - Iniciando transformación de datos...
2026-07-01 16:29:48,598 - INFO - Transformación completada (5 registros procesados).
2026-07-01 16:29:48,598 - INFO - Iniciando carga en la base de datos crypto_data.db...
2026-07-01 16:29:48,603 - INFO - Carga exitosa. Datos persistidos.
2026-07-01 19:01:20,873 - INFO - Iniciando extracción (Intento 1/3)...
2026-07-01 19:01:21,044 - INFO - Extracción exitosa.
2026-07-01 19:01:21,045 - INFO - Iniciando transformación de datos...
2026-07-01 19:01:21,048 - INFO - Transformación completada (5 registros procesados).
2026-07-01 19:01:21,048 - INFO - Iniciando carga en la base de datos crypto_data.db...
2026-07-01 19:01:21,053 - INFO - Carga exitosa. Datos persistidos.
2026-07-01 21:41:08,632 - INFO - Iniciando extracción (Intento 1/3)...
2026-07-01 21:41:08,833 - INFO - Extracción exitosa.
2026-07-01 21:41:08,834 - INFO - Iniciando transformación de datos...
2026-07-01 21:41:08,838 - INFO - Transformación completada (5 registros procesados).
2026-07-01 21:41:08,838 - INFO - Iniciando carga en la base de datos crypto_data.db...
2026-07-01 21:41:08,843 - INFO - Carga exitosa. Datos persistidos.
2026-07-01 23:20:38,624 - INFO - Iniciando extracción (Intento 1/3)...
2026-07-01 23:20:38,765 - INFO - Extracción exitosa.
2026-07-01 23:20:38,766 - INFO - Iniciando transformación de datos...
2026-07-01 23:20:38,769 - INFO - Transformación completada (5 registros procesados).
2026-07-01 23:20:38,769 - INFO - Iniciando carga en la base de datos crypto_data.db...
2026-07-01 23:20:38,774 - INFO - Carga exitosa. Datos persistidos.
2026-07-02 04:04:45,278 - INFO - Iniciando extracción (Intento 1/3)...
2026-07-02 04:04:45,495 - INFO - Extracción exitosa.
2026-07-02 04:04:45,496 - INFO - Iniciando transformación de datos...
2026-07-02 04:04:45,498 - INFO - Transformación completada (5 registros procesados).
2026-07-02 04:04:45,498 - INFO - Iniciando carga en la base de datos crypto_data.db...
2026-07-02 04:04:45,502 - INFO - Carga exitosa. Datos persistidos.
2026-07-02 08:14:53,488 - INFO - Iniciando extracción (Intento 1/3)...
2026-07-02 08:14:53,626 - INFO - Extracción exitosa.
2026-07-02 08:14:53,628 - INFO - Iniciando transformación de datos...
2026-07-02 08:14:53,631 - INFO - Transformación completada (5 registros procesados).
2026-07-02 08:14:53,631 - INFO - Iniciando carga en la base de datos crypto_data.db...
2026-07-02 08:14:53,635 - INFO - Carga exitosa. Datos persistidos.
2026-07-02 11:38:00,940 - INFO - Iniciando extracción (Intento 1/3)...
2026-07-02 11:38:01,085 - INFO - Extracción exitosa.
2026-07-02 11:38:01,086 - INFO - Iniciando transformación de datos...
2026-07-02 11:38:01,089 - INFO - Transformación completada (5 registros procesados).
2026-07-02 11:38:01,089 - INFO - Iniciando carga en la base de datos crypto_data.db...
2026-07-02 11:38:01,093 - INFO - Carga exitosa. Datos persistidos.
2026-07-02 14:17:22,036 - INFO - Iniciando extracción (Intento 1/3)...
2026-07-02 14:17:22,176 - INFO - Extracción exitosa.
2026-07-02 14:17:22,177 - INFO - Iniciando transformación de datos...
2026-07-02 14:17:22,180 - INFO - Transformación completada (5 registros procesados).
2026-07-02 14:17:22,180 - INFO - Iniciando carga en la base de datos crypto_data.db...
2026-07-02 14:17:22,184 - INFO - Carga exitosa. Datos persistidos.
2026-07-02 16:54:21,811 - INFO - Iniciando extracción (Intento 1/3)...
2026-07-02 16:54:21,989 - INFO - Extracción exitosa.
2026-07-02 16:54:21,990 - INFO - Iniciando transformación de datos...
2026-07-02 16:54:21,993 - INFO - Transformación completada (5 registros procesados).
2026-07-02 16:54:21,993 - INFO - Iniciando carga en la base de datos crypto_data.db...
2026-07-02 16:54:21,998 - INFO - Carga exitosa. Datos persistidos.
2026-07-02 18:39:22,744 - INFO - Iniciando extracción (Intento 1/3)...
2026-07-02 18:39:22,942 - INFO - Extracción exitosa.
2026-07-02 18:39:22,943 - INFO - Iniciando transformación de datos...
2026-07-02 18:39:22,946 - INFO - Transformación completada (5 registros procesados).
2026-07-02 18:39:22,946 - INFO - Iniciando carga en la base de datos crypto_data.db...
2026-07-02 18:39:22,950 - INFO - Carga exitosa. Datos persistidos.
2026-07-02 20:22:44,329 - INFO - Iniciando extracción (Intento 1/3)...
2026-07-02 20:22:44,472 - INFO - Extracción exitosa.
2026-07-02 20:22:44,473 - INFO - Iniciando transformación de datos...
2026-07-02 20:22:44,476 - INFO - Transformación completada (5 registros procesados).
2026-07-02 20:22:44,476 - INFO - Iniciando carga en la base de datos crypto_data.db...
2026-07-02 20:22:44,481 - INFO - Carga exitosa. Datos persistidos.
2026-07-02 22:12:09,825 - INFO - Iniciando extracción (Intento 1/3)...
2026-07-02 22:12:09,946 - INFO - Extracción exitosa.
2026-07-02 22:12:09,947 - INFO - Iniciando transformación de datos...
2026-07-02 22:12:09,950 - INFO - Transformación completada (5 registros procesados).
2026-07-02 22:12:09,950 - INFO - Iniciando carga en la base de datos crypto_data.db...
2026-07-02 22:12:09,954 - INFO - Carga exitosa. Datos persistidos.
2026-07-03 00:11:58,600 - INFO - Iniciando extracción (Intento 1/3)...
2026-07-03 00:11:58,744 - INFO - Extracción exitosa.
2026-07-03 00:11:58,745 - INFO - Iniciando transformación de datos...
2026-07-03 00:11:58,748 - INFO - Transformación completada (5 registros procesados).
2026-07-03 00:11:58,748 - INFO - Iniciando carga en la base de datos crypto_data.db...
2026-07-03 00:11:58,752 - INFO - Carga exitosa. Datos persistidos.
2026-07-03 04:47:22,795 - INFO - Iniciando extracción (Intento 1/3)...
2026-07-03 04:47:22,973 - INFO - Extracción exitosa.
2026-07-03 04:47:22,974 - INFO - Iniciando transformación de datos...
2026-07-03 04:47:22,977 - INFO - Transformación completada (5 registros procesados).
2026-07-03 04:47:22,977 - INFO - Iniciando carga en la base de datos crypto_data.db...
2026-07-03 04:47:22,982 - INFO - Carga exitosa. Datos persistidos.
2026-07-03 08:13:40,937 - INFO - Iniciando extracción (Intento 1/3)...
2026-07-03 08:13:41,130 - INFO - Extracción exitosa.
2026-07-03 08:13:41,132 - INFO - Iniciando transformación de datos...
2026-07-03 08:13:41,135 - INFO - Transformación completada (5 registros procesados).
2026-07-03 08:13:41,135 - INFO - Iniciando carga en la base de datos crypto_data.db...
2026-07-03 08:13:41,146 - INFO - Carga exitosa. Datos persistidos.
2026-07-03 11:36:50,861 - INFO - Iniciando extracción (Intento 1/3)...
2026-07-03 11:36:51,057 - INFO - Extracción exitosa.
2026-07-03 11:36:51,058 - INFO - Iniciando transformación de datos...
2026-07-03 11:36:51,060 - INFO - Transformación completada (5 registros procesados).
2026-07-03 11:36:51,060 - INFO - Iniciando carga en la base de datos crypto_data.db...
2026-07-03 11:36:51,174 - INFO - Carga exitosa. Datos persistidos.
2026-07-03 14:22:19,571 - INFO - Iniciando extracción (Intento 1/3)...
2026-07-03 14:22:19,695 - INFO - Extracción exitosa.
2026-07-03 14:22:19,696 - INFO - Iniciando transformación de datos...
2026-07-03 14:22:19,699 - INFO - Transformación completada (5 registros procesados).
2026-07-03 14:22:19,699 - INFO - Iniciando carga en la base de datos crypto_data.db...
2026-07-03 14:22:19,703 - INFO - Carga exitosa. Datos persistidos.
2026-07-03 16:39:37,484 - INFO - Iniciando extracción (Intento 1/3)...
2026-07-03 16:39:37,634 - INFO - Extracción exitosa.
2026-07-03 16:39:37,635 - INFO - Iniciando transformación de datos...
2026-07-03 16:39:37,638 - INFO - Transformación completada (5 registros procesados).
2026-07-03 16:39:37,638 - INFO - Iniciando carga en la base de datos crypto_data.db...
2026-07-03 16:39:37,643 - INFO - Carga exitosa. Datos persistidos.
2026-07-03 18:16:27,395 - INFO - Iniciando extracción (Intento 1/3)...
2026-07-03 18:16:27,505 - INFO - Extracción exitosa.
2026-07-03 18:16:27,507 - INFO - Iniciando transformación de datos...
2026-07-03 18:16:27,510 - INFO - Transformación completada (5 registros procesados).
2026-07-03 18:16:27,510 - INFO - Iniciando carga en la base de datos crypto_data.db...
2026-07-03 18:16:27,514 - INFO - Carga exitosa. Datos persistidos.
2026-07-03 20:18:07,236 - INFO - Iniciando extracción (Intento 1/3)...
2026-07-03 20:18:07,398 - INFO - Extracción exitosa.
2026-07-03 20:18:07,399 - INFO - Iniciando transformación de datos...
2026-07-03 20:18:07,402 - INFO - Transformación completada (5 registros procesados).
2026-07-03 20:18:07,402 - INFO - Iniciando carga en la base de datos crypto_data.db...
2026-07-03 20:18:07,406 - INFO - Carga exitosa. Datos persistidos.
2026-07-03 22:09:05,165 - INFO - Iniciando extracción (Intento 1/3)...
2026-07-03 22:09:05,383 - INFO - Extracción exitosa.
2026-07-03 22:09:05,384 - INFO - Iniciando transformación de datos...
2026-07-03 22:09:05,387 - INFO - Transformación completada (5 registros procesados).
2026-07-03 22:09:05,387 - INFO - Iniciando carga en la base de datos crypto_data.db...
2026-07-03 22:09:05,390 - INFO - Carga exitosa. Datos persistidos.
2026-07-04 00:11:01,220 - INFO - Iniciando extracción (Intento 1/3)...
2026-07-04 00:11:01,393 - INFO - Extracción exitosa.
2026-07-04 00:11:01,394 - INFO - Iniciando transformación de datos...
2026-07-04 00:11:01,397 - INFO - Transformación completada (5 registros procesados).
2026-07-04 00:11:01,398 - INFO - Iniciando carga en la base de datos crypto_data.db...
2026-07-04 00:11:01,402 - INFO - Carga exitosa. Datos persistidos.
2026-07-04 04:39:23,927 - INFO - Iniciando extracción (Intento 1/3)...
2026-07-04 04:39:24,075 - INFO - Extracción exitosa.
2026-07-04 04:39:24,076 - INFO - Iniciando transformación de datos...
2026-07-04 04:39:24,079 - INFO - Transformación completada (5 registros procesados).
2026-07-04 04:39:24,079 - INFO - Iniciando carga en la base de datos crypto_data.db...
2026-07-04 04:39:24,083 - INFO - Carga exitosa. Datos persistidos.
2026-07-04 07:51:04,762 - INFO - Iniciando extracción (Intento 1/3)...
2026-07-04 07:51:04,933 - INFO - Extracción exitosa.
2026-07-04 07:51:04,935 - INFO - Iniciando transformación de datos...
2026-07-04 07:51:04,938 - INFO - Transformación completada (5 registros procesados).
2026-07-04 07:51:04,938 - INFO - Iniciando carga en la base de datos crypto_data.db...
2026-07-04 07:51:04,943 - INFO - Carga exitosa. Datos persistidos.
2026-07-04 10:17:23,546 - INFO - Iniciando extracción (Intento 1/3)...
2026-07-04 10:17:23,693 - INFO - Extracción exitosa.
2026-07-04 10:17:23,694 - INFO - Iniciando transformación de datos...
2026-07-04 10:17:23,697 - INFO - Transformación completada (5 registros procesados).
2026-07-04 10:17:23,697 - INFO - Iniciando carga en la base de datos crypto_data.db...
2026-07-04 10:17:23,702 - INFO - Carga exitosa. Datos persistidos.
2026-07-04 12:10:05,421 - INFO - Iniciando extracción (Intento 1/3)...
2026-07-04 12:10:05,531 - INFO - Extracción exitosa.
2026-07-04 12:10:05,533 - INFO - Iniciando transformación de datos...
2026-07-04 12:10:05,536 - INFO - Transformación completada (5 registros procesados).
2026-07-04 12:10:05,536 - INFO - Iniciando carga en la base de datos crypto_data.db...
2026-07-04 12:10:05,541 - INFO - Carga exitosa. Datos persistidos.
2026-07-04 14:41:06,050 - INFO - Iniciando extracción (Intento 1/3)...
2026-07-04 14:41:06,174 - INFO - Extracción exitosa.
2026-07-04 14:41:06,175 - INFO - Iniciando transformación de datos...
2026-07-04 14:41:06,178 - INFO - Transformación completada (5 registros procesados).
2026-07-04 14:41:06,179 - INFO - Iniciando carga en la base de datos crypto_data.db...
2026-07-04 14:41:06,184 - INFO - Carga exitosa. Datos persistidos.
2026-07-04 16:08:06,639 - INFO - Iniciando extracción (Intento 1/3)...
2026-07-04 16:08:06,838 - INFO - Extracción exitosa.
2026-07-04 16:08:06,839 - INFO - Iniciando transformación de datos...
2026-07-04 16:08:06,842 - INFO - Transformación completada (5 registros procesados).
2026-07-04 16:08:06,842 - INFO - Iniciando carga en la base de datos crypto_data.db...
2026-07-04 16:08:06,847 - INFO - Carga exitosa. Datos persistidos.
2026-07-04 18:06:24,827 - INFO - Iniciando extracción (Intento 1/3)...
2026-07-04 18:06:24,974 - INFO - Extracción exitosa.
2026-07-04 18:06:24,975 - INFO - Iniciando transformación de datos...
2026-07-04 18:06:24,978 - INFO - Transformación completada (5 registros procesados).
2026-07-04 18:06:24,978 - INFO - Iniciando carga en la base de datos crypto_data.db...
2026-07-04 18:06:24,983 - INFO - Carga exitosa. Datos persistidos.
2026-07-04 20:12:03,860 - INFO - Iniciando extracción (Intento 1/3)...
2026-07-04 20:12:04,043 - INFO - Extracción exitosa.
2026-07-04 20:12:04,045 - INFO - Iniciando transformación de datos...
2026-07-04 20:12:04,048 - INFO - Transformación completada (5 registros procesados).
2026-07-04 20:12:04,048 - INFO - Iniciando carga en la base de datos crypto_data.db...
2026-07-04 20:12:04,054 - INFO - Carga exitosa. Datos persistidos.
2026-07-04 22:03:00,278 - INFO - Iniciando extracción (Intento 1/3)...
2026-07-04 22:03:00,397 - INFO - Extracción exitosa.
2026-07-04 22:03:00,398 - INFO - Iniciando transformación de datos...
2026-07-04 22:03:00,401 - INFO - Transformación completada (5 registros procesados).
2026-07-04 22:03:00,402 - INFO - Iniciando carga en la base de datos crypto_data.db...
2026-07-04 22:03:00,406 - INFO - Carga exitosa. Datos persistidos.
2026-07-05 00:05:51,563 - INFO - Iniciando extracción (Intento 1/3)...
2026-07-05 00:05:51,708 - INFO - Extracción exitosa.
2026-07-05 00:05:51,710 - INFO - Iniciando transformación de datos...
2026-07-05 00:05:51,713 - INFO - Transformación completada (5 registros procesados).
2026-07-05 00:05:51,713 - INFO - Iniciando carga en la base de datos crypto_data.db...
2026-07-05 00:05:51,717 - INFO - Carga exitosa. Datos persistidos.
2026-07-05 05:00:53,776 - INFO - Iniciando extracción (Intento 1/3)...
2026-07-05 05:00:53,892 - INFO - Extracción exitosa.
2026-07-05 05:00:53,893 - INFO - Iniciando transformación de datos...
2026-07-05 05:00:53,896 - INFO - Transformación completada (5 registros procesados).
2026-07-05 05:00:53,896 - INFO - Iniciando carga en la base de datos crypto_data.db...
2026-07-05 05:00:53,901 - INFO - Carga exitosa. Datos persistidos.
2026-07-05 09:14:40,460 - INFO - Iniciando extracción (Intento 1/3)...
2026-07-05 09:14:40,596 - INFO - Extracción exitosa.
2026-07-05 09:14:40,597 - INFO - Iniciando transformación de datos...
2026-07-05 09:14:40,602 - INFO - Transformación completada (5 registros procesados).
2026-07-05 09:14:40,602 - INFO - Iniciando carga en la base de datos crypto_data.db...
2026-07-05 09:14:40,607 - INFO - Carga exitosa. Datos persistidos.
2026-07-05 11:39:03,193 - INFO - Iniciando extracción (Intento 1/3)...
2026-07-05 11:39:03,437 - INFO - Extracción exitosa.
2026-07-05 11:39:03,438 - INFO - Iniciando transformación de datos...
2026-07-05 11:39:03,441 - INFO - Transformación completada (5 registros procesados).
2026-07-05 11:39:03,442 - INFO - Iniciando carga en la base de datos crypto_data.db...
2026-07-05 11:39:03,447 - INFO - Carga exitosa. Datos persistidos.
2026-07-05 13:53:08,765 - INFO - Iniciando extracción (Intento 1/3)...
2026-07-05 13:53:08,977 - INFO - Extracción exitosa.
2026-07-05 13:53:08,978 - INFO - Iniciando transformación de datos...
2026-07-05 13:53:08,981 - INFO - Transformación completada (5 registros procesados).
2026-07-05 13:53:08,981 - INFO - Iniciando carga en la base de datos crypto_data.db...
2026-07-05 13:53:08,986 - INFO - Carga exitosa. Datos persistidos.
2026-07-05 15:17:29,096 - INFO - Iniciando extracción (Intento 1/3)...
2026-07-05 15:17:29,315 - INFO - Extracción exitosa.
2026-07-05 15:17:29,316 - INFO - Iniciando transformación de datos...
2026-07-05 15:17:29,319 - INFO - Transformación completada (5 registros procesados).
2026-07-05 15:17:29,319 - INFO - Iniciando carga en la base de datos crypto_data.db...
2026-07-05 15:17:29,324 - INFO - Carga exitosa. Datos persistidos.
2026-07-05 17:18:22,627 - INFO - Iniciando extracción (Intento 1/3)...
2026-07-05 17:18:22,772 - INFO - Extracción exitosa.
2026-07-05 17:18:22,774 - INFO - Iniciando transformación de datos...
2026-07-05 17:18:22,777 - INFO - Transformación completada (5 registros procesados).
2026-07-05 17:18:22,777 - INFO - Iniciando carga en la base de datos crypto_data.db...
2026-07-05 17:18:22,784 - INFO - Carga exitosa. Datos persistidos.
2026-07-05 19:26:22,343 - INFO - Iniciando extracción (Intento 1/3)...
2026-07-05 19:26:22,474 - INFO - Extracción exitosa.
2026-07-05 19:26:22,475 - INFO - Iniciando transformación de datos...
2026-07-05 19:26:22,478 - INFO - Transformación completada (5 registros procesados).
2026-07-05 19:26:22,478 - INFO - Iniciando carga en la base de datos crypto_data.db...
2026-07-05 19:26:22,483 - INFO - Carga exitosa. Datos persistidos.
2026-07-05 21:08:50,216 - INFO - Iniciando extracción (Intento 1/3)...
2026-07-05 21:08:50,355 - INFO - Extracción exitosa.
2026-07-05 21:08:50,357 - INFO - Iniciando transformación de datos...
2026-07-05 21:08:50,360 - INFO - Transformación completada (5 registros procesados).
2026-07-05 21:08:50,360 - INFO - Iniciando carga en la base de datos crypto_data.db...
2026-07-05 21:08:50,365 - INFO - Carga exitosa. Datos persistidos.
2026-07-05 23:06:27,203 - INFO - Iniciando extracción (Intento 1/3)...
2026-07-05 23:06:27,362 - INFO - Extracción exitosa.
2026-07-05 23:06:27,363 - INFO - Iniciando transformación de datos...
2026-07-05 23:06:27,366 - INFO - Transformación completada (5 registros procesados).
2026-07-05 23:06:27,366 - INFO - Iniciando carga en la base de datos crypto_data.db...
2026-07-05 23:06:27,371 - INFO - Carga exitosa. Datos persistidos.
2026-07-06 04:08:33,060 - INFO - Iniciando extracción (Intento 1/3)...
2026-07-06 04:08:33,180 - INFO - Extracción exitosa.
2026-07-06 04:08:33,181 - INFO - Iniciando transformación de datos...
2026-07-06 04:08:33,184 - INFO - Transformación completada (5 registros procesados).
2026-07-06 04:08:33,184 - INFO - Iniciando carga en la base de datos crypto_data.db...
2026-07-06 04:08:33,190 - INFO - Carga exitosa. Datos persistidos.
2026-07-06 09:03:44,161 - INFO - Iniciando extracción (Intento 1/3)...
2026-07-06 09:03:44,283 - INFO - Extracción exitosa.
2026-07-06 09:03:44,285 - INFO - Iniciando transformación de datos...
2026-07-06 09:03:44,287 - INFO - Transformación completada (5 registros procesados).
2026-07-06 09:03:44,288 - INFO - Iniciando carga en la base de datos crypto_data.db...
2026-07-06 09:03:44,292 - INFO - Carga exitosa. Datos persistidos.
2026-07-06 13:51:48,837 - INFO - Iniciando extracción (Intento 1/3)...
2026-07-06 13:51:49,081 - INFO - Extracción exitosa.
2026-07-06 13:51:49,082 - INFO - Iniciando transformación de datos...
2026-07-06 13:51:49,085 - INFO - Transformación completada (5 registros procesados).
2026-07-06 13:51:49,085 - INFO - Iniciando carga en la base de datos crypto_data.db...
2026-07-06 13:51:49,091 - INFO - Carga exitosa. Datos persistidos.
2026-07-06 16:54:39,054 - INFO - Iniciando extracción (Intento 1/3)...
2026-07-06 16:54:39,197 - INFO - Extracción exitosa.
2026-07-06 16:54:39,198 - INFO - Iniciando transformación de datos...
2026-07-06 16:54:39,201 - INFO - Transformación completada (5 registros procesados).
2026-07-06 16:54:39,201 - INFO - Iniciando carga en la base de datos crypto_data.db...
2026-07-06 16:54:39,208 - INFO - Carga exitosa. Datos persistidos.
2026-07-06 18:59:50,159 - INFO - Iniciando extracción (Intento 1/3)...
2026-07-06 18:59:50,336 - INFO - Extracción exitosa.
2026-07-06 18:59:50,337 - INFO - Iniciando transformación de datos...
2026-07-06 18:59:50,340 - INFO - Transformación completada (5 registros procesados).
2026-07-06 18:59:50,340 - INFO - Iniciando carga en la base de datos crypto_data.db...
2026-07-06 18:59:50,345 - INFO - Carga exitosa. Datos persistidos.
2026-07-06 20:57:33,608 - INFO - Iniciando extracción (Intento 1/3)...
2026-07-06 20:57:33,738 - INFO - Extracción exitosa.
2026-07-06 20:57:33,739 - INFO - Iniciando transformación de datos...
2026-07-06 20:57:33,742 - INFO - Transformación completada (5 registros procesados).
2026-07-06 20:57:33,742 - INFO - Iniciando carga en la base de datos crypto_data.db...
2026-07-06 20:57:33,746 - INFO - Carga exitosa. Datos persistidos.
2026-07-06 22:21:08,038 - INFO - Iniciando extracción (Intento 1/3)...
2026-07-06 22:21:08,229 - INFO - Extracción exitosa.
2026-07-06 22:21:08,231 - INFO - Iniciando transformación de datos...
2026-07-06 22:21:08,234 - INFO - Transformación completada (5 registros procesados).
2026-07-06 22:21:08,234 - INFO - Iniciando carga en la base de datos crypto_data.db...
2026-07-06 22:21:08,243 - INFO - Carga exitosa. Datos persistidos.
2026-07-07 00:14:31,025 - INFO - Iniciando extracción (Intento 1/3)...
2026-07-07 00:14:31,163 - INFO - Extracción exitosa.
2026-07-07 00:14:31,164 - INFO - Iniciando transformación de datos...
2026-07-07 00:14:31,167 - INFO - Transformación completada (5 registros procesados).
2026-07-07 00:14:31,167 - INFO - Iniciando carga en la base de datos crypto_data.db...
2026-07-07 00:14:31,172 - INFO - Carga exitosa. Datos persistidos.
2026-07-07 04:57:57,765 - INFO - Iniciando extracción (Intento 1/3)...
2026-07-07 04:57:57,905 - INFO - Extracción exitosa.
2026-07-07 04:57:57,906 - INFO - Iniciando transformación de datos...
2026-07-07 04:57:57,910 - INFO - Transformación completada (5 registros procesados).
2026-07-07 04:57:57,910 - INFO - Iniciando carga en la base de datos crypto_data.db...
2026-07-07 04:57:57,915 - INFO - Carga exitosa. Datos persistidos.
2026-07-07 08:32:33,939 - INFO - Iniciando extracción (Intento 1/3)...
2026-07-07 08:32:34,091 - INFO - Extracción exitosa.
2026-07-07 08:32:34,093 - INFO - Iniciando transformación de datos...
2026-07-07 08:32:34,096 - INFO - Transformación completada (5 registros procesados).
2026-07-07 08:32:34,096 - INFO - Iniciando carga en la base de datos crypto_data.db...
2026-07-07 08:32:34,103 - INFO - Carga exitosa. Datos persistidos.
2026-07-07 11:57:03,242 - INFO - Iniciando extracción (Intento 1/3)...
2026-07-07 11:57:03,378 - INFO - Extracción exitosa.
2026-07-07 11:57:03,379 - INFO - Iniciando transformación de datos...
2026-07-07 11:57:03,382 - INFO - Transformación completada (5 registros procesados).
2026-07-07 11:57:03,382 - INFO - Iniciando carga en la base de datos crypto_data.db...
2026-07-07 11:57:03,387 - INFO - Carga exitosa. Datos persistidos.
2026-07-07 14:56:12,421 - INFO - Iniciando extracción (Intento 1/3)...
2026-07-07 14:56:12,642 - INFO - Extracción exitosa.
2026-07-07 14:56:12,643 - INFO - Iniciando transformación de datos...
2026-07-07 14:56:12,646 - INFO - Transformación completada (5 registros procesados).
2026-07-07 14:56:12,646 - INFO - Iniciando carga en la base de datos crypto_data.db...
2026-07-07 14:56:12,650 - INFO - Carga exitosa. Datos persistidos.
2026-07-07 17:23:21,897 - INFO - Iniciando extracción (Intento 1/3)...
2026-07-07 17:23:22,060 - INFO - Extracción exitosa.
2026-07-07 17:23:22,061 - INFO - Iniciando transformación de datos...
2026-07-07 17:23:22,065 - INFO - Transformación completada (5 registros procesados).
2026-07-07 17:23:22,065 - INFO - Iniciando carga en la base de datos crypto_data.db...
2026-07-07 17:23:22,069 - INFO - Carga exitosa. Datos persistidos.
2026-07-07 20:05:08,856 - INFO - Iniciando extracción (Intento 1/3)...
2026-07-07 20:05:09,003 - INFO - Extracción exitosa.
2026-07-07 20:05:09,004 - INFO - Iniciando transformación de datos...
2026-07-07 20:05:09,007 - INFO - Transformación completada (5 registros procesados).
2026-07-07 20:05:09,007 - INFO - Iniciando carga en la base de datos crypto_data.db...
2026-07-07 20:05:09,011 - INFO - Carga exitosa. Datos persistidos.
2026-07-07 22:15:35,819 - INFO - Iniciando extracción (Intento 1/3)...
2026-07-07 22:15:35,942 - INFO - Extracción exitosa.
2026-07-07 22:15:35,943 - INFO - Iniciando transformación de datos...
2026-07-07 22:15:35,946 - INFO - Transformación completada (5 registros procesados).
2026-07-07 22:15:35,946 - INFO - Iniciando carga en la base de datos crypto_data.db...
2026-07-07 22:15:35,951 - INFO - Carga exitosa. Datos persistidos.
2026-07-08 00:03:41,185 - INFO - Iniciando extracción (Intento 1/3)...
2026-07-08 00:03:41,328 - INFO - Extracción exitosa.
2026-07-08 00:03:41,329 - INFO - Iniciando transformación de datos...
2026-07-08 00:03:41,334 - INFO - Transformación completada (5 registros procesados).
2026-07-08 00:03:41,334 - INFO - Iniciando carga en la base de datos crypto_data.db...
2026-07-08 00:03:41,339 - INFO - Carga exitosa. Datos persistidos.
2026-07-08 04:18:52,963 - INFO - Iniciando extracción (Intento 1/3)...
2026-07-08 04:18:53,060 - INFO - Extracción exitosa.
2026-07-08 04:18:53,061 - INFO - Iniciando transformación de datos...
2026-07-08 04:18:53,064 - INFO - Transformación completada (5 registros procesados).
2026-07-08 04:18:53,064 - INFO - Iniciando carga en la base de datos crypto_data.db...
2026-07-08 04:18:53,069 - INFO - Carga exitosa. Datos persistidos.
2026-07-08 07:33:13,280 - INFO - Iniciando extracción (Intento 1/3)...
2026-07-08 07:33:13,461 - INFO - Extracción exitosa.
2026-07-08 07:33:13,462 - INFO - Iniciando transformación de datos...
2026-07-08 07:33:13,465 - INFO - Transformación completada (5 registros procesados).
2026-07-08 07:33:13,465 - INFO - Iniciando carga en la base de datos crypto_data.db...
2026-07-08 07:33:13,471 - INFO - Carga exitosa. Datos persistidos.
2026-07-08 10:24:53,577 - INFO - Iniciando extracción (Intento 1/3)...
2026-07-08 10:24:53,698 - INFO - Extracción exitosa.
2026-07-08 10:24:53,699 - INFO - Iniciando transformación de datos...
2026-07-08 10:24:53,702 - INFO - Transformación completada (5 registros procesados).
2026-07-08 10:24:53,702 - INFO - Iniciando carga en la base de datos crypto_data.db...
2026-07-08 10:24:53,707 - INFO - Carga exitosa. Datos persistidos.
2026-07-08 12:25:09,915 - INFO - Iniciando extracción (Intento 1/3)...
2026-07-08 12:25:10,117 - INFO - Extracción exitosa.
2026-07-08 12:25:10,118 - INFO - Iniciando transformación de datos...
2026-07-08 12:25:10,121 - INFO - Transformación completada (5 registros procesados).
2026-07-08 12:25:10,121 - INFO - Iniciando carga en la base de datos crypto_data.db...
2026-07-08 12:25:10,125 - INFO - Carga exitosa. Datos persistidos.
2026-07-08 15:26:29,426 - INFO - Iniciando extracción (Intento 1/3)...
2026-07-08 15:26:29,641 - INFO - Extracción exitosa.
2026-07-08 15:26:29,643 - INFO - Iniciando transformación de datos...
2026-07-08 15:26:29,646 - INFO - Transformación completada (5 registros procesados).
2026-07-08 15:26:29,646 - INFO - Iniciando carga en la base de datos crypto_data.db...
2026-07-08 15:26:29,745 - INFO - Carga exitosa. Datos persistidos.
2026-07-08 17:43:56,453 - INFO - Iniciando extracción (Intento 1/3)...
2026-07-08 17:43:56,603 - INFO - Extracción exitosa.
2026-07-08 17:43:56,604 - INFO - Iniciando transformación de datos...
2026-07-08 17:43:56,608 - INFO - Transformación completada (5 registros procesados).
2026-07-08 17:43:56,608 - INFO - Iniciando carga en la base de datos crypto_data.db...
2026-07-08 17:43:56,613 - INFO - Carga exitosa. Datos persistidos.
2026-07-08 19:42:58,601 - INFO - Iniciando extracción (Intento 1/3)...
2026-07-08 19:42:58,748 - INFO - Extracción exitosa.
2026-07-08 19:42:58,750 - INFO - Iniciando transformación de datos...
2026-07-08 19:42:58,754 - INFO - Transformación completada (5 registros procesados).
2026-07-08 19:42:58,754 - INFO - Iniciando carga en la base de datos crypto_data.db...
2026-07-08 19:42:58,759 - INFO - Carga exitosa. Datos persistidos.
2026-07-08 21:14:56,222 - INFO - Iniciando extracción (Intento 1/3)...
2026-07-08 21:14:56,372 - INFO - Extracción exitosa.
2026-07-08 21:14:56,373 - INFO - Iniciando transformación de datos...
2026-07-08 21:14:56,377 - INFO - Transformación completada (5 registros procesados).
2026-07-08 21:14:56,377 - INFO - Iniciando carga en la base de datos crypto_data.db...
2026-07-08 21:14:56,382 - INFO - Carga exitosa. Datos persistidos.
2026-07-08 23:14:10,666 - INFO - Iniciando extracción (Intento 1/3)...
2026-07-08 23:14:10,891 - INFO - Extracción exitosa.
2026-07-08 23:14:10,892 - INFO - Iniciando transformación de datos...
2026-07-08 23:14:10,895 - INFO - Transformación completada (5 registros procesados).
2026-07-08 23:14:10,895 - INFO - Iniciando carga en la base de datos crypto_data.db...
2026-07-08 23:14:10,899 - INFO - Carga exitosa. Datos persistidos.
2026-07-09 03:52:53,880 - INFO - Iniciando extracción (Intento 1/3)...
2026-07-09 03:52:54,136 - INFO - Extracción exitosa.
2026-07-09 03:52:54,137 - INFO - Iniciando transformación de datos...
2026-07-09 03:52:54,141 - INFO - Transformación completada (5 registros procesados).
2026-07-09 03:52:54,141 - INFO - Iniciando carga en la base de datos crypto_data.db...
2026-07-09 03:52:54,146 - INFO - Carga exitosa. Datos persistidos.
2026-07-09 07:48:25,842 - INFO - Iniciando extracción (Intento 1/3)...
2026-07-09 07:48:25,955 - INFO - Extracción exitosa.
2026-07-09 07:48:25,956 - INFO - Iniciando transformación de datos...
2026-07-09 07:48:25,960 - INFO - Transformación completada (5 registros procesados).
2026-07-09 07:48:25,960 - INFO - Iniciando carga en la base de datos crypto_data.db...
2026-07-09 07:48:25,965 - INFO - Carga exitosa. Datos persistidos.
2026-07-09 11:11:04,800 - INFO - Iniciando extracción (Intento 1/3)...
2026-07-09 11:11:04,943 - INFO - Extracción exitosa.
2026-07-09 11:11:04,944 - INFO - Iniciando transformación de datos...
2026-07-09 11:11:04,947 - INFO - Transformación completada (5 registros procesados).
2026-07-09 11:11:04,947 - INFO - Iniciando carga en la base de datos crypto_data.db...
2026-07-09 11:11:04,953 - INFO - Carga exitosa. Datos persistidos.
2026-07-09 15:23:49,744 - INFO - Iniciando extracción (Intento 1/3)...
2026-07-09 15:23:49,884 - INFO - Extracción exitosa.
2026-07-09 15:23:49,885 - INFO - Iniciando transformación de datos...
2026-07-09 15:23:49,889 - INFO - Transformación completada (5 registros procesados).
2026-07-09 15:23:49,889 - INFO - Iniciando carga en la base de datos crypto_data.db...
2026-07-09 15:23:49,894 - INFO - Carga exitosa. Datos persistidos.
2026-07-09 18:02:27,448 - INFO - Iniciando extracción (Intento 1/3)...
2026-07-09 18:02:27,669 - INFO - Extracción exitosa.
2026-07-09 18:02:27,670 - INFO - Iniciando transformación de datos...
2026-07-09 18:02:27,674 - INFO - Transformación completada (5 registros procesados).
2026-07-09 18:02:27,674 - INFO - Iniciando carga en la base de datos crypto_data.db...
2026-07-09 18:02:27,696 - INFO - Carga exitosa. Datos persistidos.
2026-07-09 20:50:44,669 - INFO - Iniciando extracción (Intento 1/3)...
2026-07-09 20:50:44,796 - INFO - Extracción exitosa.
2026-07-09 20:50:44,798 - INFO - Iniciando transformación de datos...
2026-07-09 20:50:44,801 - INFO - Transformación completada (5 registros procesados).
2026-07-09 20:50:44,801 - INFO - Iniciando carga en la base de datos crypto_data.db...
2026-07-09 20:50:44,805 - INFO - Carga exitosa. Datos persistidos.
2026-07-09 22:35:48,465 - INFO - Iniciando extracción (Intento 1/3)...
2026-07-09 22:35:49,142 - INFO - Extracción exitosa.
2026-07-09 22:35:49,143 - INFO - Iniciando transformación de datos...
2026-07-09 22:35:49,146 - INFO - Transformación completada (5 registros procesados).
2026-07-09 22:35:49,147 - INFO - Iniciando carga en la base de datos crypto_data.db...
2026-07-09 22:35:49,151 - INFO - Carga exitosa. Datos persistidos.
2026-07-10 00:11:11,257 - INFO - Iniciando extracción (Intento 1/3)...
2026-07-10 00:11:11,489 - INFO - Extracción exitosa.
2026-07-10 00:11:11,490 - INFO - Iniciando transformación de datos...
2026-07-10 00:11:11,493 - INFO - Transformación completada (5 registros procesados).
2026-07-10 00:11:11,493 - INFO - Iniciando carga en la base de datos crypto_data.db...
2026-07-10 00:11:11,498 - INFO - Carga exitosa. Datos persistidos.
2026-07-10 04:57:33,903 - INFO - Iniciando extracción (Intento 1/3)...
2026-07-10 04:57:34,098 - INFO - Extracción exitosa.
2026-07-10 04:57:34,098 - INFO - Iniciando transformación de datos...
2026-07-10 04:57:34,101 - INFO - Transformación completada (5 registros procesados).
2026-07-10 04:57:34,101 - INFO - Iniciando carga en la base de datos crypto_data.db...
2026-07-10 04:57:34,106 - INFO - Carga exitosa. Datos persistidos.
2026-07-10 08:30:07,747 - INFO - Iniciando extracción (Intento 1/3)...
2026-07-10 08:30:07,923 - INFO - Extracción exitosa.
2026-07-10 08:30:07,925 - INFO - Iniciando transformación de datos...
2026-07-10 08:30:07,928 - INFO - Transformación completada (5 registros procesados).
2026-07-10 08:30:07,928 - INFO - Iniciando carga en la base de datos crypto_data.db...
2026-07-10 08:30:07,932 - INFO - Carga exitosa. Datos persistidos.
2026-07-10 11:58:58,031 - INFO - Iniciando extracción (Intento 1/3)...
2026-07-10 11:58:58,234 - INFO - Extracción exitosa.
2026-07-10 11:58:58,235 - INFO - Iniciando transformación de datos...
2026-07-10 11:58:58,237 - INFO - Transformación completada (5 registros procesados).
2026-07-10 11:58:58,238 - INFO - Iniciando carga en la base de datos crypto_data.db...
2026-07-10 11:58:58,242 - INFO - Carga exitosa. Datos persistidos.
2026-07-10 14:47:24,771 - INFO - Iniciando extracción (Intento 1/3)...
2026-07-10 14:47:24,926 - INFO - Extracción exitosa.
2026-07-10 14:47:24,926 - INFO - Iniciando transformación de datos...
2026-07-10 14:47:24,929 - INFO - Transformación completada (5 registros procesados).
2026-07-10 14:47:24,929 - INFO - Iniciando carga en la base de datos crypto_data.db...
2026-07-10 14:47:24,934 - INFO - Carga exitosa. Datos persistidos.
2026-07-10 17:02:06,164 - INFO - Iniciando extracción (Intento 1/3)...
2026-07-10 17:02:06,284 - INFO - Extracción exitosa.
2026-07-10 17:02:06,285 - INFO - Iniciando transformación de datos...
2026-07-10 17:02:06,288 - INFO - Transformación completada (5 registros procesados).
2026-07-10 17:02:06,288 - INFO - Iniciando carga en la base de datos crypto_data.db...
2026-07-10 17:02:06,292 - INFO - Carga exitosa. Datos persistidos.
2026-07-10 19:41:12,988 - INFO - Iniciando extracción (Intento 1/3)...
2026-07-10 19:41:13,111 - INFO - Extracción exitosa.
2026-07-10 19:41:13,112 - INFO - Iniciando transformación de datos...
2026-07-10 19:41:13,115 - INFO - Transformación completada (5 registros procesados).
2026-07-10 19:41:13,115 - INFO - Iniciando carga en la base de datos crypto_data.db...
2026-07-10 19:41:13,120 - INFO - Carga exitosa. Datos persistidos.
2026-07-10 21:11:20,104 - INFO - Iniciando extracción (Intento 1/3)...
2026-07-10 21:11:20,234 - INFO - Extracción exitosa.
2026-07-10 21:11:20,236 - INFO - Iniciando transformación de datos...
2026-07-10 21:11:20,240 - INFO - Transformación completada (5 registros procesados).
2026-07-10 21:11:20,240 - INFO - Iniciando carga en la base de datos crypto_data.db...
2026-07-10 21:11:20,244 - INFO - Carga exitosa. Datos persistidos.
2026-07-10 23:03:01,645 - INFO - Iniciando extracción (Intento 1/3)...
2026-07-10 23:03:01,769 - INFO - Extracción exitosa.
2026-07-10 23:03:01,770 - INFO - Iniciando transformación de datos...
2026-07-10 23:03:01,773 - INFO - Transformación completada (5 registros procesados).
2026-07-10 23:03:01,773 - INFO - Iniciando carga en la base de datos crypto_data.db...
2026-07-10 23:03:01,783 - INFO - Carga exitosa. Datos persistidos.
2026-07-11 03:19:54,584 - INFO - Iniciando extracción (Intento 1/3)...
2026-07-11 03:19:54,756 - INFO - Extracción exitosa.
2026-07-11 03:19:54,757 - INFO - Iniciando transformación de datos...
2026-07-11 03:19:54,760 - INFO - Transformación completada (5 registros procesados).
2026-07-11 03:19:54,760 - INFO - Iniciando carga en la base de datos crypto_data.db...
2026-07-11 03:19:54,764 - INFO - Carga exitosa. Datos persistidos.
2026-07-11 06:19:35,129 - INFO - Iniciando extracción (Intento 1/3)...
2026-07-11 06:19:35,256 - INFO - Extracción exitosa.
2026-07-11 06:19:35,258 - INFO - Iniciando transformación de datos...
2026-07-11 06:19:35,261 - INFO - Transformación completada (5 registros procesados).
2026-07-11 06:19:35,261 - INFO - Iniciando carga en la base de datos crypto_data.db...
2026-07-11 06:19:35,265 - INFO - Carga exitosa. Datos persistidos.
2026-07-11 08:51:42,704 - INFO - Iniciando extracción (Intento 1/3)...
2026-07-11 08:51:42,881 - INFO - Extracción exitosa.
2026-07-11 08:51:42,882 - INFO - Iniciando transformación de datos...
2026-07-11 08:51:42,885 - INFO - Transformación completada (5 registros procesados).
2026-07-11 08:51:42,885 - INFO - Iniciando carga en la base de datos crypto_data.db...
2026-07-11 08:51:42,890 - INFO - Carga exitosa. Datos persistidos.
2026-07-11 10:19:11,470 - INFO - Iniciando extracción (Intento 1/3)...
2026-07-11 10:19:11,598 - INFO - Extracción exitosa.
2026-07-11 10:19:11,599 - INFO - Iniciando transformación de datos...
2026-07-11 10:19:11,602 - INFO - Transformación completada (5 registros procesados).
2026-07-11 10:19:11,602 - INFO - Iniciando carga en la base de datos crypto_data.db...
2026-07-11 10:19:11,607 - INFO - Carga exitosa. Datos persistidos.
2026-07-11 11:56:49,973 - INFO - Iniciando extracción (Intento 1/3)...
2026-07-11 11:56:50,156 - INFO - Extracción exitosa.
2026-07-11 11:56:50,158 - INFO - Iniciando transformación de datos...
2026-07-11 11:56:50,161 - INFO - Transformación completada (5 registros procesados).
2026-07-11 11:56:50,161 - INFO - Iniciando carga en la base de datos crypto_data.db...
2026-07-11 11:56:50,166 - INFO - Carga exitosa. Datos persistidos.
2026-07-11 13:45:12,320 - INFO - Iniciando extracción (Intento 1/3)...
2026-07-11 13:45:12,473 - INFO - Extracción exitosa.
2026-07-11 13:45:12,474 - INFO - Iniciando transformación de datos...
2026-07-11 13:45:12,477 - INFO - Transformación completada (5 registros procesados).
2026-07-11 13:45:12,477 - INFO - Iniciando carga en la base de datos crypto_data.db...
2026-07-11 13:45:12,482 - INFO - Carga exitosa. Datos persistidos.
2026-07-11 15:00:12,824 - INFO - Iniciando extracción (Intento 1/3)...
2026-07-11 15:00:13,062 - INFO - Extracción exitosa.
2026-07-11 15:00:13,063 - INFO - Iniciando transformación de datos...
2026-07-11 15:00:13,065 - INFO - Transformación completada (5 registros procesados).
2026-07-11 15:00:13,066 - INFO - Iniciando carga en la base de datos crypto_data.db...
2026-07-11 15:00:13,070 - INFO - Carga exitosa. Datos persistidos.
2026-07-11 16:05:19,708 - INFO - Iniciando extracción (Intento 1/3)...
2026-07-11 16:05:19,844 - INFO - Extracción exitosa.
2026-07-11 16:05:19,846 - INFO - Iniciando transformación de datos...
2026-07-11 16:05:19,848 - INFO - Transformación completada (5 registros procesados).
2026-07-11 16:05:19,849 - INFO - Iniciando carga en la base de datos crypto_data.db...
2026-07-11 16:05:19,853 - INFO - Carga exitosa. Datos persistidos.
2026-07-11 17:58:09,331 - INFO - Iniciando extracción (Intento 1/3)...
2026-07-11 17:58:09,457 - INFO - Extracción exitosa.
2026-07-11 17:58:09,458 - INFO - Iniciando transformación de datos...
2026-07-11 17:58:09,461 - INFO - Transformación completada (5 registros procesados).
2026-07-11 17:58:09,461 - INFO - Iniciando carga en la base de datos crypto_data.db...
2026-07-11 17:58:09,466 - INFO - Carga exitosa. Datos persistidos.
2026-07-11 19:18:54,732 - INFO - Iniciando extracción (Intento 1/3)...
2026-07-11 19:18:54,850 - INFO - Extracción exitosa.
2026-07-11 19:18:54,851 - INFO - Iniciando transformación de datos...
2026-07-11 19:18:54,854 - INFO - Transformación completada (5 registros procesados).
2026-07-11 19:18:54,854 - INFO - Iniciando carga en la base de datos crypto_data.db...
2026-07-11 19:18:54,858 - INFO - Carga exitosa. Datos persistidos.
2026-07-11 20:57:44,876 - INFO - Iniciando extracción (Intento 1/3)...
2026-07-11 20:57:45,016 - INFO - Extracción exitosa.
2026-07-11 20:57:45,017 - INFO - Iniciando transformación de datos...
2026-07-11 20:57:45,021 - INFO - Transformación completada (5 registros procesados).
2026-07-11 20:57:45,021 - INFO - Iniciando carga en la base de datos crypto_data.db...
2026-07-11 20:57:45,026 - INFO - Carga exitosa. Datos persistidos.
2026-07-11 21:58:29,777 - INFO - Iniciando extracción (Intento 1/3)...
2026-07-11 21:58:29,940 - INFO - Extracción exitosa.
2026-07-11 21:58:29,942 - INFO - Iniciando transformación de datos...
2026-07-11 21:58:29,946 - INFO - Transformación completada (5 registros procesados).
2026-07-11 21:58:29,946 - INFO - Iniciando carga en la base de datos crypto_data.db...
2026-07-11 21:58:29,952 - INFO - Carga exitosa. Datos persistidos.
2026-07-11 23:00:51,464 - INFO - Iniciando extracción (Intento 1/3)...
2026-07-11 23:00:51,619 - INFO - Extracción exitosa.
2026-07-11 23:00:51,620 - INFO - Iniciando transformación de datos...
2026-07-11 23:00:51,623 - INFO - Transformación completada (5 registros procesados).
2026-07-11 23:00:51,623 - INFO - Iniciando carga en la base de datos crypto_data.db...
2026-07-11 23:00:51,629 - INFO - Carga exitosa. Datos persistidos.
2026-07-12 03:32:04,283 - INFO - Iniciando extracción (Intento 1/3)...
2026-07-12 03:32:04,412 - INFO - Extracción exitosa.
2026-07-12 03:32:04,413 - INFO - Iniciando transformación de datos...
2026-07-12 03:32:04,417 - INFO - Transformación completada (5 registros procesados).
2026-07-12 03:32:04,417 - INFO - Iniciando carga en la base de datos crypto_data.db...
2026-07-12 03:32:04,421 - INFO - Carga exitosa. Datos persistidos.
2026-07-12 06:39:35,355 - INFO - Iniciando extracción (Intento 1/3)...
2026-07-12 06:39:35,546 - INFO - Extracción exitosa.
2026-07-12 06:39:35,547 - INFO - Iniciando transformación de datos...
2026-07-12 06:39:35,550 - INFO - Transformación completada (5 registros procesados).
2026-07-12 06:39:35,550 - INFO - Iniciando carga en la base de datos crypto_data.db...
2026-07-12 06:39:35,555 - INFO - Carga exitosa. Datos persistidos.
2026-07-12 09:06:42,930 - INFO - Iniciando extracción (Intento 1/3)...
2026-07-12 09:06:43,013 - INFO - Extracción exitosa.
2026-07-12 09:06:43,014 - INFO - Iniciando transformación de datos...
2026-07-12 09:06:43,017 - INFO - Transformación completada (5 registros procesados).
2026-07-12 09:06:43,017 - INFO - Iniciando carga en la base de datos crypto_data.db...
2026-07-12 09:06:43,022 - INFO - Carga exitosa. Datos persistidos.
2026-07-12 11:15:43,043 - INFO - Iniciando extracción (Intento 1/3)...
2026-07-12 11:15:43,271 - INFO - Extracción exitosa.
2026-07-12 11:15:43,272 - INFO - Iniciando transformación de datos...
2026-07-12 11:15:43,275 - INFO - Transformación completada (5 registros procesados).
2026-07-12 11:15:43,275 - INFO - Iniciando carga en la base de datos crypto_data.db...
2026-07-12 11:15:43,280 - INFO - Carga exitosa. Datos persistidos.
2026-07-12 13:40:28,281 - INFO - Iniciando extracción (Intento 1/3)...
2026-07-12 13:40:28,441 - INFO - Extracción exitosa.
2026-07-12 13:40:28,443 - INFO - Iniciando transformación de datos...
2026-07-12 13:40:28,446 - INFO - Transformación completada (5 registros procesados).
2026-07-12 13:40:28,446 - INFO - Iniciando carga en la base de datos crypto_data.db...
2026-07-12 13:40:28,452 - INFO - Carga exitosa. Datos persistidos.
2026-07-12 15:02:43,188 - INFO - Iniciando extracción (Intento 1/3)...
2026-07-12 15:02:43,341 - INFO - Extracción exitosa.
2026-07-12 15:02:43,342 - INFO - Iniciando transformación de datos...
2026-07-12 15:02:43,345 - INFO - Transformación completada (5 registros procesados).
2026-07-12 15:02:43,345 - INFO - Iniciando carga en la base de datos crypto_data.db...
2026-07-12 15:02:43,350 - INFO - Carga exitosa. Datos persistidos.
2026-07-12 17:05:50,374 - INFO - Iniciando extracción (Intento 1/3)...
2026-07-12 17:05:50,512 - INFO - Extracción exitosa.
2026-07-12 17:05:50,513 - INFO - Iniciando transformación de datos...
2026-07-12 17:05:50,518 - INFO - Transformación completada (5 registros procesados).
2026-07-12 17:05:50,518 - INFO - Iniciando carga en la base de datos crypto_data.db...
2026-07-12 17:05:50,522 - INFO - Carga exitosa. Datos persistidos.
2026-07-12 19:13:34,369 - INFO - Iniciando extracción (Intento 1/3)...
2026-07-12 19:13:34,502 - INFO - Extracción exitosa.
2026-07-12 19:13:34,504 - INFO - Iniciando transformación de datos...
2026-07-12 19:13:34,507 - INFO - Transformación completada (5 registros procesados).
2026-07-12 19:13:34,507 - INFO - Iniciando carga en la base de datos crypto_data.db...
2026-07-12 19:13:34,512 - INFO - Carga exitosa. Datos persistidos.
2026-07-12 20:57:52,748 - INFO - Iniciando extracción (Intento 1/3)...
2026-07-12 20:57:52,849 - INFO - Extracción exitosa.
2026-07-12 20:57:52,850 - INFO - Iniciando transformación de datos...
2026-07-12 20:57:52,853 - INFO - Transformación completada (5 registros procesados).
2026-07-12 20:57:52,853 - INFO - Iniciando carga en la base de datos crypto_data.db...
2026-07-12 20:57:52,858 - INFO - Carga exitosa. Datos persistidos.
2026-07-12 22:00:02,835 - INFO - Iniciando extracción (Intento 1/3)...
2026-07-12 22:00:03,060 - INFO - Extracción exitosa.
2026-07-12 22:00:03,061 - INFO - Iniciando transformación de datos...
2026-07-12 22:00:03,063 - INFO - Transformación completada (5 registros procesados).
2026-07-12 22:00:03,063 - INFO - Iniciando carga en la base de datos crypto_data.db...
2026-07-12 22:00:03,090 - INFO - Carga exitosa. Datos persistidos.
2026-07-12 23:02:37,433 - INFO - Iniciando extracción (Intento 1/3)...
2026-07-12 23:02:37,562 - INFO - Extracción exitosa.
2026-07-12 23:02:37,564 - INFO - Iniciando transformación de datos...
2026-07-12 23:02:37,567 - INFO - Transformación completada (5 registros procesados).
2026-07-12 23:02:37,567 - INFO - Iniciando carga en la base de datos crypto_data.db...
2026-07-12 23:02:37,573 - INFO - Carga exitosa. Datos persistidos.
2026-07-13 03:34:54,275 - INFO - Iniciando extracción (Intento 1/3)...
2026-07-13 03:34:54,368 - INFO - Extracción exitosa.
2026-07-13 03:34:54,369 - INFO - Iniciando transformación de datos...
2026-07-13 03:34:54,372 - INFO - Transformación completada (5 registros procesados).
2026-07-13 03:34:54,372 - INFO - Iniciando carga en la base de datos crypto_data.db...
2026-07-13 03:34:54,377 - INFO - Carga exitosa. Datos persistidos.
2026-07-13 07:27:34,161 - INFO - Iniciando extracción (Intento 1/3)...
2026-07-13 07:27:34,303 - INFO - Extracción exitosa.
2026-07-13 07:27:34,304 - INFO - Iniciando transformación de datos...
2026-07-13 07:27:34,307 - INFO - Transformación completada (5 registros procesados).
2026-07-13 07:27:34,307 - INFO - Iniciando carga en la base de datos crypto_data.db...
2026-07-13 07:27:34,312 - INFO - Carga exitosa. Datos persistidos.
2026-07-13 11:19:33,575 - INFO - Iniciando extracción (Intento 1/3)...
2026-07-13 11:19:33,791 - INFO - Extracción exitosa.
2026-07-13 11:19:33,792 - INFO - Iniciando transformación de datos...
2026-07-13 11:19:33,795 - INFO - Transformación completada (5 registros procesados).
2026-07-13 11:19:33,795 - INFO - Iniciando carga en la base de datos crypto_data.db...
2026-07-13 11:19:33,800 - INFO - Carga exitosa. Datos persistidos.
2026-07-13 14:48:24,094 - INFO - Iniciando extracción (Intento 1/3)...
2026-07-13 14:48:24,282 - INFO - Extracción exitosa.
2026-07-13 14:48:24,283 - INFO - Iniciando transformación de datos...
2026-07-13 14:48:24,285 - INFO - Transformación completada (5 registros procesados).
2026-07-13 14:48:24,285 - INFO - Iniciando carga en la base de datos crypto_data.db...
2026-07-13 14:48:24,326 - INFO - Carga exitosa. Datos persistidos.
2026-07-13 17:18:34,256 - INFO - Iniciando extracción (Intento 1/3)...
2026-07-13 17:18:34,355 - INFO - Extracción exitosa.
2026-07-13 17:18:34,356 - INFO - Iniciando transformación de datos...
2026-07-13 17:18:34,359 - INFO - Transformación completada (5 registros procesados).
2026-07-13 17:18:34,359 - INFO - Iniciando carga en la base de datos crypto_data.db...
2026-07-13 17:18:34,363 - INFO - Carga exitosa. Datos persistidos.
2026-07-13 19:36:59,622 - INFO - Iniciando extracción (Intento 1/3)...
2026-07-13 19:36:59,773 - INFO - Extracción exitosa.
2026-07-13 19:36:59,775 - INFO - Iniciando transformación de datos...
2026-07-13 19:36:59,778 - INFO - Transformación completada (5 registros procesados).
2026-07-13 19:36:59,778 - INFO - Iniciando carga en la base de datos crypto_data.db...
2026-07-13 19:36:59,783 - INFO - Carga exitosa. Datos persistidos.
2026-07-13 21:02:48,006 - INFO - Iniciando extracción (Intento 1/3)...
2026-07-13 21:02:48,132 - INFO - Extracción exitosa.
2026-07-13 21:02:48,132 - INFO - Iniciando transformación de datos...
2026-07-13 21:02:48,135 - INFO - Transformación completada (5 registros procesados).
2026-07-13 21:02:48,135 - INFO - Iniciando carga en la base de datos crypto_data.db...
2026-07-13 21:02:48,140 - INFO - Carga exitosa. Datos persistidos.
2026-07-13 23:00:25,888 - INFO - Iniciando extracción (Intento 1/3)...
2026-07-13 23:00:26,021 - INFO - Extracción exitosa.
2026-07-13 23:00:26,023 - INFO - Iniciando transformación de datos...
2026-07-13 23:00:26,027 - INFO - Transformación completada (5 registros procesados).
2026-07-13 23:00:26,027 - INFO - Iniciando carga en la base de datos crypto_data.db...
2026-07-13 23:00:26,034 - INFO - Carga exitosa. Datos persistidos.
2026-07-14 02:56:01,834 - INFO - Iniciando extracción (Intento 1/3)...
2026-07-14 02:56:01,986 - INFO - Extracción exitosa.
2026-07-14 02:56:01,987 - INFO - Iniciando transformación de datos...
2026-07-14 02:56:01,990 - INFO - Transformación completada (5 registros procesados).
2026-07-14 02:56:01,990 - INFO - Iniciando carga en la base de datos crypto_data.db...
2026-07-14 02:56:01,995 - INFO - Carga exitosa. Datos persistidos.
2026-07-14 05:37:32,472 - INFO - Iniciando extracción (Intento 1/3)...
2026-07-14 05:37:32,665 - INFO - Extracción exitosa.
2026-07-14 05:37:32,666 - INFO - Iniciando transformación de datos...
2026-07-14 05:37:32,669 - INFO - Transformación completada (5 registros procesados).
2026-07-14 05:37:32,669 - INFO - Iniciando carga en la base de datos crypto_data.db...
2026-07-14 05:37:32,674 - INFO - Carga exitosa. Datos persistidos.
2026-07-14 08:18:35,246 - INFO - Iniciando extracción (Intento 1/3)...
2026-07-14 08:18:35,448 - INFO - Extracción exitosa.
2026-07-14 08:18:35,449 - INFO - Iniciando transformación de datos...
2026-07-14 08:18:35,452 - INFO - Transformación completada (5 registros procesados).
2026-07-14 08:18:35,452 - INFO - Iniciando carga en la base de datos crypto_data.db...
2026-07-14 08:18:35,459 - INFO - Carga exitosa. Datos persistidos.
2026-07-14 10:51:28,205 - INFO - Iniciando extracción (Intento 1/3)...
2026-07-14 10:51:28,325 - INFO - Extracción exitosa.
2026-07-14 10:51:28,326 - INFO - Iniciando transformación de datos...
2026-07-14 10:51:28,329 - INFO - Transformación completada (5 registros procesados).
2026-07-14 10:51:28,329 - INFO - Iniciando carga en la base de datos crypto_data.db...
2026-07-14 10:51:28,334 - INFO - Carga exitosa. Datos persistidos.
2026-07-14 12:18:45,145 - INFO - Iniciando extracción (Intento 1/3)...
2026-07-14 12:18:45,342 - INFO - Extracción exitosa.
2026-07-14 12:18:45,343 - INFO - Iniciando transformación de datos...
2026-07-14 12:18:45,346 - INFO - Transformación completada (5 registros procesados).
2026-07-14 12:18:45,346 - INFO - Iniciando carga en la base de datos crypto_data.db...
2026-07-14 12:18:45,352 - INFO - Carga exitosa. Datos persistidos.
2026-07-14 14:58:20,244 - INFO - Iniciando extracción (Intento 1/3)...
2026-07-14 14:58:20,402 - INFO - Extracción exitosa.
2026-07-14 14:58:20,403 - INFO - Iniciando transformación de datos...
2026-07-14 14:58:20,406 - INFO - Transformación completada (5 registros procesados).
2026-07-14 14:58:20,406 - INFO - Iniciando carga en la base de datos crypto_data.db...
2026-07-14 14:58:20,412 - INFO - Carga exitosa. Datos persistidos.
2026-07-14 16:22:21,112 - INFO - Iniciando extracción (Intento 1/3)...
2026-07-14 16:22:21,340 - INFO - Extracción exitosa.
2026-07-14 16:22:21,341 - INFO - Iniciando transformación de datos...
2026-07-14 16:22:21,344 - INFO - Transformación completada (5 registros procesados).
2026-07-14 16:22:21,345 - INFO - Iniciando carga en la base de datos crypto_data.db...
2026-07-14 16:22:21,349 - INFO - Carga exitosa. Datos persistidos.
2026-07-14 20:17:20,598 - INFO - Iniciando extracción (Intento 1/3)...
2026-07-14 20:17:20,748 - INFO - Extracción exitosa.
2026-07-14 20:17:20,749 - INFO - Iniciando transformación de datos...
2026-07-14 20:17:20,752 - INFO - Transformación completada (5 registros procesados).
2026-07-14 20:17:20,752 - INFO - Iniciando carga en la base de datos crypto_data.db...
2026-07-14 20:17:20,756 - INFO - Carga exitosa. Datos persistidos.
2026-07-14 22:03:45,482 - INFO - Iniciando extracción (Intento 1/3)...
2026-07-14 22:03:45,637 - INFO - Extracción exitosa.
2026-07-14 22:03:45,638 - INFO - Iniciando transformación de datos...
2026-07-14 22:03:45,642 - INFO - Transformación completada (5 registros procesados).
2026-07-14 22:03:45,642 - INFO - Iniciando carga en la base de datos crypto_data.db...
2026-07-14 22:03:45,647 - INFO - Carga exitosa. Datos persistidos.
2026-07-14 23:57:01,967 - INFO - Iniciando extracción (Intento 1/3)...
2026-07-14 23:57:02,117 - INFO - Extracción exitosa.
2026-07-14 23:57:02,118 - INFO - Iniciando transformación de datos...
2026-07-14 23:57:02,121 - INFO - Transformación completada (5 registros procesados).
2026-07-14 23:57:02,121 - INFO - Iniciando carga en la base de datos crypto_data.db...
2026-07-14 23:57:02,126 - INFO - Carga exitosa. Datos persistidos.
2026-07-15 03:20:37,664 - INFO - Iniciando extracción (Intento 1/3)...
2026-07-15 03:20:37,807 - INFO - Extracción exitosa.
2026-07-15 03:20:37,808 - INFO - Iniciando transformación de datos...
2026-07-15 03:20:37,811 - INFO - Transformación completada (5 registros procesados).
2026-07-15 03:20:37,811 - INFO - Iniciando carga en la base de datos crypto_data.db...
2026-07-15 03:20:37,816 - INFO - Carga exitosa. Datos persistidos.
2026-07-15 06:20:52,218 - INFO - Iniciando extracción (Intento 1/3)...
2026-07-15 06:20:52,366 - INFO - Extracción exitosa.
2026-07-15 06:20:52,367 - INFO - Iniciando transformación de datos...
2026-07-15 06:20:52,370 - INFO - Transformación completada (5 registros procesados).
2026-07-15 06:20:52,370 - INFO - Iniciando carga en la base de datos crypto_data.db...
2026-07-15 06:20:52,375 - INFO - Carga exitosa. Datos persistidos.
2026-07-15 09:13:11,645 - INFO - Iniciando extracción (Intento 1/3)...
2026-07-15 09:13:11,796 - INFO - Extracción exitosa.
2026-07-15 09:13:11,797 - INFO - Iniciando transformación de datos...
2026-07-15 09:13:11,800 - INFO - Transformación completada (5 registros procesados).
2026-07-15 09:13:11,800 - INFO - Iniciando carga en la base de datos crypto_data.db...
2026-07-15 09:13:11,804 - INFO - Carga exitosa. Datos persistidos.
2026-07-15 11:39:28,083 - INFO - Iniciando extracción (Intento 1/3)...
2026-07-15 11:39:28,232 - INFO - Extracción exitosa.
2026-07-15 11:39:28,233 - INFO - Iniciando transformación de datos...
2026-07-15 11:39:28,236 - INFO - Transformación completada (5 registros procesados).
2026-07-15 11:39:28,236 - INFO - Iniciando carga en la base de datos crypto_data.db...
2026-07-15 11:39:28,240 - INFO - Carga exitosa. Datos persistidos.
2026-07-15 13:55:31,003 - INFO - Iniciando extracción (Intento 1/3)...
2026-07-15 13:55:31,198 - INFO - Extracción exitosa.
2026-07-15 13:55:31,199 - INFO - Iniciando transformación de datos...
2026-07-15 13:55:31,202 - INFO - Transformación completada (5 registros procesados).
2026-07-15 13:55:31,202 - INFO - Iniciando carga en la base de datos crypto_data.db...
2026-07-15 13:55:31,207 - INFO - Carga exitosa. Datos persistidos.
2026-07-15 15:38:24,455 - INFO - Iniciando extracción (Intento 1/3)...
2026-07-15 15:38:24,582 - INFO - Extracción exitosa.
2026-07-15 15:38:24,583 - INFO - Iniciando transformación de datos...
2026-07-15 15:38:24,586 - INFO - Transformación completada (5 registros procesados).
2026-07-15 15:38:24,586 - INFO - Iniciando carga en la base de datos crypto_data.db...
2026-07-15 15:38:24,591 - INFO - Carga exitosa. Datos persistidos.
2026-07-15 17:22:47,047 - INFO - Iniciando extracción (Intento 1/3)...
2026-07-15 17:22:47,172 - INFO - Extracción exitosa.
2026-07-15 17:22:47,173 - INFO - Iniciando transformación de datos...
2026-07-15 17:22:47,176 - INFO - Transformación completada (5 registros procesados).
2026-07-15 17:22:47,176 - INFO - Iniciando carga en la base de datos crypto_data.db...
2026-07-15 17:22:47,180 - INFO - Carga exitosa. Datos persistidos.
2026-07-15 19:20:27,507 - INFO - Iniciando extracción (Intento 1/3)...
2026-07-15 19:20:27,657 - INFO - Extracción exitosa.
2026-07-15 19:20:27,659 - INFO - Iniciando transformación de datos...
2026-07-15 19:20:27,662 - INFO - Transformación completada (5 registros procesados).
2026-07-15 19:20:27,662 - INFO - Iniciando carga en la base de datos crypto_data.db...
2026-07-15 19:20:27,665 - INFO - Carga exitosa. Datos persistidos.
2026-07-15 21:05:58,908 - INFO - Iniciando extracción (Intento 1/3)...
2026-07-15 21:05:59,077 - INFO - Extracción exitosa.
2026-07-15 21:05:59,078 - INFO - Iniciando transformación de datos...
2026-07-15 21:05:59,081 - INFO - Transformación completada (5 registros procesados).
2026-07-15 21:05:59,081 - INFO - Iniciando carga en la base de datos crypto_data.db...
2026-07-15 21:05:59,086 - INFO - Carga exitosa. Datos persistidos.
2026-07-15 23:02:14,952 - INFO - Iniciando extracción (Intento 1/3)...
2026-07-15 23:02:15,119 - INFO - Extracción exitosa.
2026-07-15 23:02:15,121 - INFO - Iniciando transformación de datos...
2026-07-15 23:02:15,124 - INFO - Transformación completada (5 registros procesados).
2026-07-15 23:02:15,124 - INFO - Iniciando carga en la base de datos crypto_data.db...
2026-07-15 23:02:15,128 - INFO - Carga exitosa. Datos persistidos.
2026-07-16 03:16:14,898 - INFO - Iniciando extracción (Intento 1/3)...
2026-07-16 03:16:15,073 - INFO - Extracción exitosa.
2026-07-16 03:16:15,074 - INFO - Iniciando transformación de datos...
2026-07-16 03:16:15,076 - INFO - Transformación completada (5 registros procesados).
2026-07-16 03:16:15,076 - INFO - Iniciando carga en la base de datos crypto_data.db...
2026-07-16 03:16:15,081 - INFO - Carga exitosa. Datos persistidos.
2026-07-16 06:24:14,311 - INFO - Iniciando extracción (Intento 1/3)...
2026-07-16 06:24:14,454 - INFO - Extracción exitosa.
2026-07-16 06:24:14,455 - INFO - Iniciando transformación de datos...
2026-07-16 06:24:14,458 - INFO - Transformación completada (5 registros procesados).
2026-07-16 06:24:14,459 - INFO - Iniciando carga en la base de datos crypto_data.db...
2026-07-16 06:24:14,463 - INFO - Carga exitosa. Datos persistidos.
2026-07-16 09:19:20,967 - INFO - Iniciando extracción (Intento 1/3)...
2026-07-16 09:19:21,107 - INFO - Extracción exitosa.
2026-07-16 09:19:21,108 - INFO - Iniciando transformación de datos...
2026-07-16 09:19:21,111 - INFO - Transformación completada (5 registros procesados).
2026-07-16 09:19:21,111 - INFO - Iniciando carga en la base de datos crypto_data.db...
2026-07-16 09:19:21,119 - INFO - Carga exitosa. Datos persistidos.
2026-07-16 11:44:45,752 - INFO - Iniciando extracción (Intento 1/3)...
2026-07-16 11:44:45,904 - INFO - Extracción exitosa.
2026-07-16 11:44:45,906 - INFO - Iniciando transformación de datos...
2026-07-16 11:44:45,909 - INFO - Transformación completada (5 registros procesados).
2026-07-16 11:44:45,909 - INFO - Iniciando carga en la base de datos crypto_data.db...
2026-07-16 11:44:45,913 - INFO - Carga exitosa. Datos persistidos.
2026-07-16 14:07:28,569 - INFO - Iniciando extracción (Intento 1/3)...
2026-07-16 14:07:28,732 - INFO - Extracción exitosa.
2026-07-16 14:07:28,734 - INFO - Iniciando transformación de datos...
2026-07-16 14:07:28,737 - INFO - Transformación completada (5 registros procesados).
2026-07-16 14:07:28,737 - INFO - Iniciando carga en la base de datos crypto_data.db...
2026-07-16 14:07:28,742 - INFO - Carga exitosa. Datos persistidos.
2026-07-16 16:21:38,061 - INFO - Iniciando extracción (Intento 1/3)...
2026-07-16 16:21:38,307 - INFO - Extracción exitosa.
2026-07-16 16:21:38,309 - INFO - Iniciando transformación de datos...
2026-07-16 16:21:38,312 - INFO - Transformación completada (5 registros procesados).
2026-07-16 16:21:38,312 - INFO - Iniciando carga en la base de datos crypto_data.db...
2026-07-16 16:21:38,317 - INFO - Carga exitosa. Datos persistidos.
2026-07-16 18:10:32,592 - INFO - Iniciando extracción (Intento 1/3)...
2026-07-16 18:10:32,744 - INFO - Extracción exitosa.
2026-07-16 18:10:32,745 - INFO - Iniciando transformación de datos...
2026-07-16 18:10:32,748 - INFO - Transformación completada (5 registros procesados).
2026-07-16 18:10:32,748 - INFO - Iniciando carga en la base de datos crypto_data.db...
2026-07-16 18:10:32,753 - INFO - Carga exitosa. Datos persistidos.
2026-07-16 20:05:14,962 - INFO - Iniciando extracción (Intento 1/3)...
2026-07-16 20:05:15,068 - INFO - Extracción exitosa.
2026-07-16 20:05:15,070 - INFO - Iniciando transformación de datos...
2026-07-16 20:05:15,073 - INFO - Transformación completada (5 registros procesados).
2026-07-16 20:05:15,073 - INFO - Iniciando carga en la base de datos crypto_data.db...
2026-07-16 20:05:15,078 - INFO - Carga exitosa. Datos persistidos.
2026-07-16 22:07:32,694 - INFO - Iniciando extracción (Intento 1/3)...
2026-07-16 22:07:32,840 - INFO - Extracción exitosa.
2026-07-16 22:07:32,840 - INFO - Iniciando transformación de datos...
2026-07-16 22:07:32,843 - INFO - Transformación completada (5 registros procesados).
2026-07-16 22:07:32,843 - INFO - Iniciando carga en la base de datos crypto_data.db...
2026-07-16 22:07:32,848 - INFO - Carga exitosa. Datos persistidos.
